time_s,sample_time,file_offset,c0_address,mapped_address,channel,register,data,same_wait_order_all,same_wait_order_selected,current_frac,current_low,current_high,current_16_8,loop_low,loop_high,loop_16,end,delta,volume_l,volume_r,control,bank,full_rom_address,type80_block,payload_index,enabled,audible,start_retrigger
85.396440,3765983,0x0576B9,0x0010,0x10,2,cur_low,0x06,0,0,0x06,0x00,0x00,0x000006,0x00,0x00,0x0000,0x0C,0x80,0x3F,0x3F,0x02,0x00000,0x000000,0,0x00000,1,1,
85.396463,3765984,0x0576BE,0x0012,0x12,2,vol_l,0x01,0,0,0x06,0x00,0x00,0x000006,0x00,0x00,0x0000,0x0C,0x80,0x01,0x3F,0x02,0x00000,0x000000,0,0x00000,1,1,
85.396463,3765984,0x0576C2,0x0013,0x13,2,vol_r,0x1E,1,1,0x06,0x00,0x00,0x000006,0x00,0x00,0x0000,0x0C,0x80,0x01,0x1E,0x02,0x00000,0x000000,0,0x00000,1,1,
85.396485,3765985,0x0576C7,0x0014,0x14,2,loop_mid,0x00,0,0,0x06,0x00,0x00,0x000006,0x00,0x00,0x0000,0x0C,0x80,0x01,0x1E,0x02,0x00000,0x000000,0,0x00000,1,1,
85.396485,3765985,0x0576CB,0x0094,0x94,2,cur_mid,0x00,1,1,0x06,0x00,0x00,0x000006,0x00,0x00,0x0000,0x0C,0x80,0x01,0x1E,0x02,0x00000,0x000000,0,0x00000,1,1,current_low_write
85.396508,3765986,0x0576D0,0x0015,0x15,2,loop_high,0xD9,0,0,0x06,0x00,0x00,0x000006,0x00,0xD9,0xD900,0x0C,0x80,0x01,0x1E,0x02,0x00000,0x000000,0,0x00000,1,1,
85.396508,3765986,0x0576D4,0x0095,0x95,2,cur_high,0xD9,1,1,0x06,0x00,0xD9,0xD90006,0x00,0xD9,0xD900,0x0C,0x80,0x01,0x1E,0x02,0x00000,0x00D900,1,0x07500,1,1,current_pair_complete
85.396508,3765986,0x0576D8,0x0016,0x16,2,end,0xE9,2,2,0x06,0x00,0xD9,0xD90006,0x00,0xD9,0xD900,0xE9,0x80,0x01,0x1E,0x02,0x00000,0x00D900,1,0x07500,1,1,
85.396531,3765987,0x0576DD,0x0096,0x96,2,ctrl,0x02,0,0,0x06,0x00,0xD9,0xD90006,0x00,0xD9,0xD900,0xE9,0x80,0x01,0x1E,0x02,0x00000,0x00D900,1,0x07500,1,1,retrigger_commit
85.533628,3772033,0x05789E,0x0014,0x14,2,loop_mid,0x00,0,0,0x06,0x00,0xD9,0xD90006,0x00,0xD9,0xD900,0xE9,0x80,0x01,0x1E,0x02,0x00000,0x00D900,1,0x07500,1,1,
85.533628,3772033,0x0578A2,0x0094,0x94,2,cur_mid,0x00,1,1,0x06,0x00,0xD9,0xD90006,0x00,0xD9,0xD900,0xE9,0x80,0x01,0x1E,0x02,0x00000,0x00D900,1,0x07500,1,1,current_low_write
85.533628,3772033,0x0578A6,0x0015,0x15,2,loop_high,0xD9,2,2,0x06,0x00,0xD9,0xD90006,0x00,0xD9,0xD900,0xE9,0x80,0x01,0x1E,0x02,0x00000,0x00D900,1,0x07500,1,1,
85.533628,3772033,0x0578AA,0x0095,0x95,2,cur_high,0xD9,3,3,0x06,0x00,0xD9,0xD90006,0x00,0xD9,0xD900,0xE9,0x80,0x01,0x1E,0x02,0x00000,0x00D900,1,0x07500,1,1,current_pair_complete
85.533673,3772035,0x0578AF,0x0096,0x96,2,ctrl,0x02,0,0,0x06,0x00,0xD9,0xD90006,0x00,0xD9,0xD900,0xE9,0x80,0x01,0x1E,0x02,0x00000,0x00D900,1,0x07500,1,1,retrigger_commit
86.100295,3797023,0x058315,0x0010,0x10,2,cur_low,0x02,0,0,0x02,0x00,0xD9,0xD90002,0x00,0xD9,0xD900,0xE9,0x80,0x01,0x1E,0x02,0x00000,0x00D900,1,0x07500,1,1,
86.100317,3797024,0x05831A,0x0012,0x12,2,vol_l,0x00,0,0,0x02,0x00,0xD9,0xD90002,0x00,0xD9,0xD900,0xE9,0x80,0x00,0x1E,0x02,0x00000,0x00D900,1,0x07500,1,1,
86.100340,3797025,0x05831F,0x0013,0x13,2,vol_r,0x00,0,0,0x02,0x00,0xD9,0xD90002,0x00,0xD9,0xD900,0xE9,0x80,0x00,0x00,0x02,0x00000,0x00D900,1,0x07500,1,0,
86.100340,3797025,0x058323,0x0014,0x14,2,loop_mid,0x00,1,1,0x02,0x00,0xD9,0xD90002,0x00,0xD9,0xD900,0xE9,0x80,0x00,0x00,0x02,0x00000,0x00D900,1,0x07500,1,0,
86.100363,3797026,0x058328,0x0094,0x94,2,cur_mid,0x00,0,0,0x02,0x00,0xD9,0xD90002,0x00,0xD9,0xD900,0xE9,0x80,0x00,0x00,0x02,0x00000,0x00D900,1,0x07500,1,0,current_low_write
86.100363,3797026,0x05832C,0x0015,0x15,2,loop_high,0x0D,1,1,0x02,0x00,0xD9,0xD90002,0x00,0x0D,0x0D00,0xE9,0x80,0x00,0x00,0x02,0x00000,0x00D900,1,0x07500,1,0,
86.100363,3797026,0x058330,0x0095,0x95,2,cur_high,0x0D,2,2,0x02,0x00,0x0D,0x0D0002,0x00,0x0D,0x0D00,0xE9,0x80,0x00,0x00,0x02,0x00000,0x000D00,0,0x00D00,1,0,current_pair_complete
86.100385,3797027,0x058335,0x0016,0x16,2,end,0x24,0,0,0x02,0x00,0x0D,0x0D0002,0x00,0x0D,0x0D00,0x24,0x80,0x00,0x00,0x02,0x00000,0x000D00,0,0x00D00,1,0,
86.100385,3797027,0x058339,0x0096,0x96,2,ctrl,0x02,1,1,0x02,0x00,0x0D,0x0D0002,0x00,0x0D,0x0D00,0x24,0x80,0x00,0x00,0x02,0x00000,0x000D00,0,0x00D00,1,0,control_active
86.117415,3797778,0x058351,0x0014,0x14,2,loop_mid,0x00,0,0,0x02,0x00,0x0D,0x0D0002,0x00,0x0D,0x0D00,0x24,0x80,0x00,0x00,0x02,0x00000,0x000D00,0,0x00D00,1,0,
86.117415,3797778,0x058355,0x0094,0x94,2,cur_mid,0x00,1,1,0x02,0x00,0x0D,0x0D0002,0x00,0x0D,0x0D00,0x24,0x80,0x00,0x00,0x02,0x00000,0x000D00,0,0x00D00,1,0,current_low_write
86.117438,3797779,0x05835A,0x0015,0x15,2,loop_high,0x0D,0,0,0x02,0x00,0x0D,0x0D0002,0x00,0x0D,0x0D00,0x24,0x80,0x00,0x00,0x02,0x00000,0x000D00,0,0x00D00,1,0,
86.117438,3797779,0x05835E,0x0095,0x95,2,cur_high,0x0D,1,1,0x02,0x00,0x0D,0x0D0002,0x00,0x0D,0x0D00,0x24,0x80,0x00,0x00,0x02,0x00000,0x000D00,0,0x00D00,1,0,current_pair_complete
86.117460,3797780,0x058363,0x0096,0x96,2,ctrl,0x02,0,0,0x02,0x00,0x0D,0x0D0002,0x00,0x0D,0x0D00,0x24,0x80,0x00,0x00,0x02,0x00000,0x000D00,0,0x00D00,1,0,control_active
86.134558,3798534,0x05836A,0x0014,0x14,2,loop_mid,0x00,0,0,0x02,0x00,0x0D,0x0D0002,0x00,0x0D,0x0D00,0x24,0x80,0x00,0x00,0x02,0x00000,0x000D00,0,0x00D00,1,0,
86.134558,3798534,0x05836E,0x0094,0x94,2,cur_mid,0x00,1,1,0x02,0x00,0x0D,0x0D0002,0x00,0x0D,0x0D00,0x24,0x80,0x00,0x00,0x02,0x00000,0x000D00,0,0x00D00,1,0,current_low_write
86.134580,3798535,0x058373,0x0015,0x15,2,loop_high,0x0D,0,0,0x02,0x00,0x0D,0x0D0002,0x00,0x0D,0x0D00,0x24,0x80,0x00,0x00,0x02,0x00000,0x000D00,0,0x00D00,1,0,
86.134580,3798535,0x058377,0x0095,0x95,2,cur_high,0x0D,1,1,0x02,0x00,0x0D,0x0D0002,0x00,0x0D,0x0D00,0x24,0x80,0x00,0x00,0x02,0x00000,0x000D00,0,0x00D00,1,0,current_pair_complete
86.134603,3798536,0x05837C,0x0096,0x96,2,ctrl,0x02,0,0,0x02,0x00,0x0D,0x0D0002,0x00,0x0D,0x0D00,0x24,0x80,0x00,0x00,0x02,0x00000,0x000D00,0,0x00D00,1,0,control_active
86.151723,3799291,0x058383,0x0014,0x14,2,loop_mid,0x00,0,0,0x02,0x00,0x0D,0x0D0002,0x00,0x0D,0x0D00,0x24,0x80,0x00,0x00,0x02,0x00000,0x000D00,0,0x00D00,1,0,
86.151723,3799291,0x058387,0x0094,0x94,2,cur_mid,0x00,1,1,0x02,0x00,0x0D,0x0D0002,0x00,0x0D,0x0D00,0x24,0x80,0x00,0x00,0x02,0x00000,0x000D00,0,0x00D00,1,0,current_low_write
86.151746,3799292,0x05838C,0x0015,0x15,2,loop_high,0x0D,0,0,0x02,0x00,0x0D,0x0D0002,0x00,0x0D,0x0D00,0x24,0x80,0x00,0x00,0x02,0x00000,0x000D00,0,0x00D00,1,0,
86.151746,3799292,0x058390,0x0095,0x95,2,cur_high,0x0D,1,1,0x02,0x00,0x0D,0x0D0002,0x00,0x0D,0x0D00,0x24,0x80,0x00,0x00,0x02,0x00000,0x000D00,0,0x00D00,1,0,current_pair_complete
86.151769,3799293,0x058395,0x0096,0x96,2,ctrl,0x02,0,0,0x02,0x00,0x0D,0x0D0002,0x00,0x0D,0x0D00,0x24,0x80,0x00,0x00,0x02,0x00000,0x000D00,0,0x00D00,1,0,control_active
86.168866,3800047,0x05839C,0x0014,0x14,2,loop_mid,0x00,0,0,0x02,0x00,0x0D,0x0D0002,0x00,0x0D,0x0D00,0x24,0x80,0x00,0x00,0x02,0x00000,0x000D00,0,0x00D00,1,0,
86.168866,3800047,0x0583A0,0x0094,0x94,2,cur_mid,0x00,1,1,0x02,0x00,0x0D,0x0D0002,0x00,0x0D,0x0D00,0x24,0x80,0x00,0x00,0x02,0x00000,0x000D00,0,0x00D00,1,0,current_low_write
86.168889,3800048,0x0583A5,0x0015,0x15,2,loop_high,0x0D,0,0,0x02,0x00,0x0D,0x0D0002,0x00,0x0D,0x0D00,0x24,0x80,0x00,0x00,0x02,0x00000,0x000D00,0,0x00D00,1,0,
86.168889,3800048,0x0583A9,0x0095,0x95,2,cur_high,0x0D,1,1,0x02,0x00,0x0D,0x0D0002,0x00,0x0D,0x0D00,0x24,0x80,0x00,0x00,0x02,0x00000,0x000D00,0,0x00D00,1,0,current_pair_complete
86.168912,3800049,0x0583AE,0x0096,0x96,2,ctrl,0x02,0,0,0x02,0x00,0x0D,0x0D0002,0x00,0x0D,0x0D00,0x24,0x80,0x00,0x00,0x02,0x00000,0x000D00,0,0x00D00,1,0,control_active
86.186032,3800804,0x0583B5,0x0014,0x14,2,loop_mid,0x00,0,0,0x02,0x00,0x0D,0x0D0002,0x00,0x0D,0x0D00,0x24,0x80,0x00,0x00,0x02,0x00000,0x000D00,0,0x00D00,1,0,
86.186032,3800804,0x0583B9,0x0094,0x94,2,cur_mid,0x00,1,1,0x02,0x00,0x0D,0x0D0002,0x00,0x0D,0x0D00,0x24,0x80,0x00,0x00,0x02,0x00000,0x000D00,0,0x00D00,1,0,current_low_write
86.186054,3800805,0x0583BE,0x0015,0x15,2,loop_high,0x0D,0,0,0x02,0x00,0x0D,0x0D0002,0x00,0x0D,0x0D00,0x24,0x80,0x00,0x00,0x02,0x00000,0x000D00,0,0x00D00,1,0,
86.186054,3800805,0x0583C2,0x0095,0x95,2,cur_high,0x0D,1,1,0x02,0x00,0x0D,0x0D0002,0x00,0x0D,0x0D00,0x24,0x80,0x00,0x00,0x02,0x00000,0x000D00,0,0x00D00,1,0,current_pair_complete
86.186077,3800806,0x0583C7,0x0096,0x96,2,ctrl,0x02,0,0,0x02,0x00,0x0D,0x0D0002,0x00,0x0D,0x0D00,0x24,0x80,0x00,0x00,0x02,0x00000,0x000D00,0,0x00D00,1,0,control_active
86.203175,3801560,0x0583CE,0x0014,0x14,2,loop_mid,0x00,0,0,0x02,0x00,0x0D,0x0D0002,0x00,0x0D,0x0D00,0x24,0x80,0x00,0x00,0x02,0x00000,0x000D00,0,0x00D00,1,0,
86.203175,3801560,0x0583D2,0x0094,0x94,2,cur_mid,0x00,1,1,0x02,0x00,0x0D,0x0D0002,0x00,0x0D,0x0D00,0x24,0x80,0x00,0x00,0x02,0x00000,0x000D00,0,0x00D00,1,0,current_low_write
86.203197,3801561,0x0583D7,0x0015,0x15,2,loop_high,0x0D,0,0,0x02,0x00,0x0D,0x0D0002,0x00,0x0D,0x0D00,0x24,0x80,0x00,0x00,0x02,0x00000,0x000D00,0,0x00D00,1,0,
86.203197,3801561,0x0583DB,0x0095,0x95,2,cur_high,0x0D,1,1,0x02,0x00,0x0D,0x0D0002,0x00,0x0D,0x0D00,0x24,0x80,0x00,0x00,0x02,0x00000,0x000D00,0,0x00D00,1,0,current_pair_complete
86.203220,3801562,0x0583E0,0x0096,0x96,2,ctrl,0x02,0,0,0x02,0x00,0x0D,0x0D0002,0x00,0x0D,0x0D00,0x24,0x80,0x00,0x00,0x02,0x00000,0x000D00,0,0x00D00,1,0,control_active
86.220658,3802331,0x058439,0x0014,0x14,2,loop_mid,0x00,0,0,0x02,0x00,0x0D,0x0D0002,0x00,0x0D,0x0D00,0x24,0x80,0x00,0x00,0x02,0x00000,0x000D00,0,0x00D00,1,0,
86.220658,3802331,0x05843D,0x0094,0x94,2,cur_mid,0x00,1,1,0x02,0x00,0x0D,0x0D0002,0x00,0x0D,0x0D00,0x24,0x80,0x00,0x00,0x02,0x00000,0x000D00,0,0x00D00,1,0,current_low_write
86.220680,3802332,0x058442,0x0015,0x15,2,loop_high,0x0D,0,0,0x02,0x00,0x0D,0x0D0002,0x00,0x0D,0x0D00,0x24,0x80,0x00,0x00,0x02,0x00000,0x000D00,0,0x00D00,1,0,
86.220680,3802332,0x058446,0x0095,0x95,2,cur_high,0x0D,1,1,0x02,0x00,0x0D,0x0D0002,0x00,0x0D,0x0D00,0x24,0x80,0x00,0x00,0x02,0x00000,0x000D00,0,0x00D00,1,0,current_pair_complete
86.220703,3802333,0x05844B,0x0096,0x96,2,ctrl,0x02,0,0,0x02,0x00,0x0D,0x0D0002,0x00,0x0D,0x0D00,0x24,0x80,0x00,0x00,0x02,0x00000,0x000D00,0,0x00D00,1,0,control_active
86.237483,3803073,0x05846A,0x0014,0x14,2,loop_mid,0x00,0,0,0x02,0x00,0x0D,0x0D0002,0x00,0x0D,0x0D00,0x24,0x80,0x00,0x00,0x02,0x00000,0x000D00,0,0x00D00,1,0,
86.237483,3803073,0x05846E,0x0094,0x94,2,cur_mid,0x00,1,1,0x02,0x00,0x0D,0x0D0002,0x00,0x0D,0x0D00,0x24,0x80,0x00,0x00,0x02,0x00000,0x000D00,0,0x00D00,1,0,current_low_write
86.237506,3803074,0x058473,0x0015,0x15,2,loop_high,0x0D,0,0,0x02,0x00,0x0D,0x0D0002,0x00,0x0D,0x0D00,0x24,0x80,0x00,0x00,0x02,0x00000,0x000D00,0,0x00D00,1,0,
86.237506,3803074,0x058477,0x0095,0x95,2,cur_high,0x0D,1,1,0x02,0x00,0x0D,0x0D0002,0x00,0x0D,0x0D00,0x24,0x80,0x00,0x00,0x02,0x00000,0x000D00,0,0x00D00,1,0,current_pair_complete
86.237528,3803075,0x05847C,0x0096,0x96,2,ctrl,0x02,0,0,0x02,0x00,0x0D,0x0D0002,0x00,0x0D,0x0D00,0x24,0x80,0x00,0x00,0x02,0x00000,0x000D00,0,0x00D00,1,0,control_active
86.254626,3803829,0x058483,0x0014,0x14,2,loop_mid,0x00,0,0,0x02,0x00,0x0D,0x0D0002,0x00,0x0D,0x0D00,0x24,0x80,0x00,0x00,0x02,0x00000,0x000D00,0,0x00D00,1,0,
86.254626,3803829,0x058487,0x0094,0x94,2,cur_mid,0x00,1,1,0x02,0x00,0x0D,0x0D0002,0x00,0x0D,0x0D00,0x24,0x80,0x00,0x00,0x02,0x00000,0x000D00,0,0x00D00,1,0,current_low_write
86.254649,3803830,0x05848C,0x0015,0x15,2,loop_high,0x0D,0,0,0x02,0x00,0x0D,0x0D0002,0x00,0x0D,0x0D00,0x24,0x80,0x00,0x00,0x02,0x00000,0x000D00,0,0x00D00,1,0,
86.254649,3803830,0x058490,0x0095,0x95,2,cur_high,0x0D,1,1,0x02,0x00,0x0D,0x0D0002,0x00,0x0D,0x0D00,0x24,0x80,0x00,0x00,0x02,0x00000,0x000D00,0,0x00D00,1,0,current_pair_complete
86.254671,3803831,0x058495,0x0096,0x96,2,ctrl,0x02,0,0,0x02,0x00,0x0D,0x0D0002,0x00,0x0D,0x0D00,0x24,0x80,0x00,0x00,0x02,0x00000,0x000D00,0,0x00D00,1,0,control_active
86.271791,3804586,0x05849C,0x0014,0x14,2,loop_mid,0x00,0,0,0x02,0x00,0x0D,0x0D0002,0x00,0x0D,0x0D00,0x24,0x80,0x00,0x00,0x02,0x00000,0x000D00,0,0x00D00,1,0,
86.271791,3804586,0x0584A0,0x0094,0x94,2,cur_mid,0x00,1,1,0x02,0x00,0x0D,0x0D0002,0x00,0x0D,0x0D00,0x24,0x80,0x00,0x00,0x02,0x00000,0x000D00,0,0x00D00,1,0,current_low_write
86.271814,3804587,0x0584A5,0x0015,0x15,2,loop_high,0x0D,0,0,0x02,0x00,0x0D,0x0D0002,0x00,0x0D,0x0D00,0x24,0x80,0x00,0x00,0x02,0x00000,0x000D00,0,0x00D00,1,0,
86.271814,3804587,0x0584A9,0x0095,0x95,2,cur_high,0x0D,1,1,0x02,0x00,0x0D,0x0D0002,0x00,0x0D,0x0D00,0x24,0x80,0x00,0x00,0x02,0x00000,0x000D00,0,0x00D00,1,0,current_pair_complete
86.271837,3804588,0x0584AE,0x0096,0x96,2,ctrl,0x02,0,0,0x02,0x00,0x0D,0x0D0002,0x00,0x0D,0x0D00,0x24,0x80,0x00,0x00,0x02,0x00000,0x000D00,0,0x00D00,1,0,control_active
86.288934,3805342,0x0584B5,0x0014,0x14,2,loop_mid,0x00,0,0,0x02,0x00,0x0D,0x0D0002,0x00,0x0D,0x0D00,0x24,0x80,0x00,0x00,0x02,0x00000,0x000D00,0,0x00D00,1,0,
86.288934,3805342,0x0584B9,0x0094,0x94,2,cur_mid,0x00,1,1,0x02,0x00,0x0D,0x0D0002,0x00,0x0D,0x0D00,0x24,0x80,0x00,0x00,0x02,0x00000,0x000D00,0,0x00D00,1,0,current_low_write
86.288957,3805343,0x0584BE,0x0015,0x15,2,loop_high,0x0D,0,0,0x02,0x00,0x0D,0x0D0002,0x00,0x0D,0x0D00,0x24,0x80,0x00,0x00,0x02,0x00000,0x000D00,0,0x00D00,1,0,
86.288957,3805343,0x0584C2,0x0095,0x95,2,cur_high,0x0D,1,1,0x02,0x00,0x0D,0x0D0002,0x00,0x0D,0x0D00,0x24,0x80,0x00,0x00,0x02,0x00000,0x000D00,0,0x00D00,1,0,current_pair_complete
86.288980,3805344,0x0584C7,0x0096,0x96,2,ctrl,0x02,0,0,0x02,0x00,0x0D,0x0D0002,0x00,0x0D,0x0D00,0x24,0x80,0x00,0x00,0x02,0x00000,0x000D00,0,0x00D00,1,0,control_active
86.306077,3806098,0x0584CE,0x0014,0x14,2,loop_mid,0x00,0,0,0x02,0x00,0x0D,0x0D0002,0x00,0x0D,0x0D00,0x24,0x80,0x00,0x00,0x02,0x00000,0x000D00,0,0x00D00,1,0,
86.306077,3806098,0x0584D2,0x0094,0x94,2,cur_mid,0x00,1,1,0x02,0x00,0x0D,0x0D0002,0x00,0x0D,0x0D00,0x24,0x80,0x00,0x00,0x02,0x00000,0x000D00,0,0x00D00,1,0,current_low_write
86.306100,3806099,0x0584D7,0x0015,0x15,2,loop_high,0x0D,0,0,0x02,0x00,0x0D,0x0D0002,0x00,0x0D,0x0D00,0x24,0x80,0x00,0x00,0x02,0x00000,0x000D00,0,0x00D00,1,0,
86.306100,3806099,0x0584DB,0x0095,0x95,2,cur_high,0x0D,1,1,0x02,0x00,0x0D,0x0D0002,0x00,0x0D,0x0D00,0x24,0x80,0x00,0x00,0x02,0x00000,0x000D00,0,0x00D00,1,0,current_pair_complete
86.306122,3806100,0x0584E0,0x0096,0x96,2,ctrl,0x02,0,0,0x02,0x00,0x0D,0x0D0002,0x00,0x0D,0x0D00,0x24,0x80,0x00,0x00,0x02,0x00000,0x000D00,0,0x00D00,1,0,control_active
86.323243,3806855,0x0584E7,0x0014,0x14,2,loop_mid,0x00,0,0,0x02,0x00,0x0D,0x0D0002,0x00,0x0D,0x0D00,0x24,0x80,0x00,0x00,0x02,0x00000,0x000D00,0,0x00D00,1,0,
86.323243,3806855,0x0584EB,0x0094,0x94,2,cur_mid,0x00,1,1,0x02,0x00,0x0D,0x0D0002,0x00,0x0D,0x0D00,0x24,0x80,0x00,0x00,0x02,0x00000,0x000D00,0,0x00D00,1,0,current_low_write
86.323265,3806856,0x0584F0,0x0015,0x15,2,loop_high,0x0D,0,0,0x02,0x00,0x0D,0x0D0002,0x00,0x0D,0x0D00,0x24,0x80,0x00,0x00,0x02,0x00000,0x000D00,0,0x00D00,1,0,
86.323265,3806856,0x0584F4,0x0095,0x95,2,cur_high,0x0D,1,1,0x02,0x00,0x0D,0x0D0002,0x00,0x0D,0x0D00,0x24,0x80,0x00,0x00,0x02,0x00000,0x000D00,0,0x00D00,1,0,current_pair_complete
86.323288,3806857,0x0584F9,0x0096,0x96,2,ctrl,0x02,0,0,0x02,0x00,0x0D,0x0D0002,0x00,0x0D,0x0D00,0x24,0x80,0x00,0x00,0x02,0x00000,0x000D00,0,0x00D00,1,0,control_active
86.340385,3807611,0x058500,0x0014,0x14,2,loop_mid,0x00,0,0,0x02,0x00,0x0D,0x0D0002,0x00,0x0D,0x0D00,0x24,0x80,0x00,0x00,0x02,0x00000,0x000D00,0,0x00D00,1,0,
86.340385,3807611,0x058504,0x0094,0x94,2,cur_mid,0x00,1,1,0x02,0x00,0x0D,0x0D0002,0x00,0x0D,0x0D00,0x24,0x80,0x00,0x00,0x02,0x00000,0x000D00,0,0x00D00,1,0,current_low_write
86.340408,3807612,0x058509,0x0015,0x15,2,loop_high,0x0D,0,0,0x02,0x00,0x0D,0x0D0002,0x00,0x0D,0x0D00,0x24,0x80,0x00,0x00,0x02,0x00000,0x000D00,0,0x00D00,1,0,
86.340408,3807612,0x05850D,0x0095,0x95,2,cur_high,0x0D,1,1,0x02,0x00,0x0D,0x0D0002,0x00,0x0D,0x0D00,0x24,0x80,0x00,0x00,0x02,0x00000,0x000D00,0,0x00D00,1,0,current_pair_complete
86.340431,3807613,0x058512,0x0096,0x96,2,ctrl,0x02,0,0,0x02,0x00,0x0D,0x0D0002,0x00,0x0D,0x0D00,0x24,0x80,0x00,0x00,0x02,0x00000,0x000D00,0,0x00D00,1,0,control_active
86.357574,3808369,0x05853B,0x0014,0x14,2,loop_mid,0x00,0,0,0x02,0x00,0x0D,0x0D0002,0x00,0x0D,0x0D00,0x24,0x80,0x00,0x00,0x02,0x00000,0x000D00,0,0x00D00,1,0,
86.357574,3808369,0x05853F,0x0094,0x94,2,cur_mid,0x00,1,1,0x02,0x00,0x0D,0x0D0002,0x00,0x0D,0x0D00,0x24,0x80,0x00,0x00,0x02,0x00000,0x000D00,0,0x00D00,1,0,current_low_write
86.357596,3808370,0x058544,0x0015,0x15,2,loop_high,0x0D,0,0,0x02,0x00,0x0D,0x0D0002,0x00,0x0D,0x0D00,0x24,0x80,0x00,0x00,0x02,0x00000,0x000D00,0,0x00D00,1,0,
86.357596,3808370,0x058548,0x0095,0x95,2,cur_high,0x0D,1,1,0x02,0x00,0x0D,0x0D0002,0x00,0x0D,0x0D00,0x24,0x80,0x00,0x00,0x02,0x00000,0x000D00,0,0x00D00,1,0,current_pair_complete
86.357619,3808371,0x05854D,0x0096,0x96,2,ctrl,0x02,0,0,0x02,0x00,0x0D,0x0D0002,0x00,0x0D,0x0D00,0x24,0x80,0x00,0x00,0x02,0x00000,0x000D00,0,0x00D00,1,0,control_active
86.374512,3809116,0x058553,0x0014,0x14,2,loop_mid,0x00,0,0,0x02,0x00,0x0D,0x0D0002,0x00,0x0D,0x0D00,0x24,0x80,0x00,0x00,0x02,0x00000,0x000D00,0,0x00D00,1,0,
86.374512,3809116,0x058557,0x0094,0x94,2,cur_mid,0x00,1,1,0x02,0x00,0x0D,0x0D0002,0x00,0x0D,0x0D00,0x24,0x80,0x00,0x00,0x02,0x00000,0x000D00,0,0x00D00,1,0,current_low_write
86.374535,3809117,0x05855C,0x0015,0x15,2,loop_high,0x0D,0,0,0x02,0x00,0x0D,0x0D0002,0x00,0x0D,0x0D00,0x24,0x80,0x00,0x00,0x02,0x00000,0x000D00,0,0x00D00,1,0,
86.374535,3809117,0x058560,0x0095,0x95,2,cur_high,0x0D,1,1,0x02,0x00,0x0D,0x0D0002,0x00,0x0D,0x0D00,0x24,0x80,0x00,0x00,0x02,0x00000,0x000D00,0,0x00D00,1,0,current_pair_complete
86.374558,3809118,0x058565,0x0096,0x96,2,ctrl,0x02,0,0,0x02,0x00,0x0D,0x0D0002,0x00,0x0D,0x0D00,0x24,0x80,0x00,0x00,0x02,0x00000,0x000D00,0,0x00D00,1,0,control_active
86.391655,3809872,0x05856C,0x0014,0x14,2,loop_mid,0x00,0,0,0x02,0x00,0x0D,0x0D0002,0x00,0x0D,0x0D00,0x24,0x80,0x00,0x00,0x02,0x00000,0x000D00,0,0x00D00,1,0,
86.391655,3809872,0x058570,0x0094,0x94,2,cur_mid,0x00,1,1,0x02,0x00,0x0D,0x0D0002,0x00,0x0D,0x0D00,0x24,0x80,0x00,0x00,0x02,0x00000,0x000D00,0,0x00D00,1,0,current_low_write
86.391678,3809873,0x058575,0x0015,0x15,2,loop_high,0x0D,0,0,0x02,0x00,0x0D,0x0D0002,0x00,0x0D,0x0D00,0x24,0x80,0x00,0x00,0x02,0x00000,0x000D00,0,0x00D00,1,0,
86.391678,3809873,0x058579,0x0095,0x95,2,cur_high,0x0D,1,1,0x02,0x00,0x0D,0x0D0002,0x00,0x0D,0x0D00,0x24,0x80,0x00,0x00,0x02,0x00000,0x000D00,0,0x00D00,1,0,current_pair_complete
86.391701,3809874,0x05857E,0x0096,0x96,2,ctrl,0x02,0,0,0x02,0x00,0x0D,0x0D0002,0x00,0x0D,0x0D00,0x24,0x80,0x00,0x00,0x02,0x00000,0x000D00,0,0x00D00,1,0,control_active
86.408821,3810629,0x058585,0x0014,0x14,2,loop_mid,0x00,0,0,0x02,0x00,0x0D,0x0D0002,0x00,0x0D,0x0D00,0x24,0x80,0x00,0x00,0x02,0x00000,0x000D00,0,0x00D00,1,0,
86.408821,3810629,0x058589,0x0094,0x94,2,cur_mid,0x00,1,1,0x02,0x00,0x0D,0x0D0002,0x00,0x0D,0x0D00,0x24,0x80,0x00,0x00,0x02,0x00000,0x000D00,0,0x00D00,1,0,current_low_write
86.408844,3810630,0x05858E,0x0015,0x15,2,loop_high,0x0D,0,0,0x02,0x00,0x0D,0x0D0002,0x00,0x0D,0x0D00,0x24,0x80,0x00,0x00,0x02,0x00000,0x000D00,0,0x00D00,1,0,
86.408844,3810630,0x058592,0x0095,0x95,2,cur_high,0x0D,1,1,0x02,0x00,0x0D,0x0D0002,0x00,0x0D,0x0D00,0x24,0x80,0x00,0x00,0x02,0x00000,0x000D00,0,0x00D00,1,0,current_pair_complete
86.408866,3810631,0x058597,0x0096,0x96,2,ctrl,0x02,0,0,0x02,0x00,0x0D,0x0D0002,0x00,0x0D,0x0D00,0x24,0x80,0x00,0x00,0x02,0x00000,0x000D00,0,0x00D00,1,0,control_active
86.425964,3811385,0x05859E,0x0014,0x14,2,loop_mid,0x00,0,0,0x02,0x00,0x0D,0x0D0002,0x00,0x0D,0x0D00,0x24,0x80,0x00,0x00,0x02,0x00000,0x000D00,0,0x00D00,1,0,
86.425964,3811385,0x0585A2,0x0094,0x94,2,cur_mid,0x00,1,1,0x02,0x00,0x0D,0x0D0002,0x00,0x0D,0x0D00,0x24,0x80,0x00,0x00,0x02,0x00000,0x000D00,0,0x00D00,1,0,current_low_write
86.425986,3811386,0x0585A7,0x0015,0x15,2,loop_high,0x0D,0,0,0x02,0x00,0x0D,0x0D0002,0x00,0x0D,0x0D00,0x24,0x80,0x00,0x00,0x02,0x00000,0x000D00,0,0x00D00,1,0,
86.425986,3811386,0x0585AB,0x0095,0x95,2,cur_high,0x0D,1,1,0x02,0x00,0x0D,0x0D0002,0x00,0x0D,0x0D00,0x24,0x80,0x00,0x00,0x02,0x00000,0x000D00,0,0x00D00,1,0,current_pair_complete
86.426009,3811387,0x0585B0,0x0096,0x96,2,ctrl,0x02,0,0,0x02,0x00,0x0D,0x0D0002,0x00,0x0D,0x0D00,0x24,0x80,0x00,0x00,0x02,0x00000,0x000D00,0,0x00D00,1,0,control_active
86.443129,3812142,0x0585B7,0x0014,0x14,2,loop_mid,0x00,0,0,0x02,0x00,0x0D,0x0D0002,0x00,0x0D,0x0D00,0x24,0x80,0x00,0x00,0x02,0x00000,0x000D00,0,0x00D00,1,0,
86.443129,3812142,0x0585BB,0x0094,0x94,2,cur_mid,0x00,1,1,0x02,0x00,0x0D,0x0D0002,0x00,0x0D,0x0D00,0x24,0x80,0x00,0x00,0x02,0x00000,0x000D00,0,0x00D00,1,0,current_low_write
86.443152,3812143,0x0585C0,0x0015,0x15,2,loop_high,0x0D,0,0,0x02,0x00,0x0D,0x0D0002,0x00,0x0D,0x0D00,0x24,0x80,0x00,0x00,0x02,0x00000,0x000D00,0,0x00D00,1,0,
86.443152,3812143,0x0585C4,0x0095,0x95,2,cur_high,0x0D,1,1,0x02,0x00,0x0D,0x0D0002,0x00,0x0D,0x0D00,0x24,0x80,0x00,0x00,0x02,0x00000,0x000D00,0,0x00D00,1,0,current_pair_complete
86.443175,3812144,0x0585C9,0x0096,0x96,2,ctrl,0x02,0,0,0x02,0x00,0x0D,0x0D0002,0x00,0x0D,0x0D00,0x24,0x80,0x00,0x00,0x02,0x00000,0x000D00,0,0x00D00,1,0,control_active
86.460272,3812898,0x0585D0,0x0014,0x14,2,loop_mid,0x00,0,0,0x02,0x00,0x0D,0x0D0002,0x00,0x0D,0x0D00,0x24,0x80,0x00,0x00,0x02,0x00000,0x000D00,0,0x00D00,1,0,
86.460272,3812898,0x0585D4,0x0094,0x94,2,cur_mid,0x00,1,1,0x02,0x00,0x0D,0x0D0002,0x00,0x0D,0x0D00,0x24,0x80,0x00,0x00,0x02,0x00000,0x000D00,0,0x00D00,1,0,current_low_write
86.460295,3812899,0x0585D9,0x0015,0x15,2,loop_high,0x0D,0,0,0x02,0x00,0x0D,0x0D0002,0x00,0x0D,0x0D00,0x24,0x80,0x00,0x00,0x02,0x00000,0x000D00,0,0x00D00,1,0,
86.460295,3812899,0x0585DD,0x0095,0x95,2,cur_high,0x0D,1,1,0x02,0x00,0x0D,0x0D0002,0x00,0x0D,0x0D00,0x24,0x80,0x00,0x00,0x02,0x00000,0x000D00,0,0x00D00,1,0,current_pair_complete
86.460317,3812900,0x0585E2,0x0096,0x96,2,ctrl,0x02,0,0,0x02,0x00,0x0D,0x0D0002,0x00,0x0D,0x0D00,0x24,0x80,0x00,0x00,0x02,0x00000,0x000D00,0,0x00D00,1,0,control_active
86.477415,3813654,0x0585E9,0x0014,0x14,2,loop_mid,0x00,0,0,0x02,0x00,0x0D,0x0D0002,0x00,0x0D,0x0D00,0x24,0x80,0x00,0x00,0x02,0x00000,0x000D00,0,0x00D00,1,0,
86.477415,3813654,0x0585ED,0x0094,0x94,2,cur_mid,0x00,1,1,0x02,0x00,0x0D,0x0D0002,0x00,0x0D,0x0D00,0x24,0x80,0x00,0x00,0x02,0x00000,0x000D00,0,0x00D00,1,0,current_low_write
86.477438,3813655,0x0585F2,0x0015,0x15,2,loop_high,0x0D,0,0,0x02,0x00,0x0D,0x0D0002,0x00,0x0D,0x0D00,0x24,0x80,0x00,0x00,0x02,0x00000,0x000D00,0,0x00D00,1,0,
86.477438,3813655,0x0585F6,0x0095,0x95,2,cur_high,0x0D,1,1,0x02,0x00,0x0D,0x0D0002,0x00,0x0D,0x0D00,0x24,0x80,0x00,0x00,0x02,0x00000,0x000D00,0,0x00D00,1,0,current_pair_complete
86.477460,3813656,0x0585FB,0x0096,0x96,2,ctrl,0x02,0,0,0x02,0x00,0x0D,0x0D0002,0x00,0x0D,0x0D00,0x24,0x80,0x00,0x00,0x02,0x00000,0x000D00,0,0x00D00,1,0,control_active
86.495034,3814431,0x05866F,0x0014,0x14,2,loop_mid,0x00,0,0,0x02,0x00,0x0D,0x0D0002,0x00,0x0D,0x0D00,0x24,0x80,0x00,0x00,0x02,0x00000,0x000D00,0,0x00D00,1,0,
86.495057,3814432,0x058674,0x0094,0x94,2,cur_mid,0x00,0,0,0x02,0x00,0x0D,0x0D0002,0x00,0x0D,0x0D00,0x24,0x80,0x00,0x00,0x02,0x00000,0x000D00,0,0x00D00,1,0,current_low_write
86.495057,3814432,0x058678,0x0015,0x15,2,loop_high,0x0D,1,1,0x02,0x00,0x0D,0x0D0002,0x00,0x0D,0x0D00,0x24,0x80,0x00,0x00,0x02,0x00000,0x000D00,0,0x00D00,1,0,
86.495057,3814432,0x05867C,0x0095,0x95,2,cur_high,0x0D,2,2,0x02,0x00,0x0D,0x0D0002,0x00,0x0D,0x0D00,0x24,0x80,0x00,0x00,0x02,0x00000,0x000D00,0,0x00D00,1,0,current_pair_complete
86.495079,3814433,0x058681,0x0096,0x96,2,ctrl,0x02,0,0,0x02,0x00,0x0D,0x0D0002,0x00,0x0D,0x0D00,0x24,0x80,0x00,0x00,0x02,0x00000,0x000D00,0,0x00D00,1,0,control_active
86.511655,3815164,0x0586A4,0x0014,0x14,2,loop_mid,0x00,0,0,0x02,0x00,0x0D,0x0D0002,0x00,0x0D,0x0D00,0x24,0x80,0x00,0x00,0x02,0x00000,0x000D00,0,0x00D00,1,0,
86.511655,3815164,0x0586A8,0x0094,0x94,2,cur_mid,0x00,1,1,0x02,0x00,0x0D,0x0D0002,0x00,0x0D,0x0D00,0x24,0x80,0x00,0x00,0x02,0x00000,0x000D00,0,0x00D00,1,0,current_low_write
86.511678,3815165,0x0586AD,0x0015,0x15,2,loop_high,0x0D,0,0,0x02,0x00,0x0D,0x0D0002,0x00,0x0D,0x0D00,0x24,0x80,0x00,0x00,0x02,0x00000,0x000D00,0,0x00D00,1,0,
86.511678,3815165,0x0586B1,0x0095,0x95,2,cur_high,0x0D,1,1,0x02,0x00,0x0D,0x0D0002,0x00,0x0D,0x0D00,0x24,0x80,0x00,0x00,0x02,0x00000,0x000D00,0,0x00D00,1,0,current_pair_complete
86.511701,3815166,0x0586B6,0x0096,0x96,2,ctrl,0x02,0,0,0x02,0x00,0x0D,0x0D0002,0x00,0x0D,0x0D00,0x24,0x80,0x00,0x00,0x02,0x00000,0x000D00,0,0x00D00,1,0,control_active
86.528821,3815921,0x0586BD,0x0014,0x14,2,loop_mid,0x00,0,0,0x02,0x00,0x0D,0x0D0002,0x00,0x0D,0x0D00,0x24,0x80,0x00,0x00,0x02,0x00000,0x000D00,0,0x00D00,1,0,
86.528821,3815921,0x0586C1,0x0094,0x94,2,cur_mid,0x00,1,1,0x02,0x00,0x0D,0x0D0002,0x00,0x0D,0x0D00,0x24,0x80,0x00,0x00,0x02,0x00000,0x000D00,0,0x00D00,1,0,current_low_write
86.528844,3815922,0x0586C6,0x0015,0x15,2,loop_high,0x0D,0,0,0x02,0x00,0x0D,0x0D0002,0x00,0x0D,0x0D00,0x24,0x80,0x00,0x00,0x02,0x00000,0x000D00,0,0x00D00,1,0,
86.528844,3815922,0x0586CA,0x0095,0x95,2,cur_high,0x0D,1,1,0x02,0x00,0x0D,0x0D0002,0x00,0x0D,0x0D00,0x24,0x80,0x00,0x00,0x02,0x00000,0x000D00,0,0x00D00,1,0,current_pair_complete
86.528866,3815923,0x0586CF,0x0096,0x96,2,ctrl,0x02,0,0,0x02,0x00,0x0D,0x0D0002,0x00,0x0D,0x0D00,0x24,0x80,0x00,0x00,0x02,0x00000,0x000D00,0,0x00D00,1,0,control_active
86.545964,3816677,0x0586D6,0x0014,0x14,2,loop_mid,0x00,0,0,0x02,0x00,0x0D,0x0D0002,0x00,0x0D,0x0D00,0x24,0x80,0x00,0x00,0x02,0x00000,0x000D00,0,0x00D00,1,0,
86.545964,3816677,0x0586DA,0x0094,0x94,2,cur_mid,0x00,1,1,0x02,0x00,0x0D,0x0D0002,0x00,0x0D,0x0D00,0x24,0x80,0x00,0x00,0x02,0x00000,0x000D00,0,0x00D00,1,0,current_low_write
86.545986,3816678,0x0586DF,0x0015,0x15,2,loop_high,0x0D,0,0,0x02,0x00,0x0D,0x0D0002,0x00,0x0D,0x0D00,0x24,0x80,0x00,0x00,0x02,0x00000,0x000D00,0,0x00D00,1,0,
86.545986,3816678,0x0586E3,0x0095,0x95,2,cur_high,0x0D,1,1,0x02,0x00,0x0D,0x0D0002,0x00,0x0D,0x0D00,0x24,0x80,0x00,0x00,0x02,0x00000,0x000D00,0,0x00D00,1,0,current_pair_complete
86.546009,3816679,0x0586E8,0x0096,0x96,2,ctrl,0x02,0,0,0x02,0x00,0x0D,0x0D0002,0x00,0x0D,0x0D00,0x24,0x80,0x00,0x00,0x02,0x00000,0x000D00,0,0x00D00,1,0,control_active
86.563288,3817441,0x058706,0x0014,0x14,2,loop_mid,0x00,0,0,0x02,0x00,0x0D,0x0D0002,0x00,0x0D,0x0D00,0x24,0x80,0x00,0x00,0x02,0x00000,0x000D00,0,0x00D00,1,0,
86.563311,3817442,0x05870B,0x0094,0x94,2,cur_mid,0x00,0,0,0x02,0x00,0x0D,0x0D0002,0x00,0x0D,0x0D00,0x24,0x80,0x00,0x00,0x02,0x00000,0x000D00,0,0x00D00,1,0,current_low_write
86.563311,3817442,0x05870F,0x0015,0x15,2,loop_high,0x0D,1,1,0x02,0x00,0x0D,0x0D0002,0x00,0x0D,0x0D00,0x24,0x80,0x00,0x00,0x02,0x00000,0x000D00,0,0x00D00,1,0,
86.563311,3817442,0x058713,0x0095,0x95,2,cur_high,0x0D,2,2,0x02,0x00,0x0D,0x0D0002,0x00,0x0D,0x0D00,0x24,0x80,0x00,0x00,0x02,0x00000,0x000D00,0,0x00D00,1,0,current_pair_complete
86.563333,3817443,0x058718,0x0096,0x96,2,ctrl,0x02,0,0,0x02,0x00,0x0D,0x0D0002,0x00,0x0D,0x0D00,0x24,0x80,0x00,0x00,0x02,0x00000,0x000D00,0,0x00D00,1,0,control_active
86.580272,3818190,0x05871E,0x0014,0x14,2,loop_mid,0x00,0,0,0x02,0x00,0x0D,0x0D0002,0x00,0x0D,0x0D00,0x24,0x80,0x00,0x00,0x02,0x00000,0x000D00,0,0x00D00,1,0,
86.580272,3818190,0x058722,0x0094,0x94,2,cur_mid,0x00,1,1,0x02,0x00,0x0D,0x0D0002,0x00,0x0D,0x0D00,0x24,0x80,0x00,0x00,0x02,0x00000,0x000D00,0,0x00D00,1,0,current_low_write
86.580295,3818191,0x058727,0x0015,0x15,2,loop_high,0x0D,0,0,0x02,0x00,0x0D,0x0D0002,0x00,0x0D,0x0D00,0x24,0x80,0x00,0x00,0x02,0x00000,0x000D00,0,0x00D00,1,0,
86.580295,3818191,0x05872B,0x0095,0x95,2,cur_high,0x0D,1,1,0x02,0x00,0x0D,0x0D0002,0x00,0x0D,0x0D00,0x24,0x80,0x00,0x00,0x02,0x00000,0x000D00,0,0x00D00,1,0,current_pair_complete
86.580317,3818192,0x058730,0x0096,0x96,2,ctrl,0x02,0,0,0x02,0x00,0x0D,0x0D0002,0x00,0x0D,0x0D00,0x24,0x80,0x00,0x00,0x02,0x00000,0x000D00,0,0x00D00,1,0,control_active
86.597415,3818946,0x058737,0x0014,0x14,2,loop_mid,0x00,0,0,0x02,0x00,0x0D,0x0D0002,0x00,0x0D,0x0D00,0x24,0x80,0x00,0x00,0x02,0x00000,0x000D00,0,0x00D00,1,0,
86.597415,3818946,0x05873B,0x0094,0x94,2,cur_mid,0x00,1,1,0x02,0x00,0x0D,0x0D0002,0x00,0x0D,0x0D00,0x24,0x80,0x00,0x00,0x02,0x00000,0x000D00,0,0x00D00,1,0,current_low_write
86.597438,3818947,0x058740,0x0015,0x15,2,loop_high,0x0D,0,0,0x02,0x00,0x0D,0x0D0002,0x00,0x0D,0x0D00,0x24,0x80,0x00,0x00,0x02,0x00000,0x000D00,0,0x00D00,1,0,
86.597438,3818947,0x058744,0x0095,0x95,2,cur_high,0x0D,1,1,0x02,0x00,0x0D,0x0D0002,0x00,0x0D,0x0D00,0x24,0x80,0x00,0x00,0x02,0x00000,0x000D00,0,0x00D00,1,0,current_pair_complete
86.597460,3818948,0x058749,0x0096,0x96,2,ctrl,0x02,0,0,0x02,0x00,0x0D,0x0D0002,0x00,0x0D,0x0D00,0x24,0x80,0x00,0x00,0x02,0x00000,0x000D00,0,0x00D00,1,0,control_active
86.614580,3819703,0x058750,0x0014,0x14,2,loop_mid,0x00,0,0,0x02,0x00,0x0D,0x0D0002,0x00,0x0D,0x0D00,0x24,0x80,0x00,0x00,0x02,0x00000,0x000D00,0,0x00D00,1,0,
86.614580,3819703,0x058754,0x0094,0x94,2,cur_mid,0x00,1,1,0x02,0x00,0x0D,0x0D0002,0x00,0x0D,0x0D00,0x24,0x80,0x00,0x00,0x02,0x00000,0x000D00,0,0x00D00,1,0,current_low_write
86.614603,3819704,0x058759,0x0015,0x15,2,loop_high,0x0D,0,0,0x02,0x00,0x0D,0x0D0002,0x00,0x0D,0x0D00,0x24,0x80,0x00,0x00,0x02,0x00000,0x000D00,0,0x00D00,1,0,
86.614603,3819704,0x05875D,0x0095,0x95,2,cur_high,0x0D,1,1,0x02,0x00,0x0D,0x0D0002,0x00,0x0D,0x0D00,0x24,0x80,0x00,0x00,0x02,0x00000,0x000D00,0,0x00D00,1,0,current_pair_complete
86.614626,3819705,0x058762,0x0096,0x96,2,ctrl,0x02,0,0,0x02,0x00,0x0D,0x0D0002,0x00,0x0D,0x0D00,0x24,0x80,0x00,0x00,0x02,0x00000,0x000D00,0,0x00D00,1,0,control_active
86.631882,3820466,0x058780,0x0014,0x14,2,loop_mid,0x00,0,0,0x02,0x00,0x0D,0x0D0002,0x00,0x0D,0x0D00,0x24,0x80,0x00,0x00,0x02,0x00000,0x000D00,0,0x00D00,1,0,
86.631905,3820467,0x058785,0x0094,0x94,2,cur_mid,0x00,0,0,0x02,0x00,0x0D,0x0D0002,0x00,0x0D,0x0D00,0x24,0x80,0x00,0x00,0x02,0x00000,0x000D00,0,0x00D00,1,0,current_low_write
86.631905,3820467,0x058789,0x0015,0x15,2,loop_high,0x0D,1,1,0x02,0x00,0x0D,0x0D0002,0x00,0x0D,0x0D00,0x24,0x80,0x00,0x00,0x02,0x00000,0x000D00,0,0x00D00,1,0,
86.631905,3820467,0x05878D,0x0095,0x95,2,cur_high,0x0D,2,2,0x02,0x00,0x0D,0x0D0002,0x00,0x0D,0x0D00,0x24,0x80,0x00,0x00,0x02,0x00000,0x000D00,0,0x00D00,1,0,current_pair_complete
86.631927,3820468,0x058792,0x0096,0x96,2,ctrl,0x02,0,0,0x02,0x00,0x0D,0x0D0002,0x00,0x0D,0x0D00,0x24,0x80,0x00,0x00,0x02,0x00000,0x000D00,0,0x00D00,1,0,control_active
86.648889,3821216,0x0587B1,0x0014,0x14,2,loop_mid,0x00,0,0,0x02,0x00,0x0D,0x0D0002,0x00,0x0D,0x0D00,0x24,0x80,0x00,0x00,0x02,0x00000,0x000D00,0,0x00D00,1,0,
86.648889,3821216,0x0587B5,0x0094,0x94,2,cur_mid,0x00,1,1,0x02,0x00,0x0D,0x0D0002,0x00,0x0D,0x0D00,0x24,0x80,0x00,0x00,0x02,0x00000,0x000D00,0,0x00D00,1,0,current_low_write
86.648912,3821217,0x0587BA,0x0015,0x15,2,loop_high,0x0D,0,0,0x02,0x00,0x0D,0x0D0002,0x00,0x0D,0x0D00,0x24,0x80,0x00,0x00,0x02,0x00000,0x000D00,0,0x00D00,1,0,
86.648912,3821217,0x0587BE,0x0095,0x95,2,cur_high,0x0D,1,1,0x02,0x00,0x0D,0x0D0002,0x00,0x0D,0x0D00,0x24,0x80,0x00,0x00,0x02,0x00000,0x000D00,0,0x00D00,1,0,current_pair_complete
86.648934,3821218,0x0587C3,0x0096,0x96,2,ctrl,0x02,0,0,0x02,0x00,0x0D,0x0D0002,0x00,0x0D,0x0D00,0x24,0x80,0x00,0x00,0x02,0x00000,0x000D00,0,0x00D00,1,0,control_active
86.666032,3821972,0x0587CA,0x0014,0x14,2,loop_mid,0x00,0,0,0x02,0x00,0x0D,0x0D0002,0x00,0x0D,0x0D00,0x24,0x80,0x00,0x00,0x02,0x00000,0x000D00,0,0x00D00,1,0,
86.666032,3821972,0x0587CE,0x0094,0x94,2,cur_mid,0x00,1,1,0x02,0x00,0x0D,0x0D0002,0x00,0x0D,0x0D00,0x24,0x80,0x00,0x00,0x02,0x00000,0x000D00,0,0x00D00,1,0,current_low_write
86.666054,3821973,0x0587D3,0x0015,0x15,2,loop_high,0x0D,0,0,0x02,0x00,0x0D,0x0D0002,0x00,0x0D,0x0D00,0x24,0x80,0x00,0x00,0x02,0x00000,0x000D00,0,0x00D00,1,0,
86.666054,3821973,0x0587D7,0x0095,0x95,2,cur_high,0x0D,1,1,0x02,0x00,0x0D,0x0D0002,0x00,0x0D,0x0D00,0x24,0x80,0x00,0x00,0x02,0x00000,0x000D00,0,0x00D00,1,0,current_pair_complete
86.666077,3821974,0x0587DC,0x0096,0x96,2,ctrl,0x02,0,0,0x02,0x00,0x0D,0x0D0002,0x00,0x0D,0x0D00,0x24,0x80,0x00,0x00,0x02,0x00000,0x000D00,0,0x00D00,1,0,control_active
86.683175,3822728,0x0587E3,0x0014,0x14,2,loop_mid,0x00,0,0,0x02,0x00,0x0D,0x0D0002,0x00,0x0D,0x0D00,0x24,0x80,0x00,0x00,0x02,0x00000,0x000D00,0,0x00D00,1,0,
86.683175,3822728,0x0587E7,0x0094,0x94,2,cur_mid,0x00,1,1,0x02,0x00,0x0D,0x0D0002,0x00,0x0D,0x0D00,0x24,0x80,0x00,0x00,0x02,0x00000,0x000D00,0,0x00D00,1,0,current_low_write
86.683197,3822729,0x0587EC,0x0015,0x15,2,loop_high,0x0D,0,0,0x02,0x00,0x0D,0x0D0002,0x00,0x0D,0x0D00,0x24,0x80,0x00,0x00,0x02,0x00000,0x000D00,0,0x00D00,1,0,
86.683197,3822729,0x0587F0,0x0095,0x95,2,cur_high,0x0D,1,1,0x02,0x00,0x0D,0x0D0002,0x00,0x0D,0x0D00,0x24,0x80,0x00,0x00,0x02,0x00000,0x000D00,0,0x00D00,1,0,current_pair_complete
86.683220,3822730,0x0587F5,0x0096,0x96,2,ctrl,0x02,0,0,0x02,0x00,0x0D,0x0D0002,0x00,0x0D,0x0D00,0x24,0x80,0x00,0x00,0x02,0x00000,0x000D00,0,0x00D00,1,0,control_active
86.700499,3823492,0x05881C,0x0014,0x14,2,loop_mid,0x00,0,0,0x02,0x00,0x0D,0x0D0002,0x00,0x0D,0x0D00,0x24,0x80,0x00,0x00,0x02,0x00000,0x000D00,0,0x00D00,1,0,
86.700522,3823493,0x058821,0x0094,0x94,2,cur_mid,0x00,0,0,0x02,0x00,0x0D,0x0D0002,0x00,0x0D,0x0D00,0x24,0x80,0x00,0x00,0x02,0x00000,0x000D00,0,0x00D00,1,0,current_low_write
86.700522,3823493,0x058825,0x0015,0x15,2,loop_high,0x0D,1,1,0x02,0x00,0x0D,0x0D0002,0x00,0x0D,0x0D00,0x24,0x80,0x00,0x00,0x02,0x00000,0x000D00,0,0x00D00,1,0,
86.700522,3823493,0x058829,0x0095,0x95,2,cur_high,0x0D,2,2,0x02,0x00,0x0D,0x0D0002,0x00,0x0D,0x0D00,0x24,0x80,0x00,0x00,0x02,0x00000,0x000D00,0,0x00D00,1,0,current_pair_complete
86.700544,3823494,0x05882E,0x0096,0x96,2,ctrl,0x02,0,0,0x02,0x00,0x0D,0x0D0002,0x00,0x0D,0x0D00,0x24,0x80,0x00,0x00,0x02,0x00000,0x000D00,0,0x00D00,1,0,control_active
86.717483,3824241,0x058834,0x0014,0x14,2,loop_mid,0x00,0,0,0x02,0x00,0x0D,0x0D0002,0x00,0x0D,0x0D00,0x24,0x80,0x00,0x00,0x02,0x00000,0x000D00,0,0x00D00,1,0,
86.717483,3824241,0x058838,0x0094,0x94,2,cur_mid,0x00,1,1,0x02,0x00,0x0D,0x0D0002,0x00,0x0D,0x0D00,0x24,0x80,0x00,0x00,0x02,0x00000,0x000D00,0,0x00D00,1,0,current_low_write
86.717506,3824242,0x05883D,0x0015,0x15,2,loop_high,0x0D,0,0,0x02,0x00,0x0D,0x0D0002,0x00,0x0D,0x0D00,0x24,0x80,0x00,0x00,0x02,0x00000,0x000D00,0,0x00D00,1,0,
86.717506,3824242,0x058841,0x0095,0x95,2,cur_high,0x0D,1,1,0x02,0x00,0x0D,0x0D0002,0x00,0x0D,0x0D00,0x24,0x80,0x00,0x00,0x02,0x00000,0x000D00,0,0x00D00,1,0,current_pair_complete
86.717528,3824243,0x058846,0x0096,0x96,2,ctrl,0x02,0,0,0x02,0x00,0x0D,0x0D0002,0x00,0x0D,0x0D00,0x24,0x80,0x00,0x00,0x02,0x00000,0x000D00,0,0x00D00,1,0,control_active
86.734649,3824998,0x05884D,0x0014,0x14,2,loop_mid,0x00,0,0,0x02,0x00,0x0D,0x0D0002,0x00,0x0D,0x0D00,0x24,0x80,0x00,0x00,0x02,0x00000,0x000D00,0,0x00D00,1,0,
86.734649,3824998,0x058851,0x0094,0x94,2,cur_mid,0x00,1,1,0x02,0x00,0x0D,0x0D0002,0x00,0x0D,0x0D00,0x24,0x80,0x00,0x00,0x02,0x00000,0x000D00,0,0x00D00,1,0,current_low_write
86.734671,3824999,0x058856,0x0015,0x15,2,loop_high,0x0D,0,0,0x02,0x00,0x0D,0x0D0002,0x00,0x0D,0x0D00,0x24,0x80,0x00,0x00,0x02,0x00000,0x000D00,0,0x00D00,1,0,
86.734671,3824999,0x05885A,0x0095,0x95,2,cur_high,0x0D,1,1,0x02,0x00,0x0D,0x0D0002,0x00,0x0D,0x0D00,0x24,0x80,0x00,0x00,0x02,0x00000,0x000D00,0,0x00D00,1,0,current_pair_complete
86.734694,3825000,0x05885F,0x0096,0x96,2,ctrl,0x02,0,0,0x02,0x00,0x0D,0x0D0002,0x00,0x0D,0x0D00,0x24,0x80,0x00,0x00,0x02,0x00000,0x000D00,0,0x00D00,1,0,control_active
86.751791,3825754,0x058866,0x0014,0x14,2,loop_mid,0x00,0,0,0x02,0x00,0x0D,0x0D0002,0x00,0x0D,0x0D00,0x24,0x80,0x00,0x00,0x02,0x00000,0x000D00,0,0x00D00,1,0,
86.751791,3825754,0x05886A,0x0094,0x94,2,cur_mid,0x00,1,1,0x02,0x00,0x0D,0x0D0002,0x00,0x0D,0x0D00,0x24,0x80,0x00,0x00,0x02,0x00000,0x000D00,0,0x00D00,1,0,current_low_write
86.751814,3825755,0x05886F,0x0015,0x15,2,loop_high,0x0D,0,0,0x02,0x00,0x0D,0x0D0002,0x00,0x0D,0x0D00,0x24,0x80,0x00,0x00,0x02,0x00000,0x000D00,0,0x00D00,1,0,
86.751814,3825755,0x058873,0x0095,0x95,2,cur_high,0x0D,1,1,0x02,0x00,0x0D,0x0D0002,0x00,0x0D,0x0D00,0x24,0x80,0x00,0x00,0x02,0x00000,0x000D00,0,0x00D00,1,0,current_pair_complete
86.751837,3825756,0x058878,0x0096,0x96,2,ctrl,0x02,0,0,0x02,0x00,0x0D,0x0D0002,0x00,0x0D,0x0D00,0x24,0x80,0x00,0x00,0x02,0x00000,0x000D00,0,0x00D00,1,0,control_active
86.769342,3826528,0x0588B3,0x0014,0x14,2,loop_mid,0x00,0,0,0x02,0x00,0x0D,0x0D0002,0x00,0x0D,0x0D00,0x24,0x80,0x00,0x00,0x02,0x00000,0x000D00,0,0x00D00,1,0,
86.769342,3826528,0x0588B7,0x0094,0x94,2,cur_mid,0x00,1,1,0x02,0x00,0x0D,0x0D0002,0x00,0x0D,0x0D00,0x24,0x80,0x00,0x00,0x02,0x00000,0x000D00,0,0x00D00,1,0,current_low_write
86.769365,3826529,0x0588BC,0x0015,0x15,2,loop_high,0x0D,0,0,0x02,0x00,0x0D,0x0D0002,0x00,0x0D,0x0D00,0x24,0x80,0x00,0x00,0x02,0x00000,0x000D00,0,0x00D00,1,0,
86.769365,3826529,0x0588C0,0x0095,0x95,2,cur_high,0x0D,1,1,0x02,0x00,0x0D,0x0D0002,0x00,0x0D,0x0D00,0x24,0x80,0x00,0x00,0x02,0x00000,0x000D00,0,0x00D00,1,0,current_pair_complete
86.769388,3826530,0x0588C5,0x0096,0x96,2,ctrl,0x02,0,0,0x02,0x00,0x0D,0x0D0002,0x00,0x0D,0x0D00,0x24,0x80,0x00,0x00,0x02,0x00000,0x000D00,0,0x00D00,1,0,control_active
86.786168,3827270,0x0588CB,0x0014,0x14,2,loop_mid,0x00,0,0,0x02,0x00,0x0D,0x0D0002,0x00,0x0D,0x0D00,0x24,0x80,0x00,0x00,0x02,0x00000,0x000D00,0,0x00D00,1,0,
86.786168,3827270,0x0588CF,0x0094,0x94,2,cur_mid,0x00,1,1,0x02,0x00,0x0D,0x0D0002,0x00,0x0D,0x0D00,0x24,0x80,0x00,0x00,0x02,0x00000,0x000D00,0,0x00D00,1,0,current_low_write
86.786190,3827271,0x0588D4,0x0015,0x15,2,loop_high,0x0D,0,0,0x02,0x00,0x0D,0x0D0002,0x00,0x0D,0x0D00,0x24,0x80,0x00,0x00,0x02,0x00000,0x000D00,0,0x00D00,1,0,
86.786190,3827271,0x0588D8,0x0095,0x95,2,cur_high,0x0D,1,1,0x02,0x00,0x0D,0x0D0002,0x00,0x0D,0x0D00,0x24,0x80,0x00,0x00,0x02,0x00000,0x000D00,0,0x00D00,1,0,current_pair_complete
86.786213,3827272,0x0588DD,0x0096,0x96,2,ctrl,0x02,0,0,0x02,0x00,0x0D,0x0D0002,0x00,0x0D,0x0D00,0x24,0x80,0x00,0x00,0x02,0x00000,0x000D00,0,0x00D00,1,0,control_active
86.803311,3828026,0x0588E4,0x0014,0x14,2,loop_mid,0x00,0,0,0x02,0x00,0x0D,0x0D0002,0x00,0x0D,0x0D00,0x24,0x80,0x00,0x00,0x02,0x00000,0x000D00,0,0x00D00,1,0,
86.803311,3828026,0x0588E8,0x0094,0x94,2,cur_mid,0x00,1,1,0x02,0x00,0x0D,0x0D0002,0x00,0x0D,0x0D00,0x24,0x80,0x00,0x00,0x02,0x00000,0x000D00,0,0x00D00,1,0,current_low_write
86.803333,3828027,0x0588ED,0x0015,0x15,2,loop_high,0x0D,0,0,0x02,0x00,0x0D,0x0D0002,0x00,0x0D,0x0D00,0x24,0x80,0x00,0x00,0x02,0x00000,0x000D00,0,0x00D00,1,0,
86.803333,3828027,0x0588F1,0x0095,0x95,2,cur_high,0x0D,1,1,0x02,0x00,0x0D,0x0D0002,0x00,0x0D,0x0D00,0x24,0x80,0x00,0x00,0x02,0x00000,0x000D00,0,0x00D00,1,0,current_pair_complete
86.803356,3828028,0x0588F6,0x0096,0x96,2,ctrl,0x02,0,0,0x02,0x00,0x0D,0x0D0002,0x00,0x0D,0x0D00,0x24,0x80,0x00,0x00,0x02,0x00000,0x000D00,0,0x00D00,1,0,control_active
86.820476,3828783,0x0588FD,0x0014,0x14,2,loop_mid,0x00,0,0,0x02,0x00,0x0D,0x0D0002,0x00,0x0D,0x0D00,0x24,0x80,0x00,0x00,0x02,0x00000,0x000D00,0,0x00D00,1,0,
86.820476,3828783,0x058901,0x0094,0x94,2,cur_mid,0x00,1,1,0x02,0x00,0x0D,0x0D0002,0x00,0x0D,0x0D00,0x24,0x80,0x00,0x00,0x02,0x00000,0x000D00,0,0x00D00,1,0,current_low_write
86.820499,3828784,0x058906,0x0015,0x15,2,loop_high,0x0D,0,0,0x02,0x00,0x0D,0x0D0002,0x00,0x0D,0x0D00,0x24,0x80,0x00,0x00,0x02,0x00000,0x000D00,0,0x00D00,1,0,
86.820499,3828784,0x05890A,0x0095,0x95,2,cur_high,0x0D,1,1,0x02,0x00,0x0D,0x0D0002,0x00,0x0D,0x0D00,0x24,0x80,0x00,0x00,0x02,0x00000,0x000D00,0,0x00D00,1,0,current_pair_complete
86.820522,3828785,0x05890F,0x0096,0x96,2,ctrl,0x02,0,0,0x02,0x00,0x0D,0x0D0002,0x00,0x0D,0x0D00,0x24,0x80,0x00,0x00,0x02,0x00000,0x000D00,0,0x00D00,1,0,control_active
86.837800,3829547,0x05892D,0x0014,0x14,2,loop_mid,0x00,0,0,0x02,0x00,0x0D,0x0D0002,0x00,0x0D,0x0D00,0x24,0x80,0x00,0x00,0x02,0x00000,0x000D00,0,0x00D00,1,0,
86.837800,3829547,0x058931,0x0094,0x94,2,cur_mid,0x00,1,1,0x02,0x00,0x0D,0x0D0002,0x00,0x0D,0x0D00,0x24,0x80,0x00,0x00,0x02,0x00000,0x000D00,0,0x00D00,1,0,current_low_write
86.837823,3829548,0x058936,0x0015,0x15,2,loop_high,0x0D,0,0,0x02,0x00,0x0D,0x0D0002,0x00,0x0D,0x0D00,0x24,0x80,0x00,0x00,0x02,0x00000,0x000D00,0,0x00D00,1,0,
86.837823,3829548,0x05893A,0x0095,0x95,2,cur_high,0x0D,1,1,0x02,0x00,0x0D,0x0D0002,0x00,0x0D,0x0D00,0x24,0x80,0x00,0x00,0x02,0x00000,0x000D00,0,0x00D00,1,0,current_pair_complete
86.837846,3829549,0x05893F,0x0096,0x96,2,ctrl,0x02,0,0,0x02,0x00,0x0D,0x0D0002,0x00,0x0D,0x0D00,0x24,0x80,0x00,0x00,0x02,0x00000,0x000D00,0,0x00D00,1,0,control_active
86.854762,3830295,0x058945,0x0014,0x14,2,loop_mid,0x00,0,0,0x02,0x00,0x0D,0x0D0002,0x00,0x0D,0x0D00,0x24,0x80,0x00,0x00,0x02,0x00000,0x000D00,0,0x00D00,1,0,
86.854762,3830295,0x058949,0x0094,0x94,2,cur_mid,0x00,1,1,0x02,0x00,0x0D,0x0D0002,0x00,0x0D,0x0D00,0x24,0x80,0x00,0x00,0x02,0x00000,0x000D00,0,0x00D00,1,0,current_low_write
86.854785,3830296,0x05894E,0x0015,0x15,2,loop_high,0x0D,0,0,0x02,0x00,0x0D,0x0D0002,0x00,0x0D,0x0D00,0x24,0x80,0x00,0x00,0x02,0x00000,0x000D00,0,0x00D00,1,0,
86.854785,3830296,0x058952,0x0095,0x95,2,cur_high,0x0D,1,1,0x02,0x00,0x0D,0x0D0002,0x00,0x0D,0x0D00,0x24,0x80,0x00,0x00,0x02,0x00000,0x000D00,0,0x00D00,1,0,current_pair_complete
86.854807,3830297,0x058957,0x0096,0x96,2,ctrl,0x02,0,0,0x02,0x00,0x0D,0x0D0002,0x00,0x0D,0x0D00,0x24,0x80,0x00,0x00,0x02,0x00000,0x000D00,0,0x00D00,1,0,control_active
86.871927,3831052,0x05895E,0x0014,0x14,2,loop_mid,0x00,0,0,0x02,0x00,0x0D,0x0D0002,0x00,0x0D,0x0D00,0x24,0x80,0x00,0x00,0x02,0x00000,0x000D00,0,0x00D00,1,0,
86.871927,3831052,0x058962,0x0094,0x94,2,cur_mid,0x00,1,1,0x02,0x00,0x0D,0x0D0002,0x00,0x0D,0x0D00,0x24,0x80,0x00,0x00,0x02,0x00000,0x000D00,0,0x00D00,1,0,current_low_write
86.871950,3831053,0x058967,0x0015,0x15,2,loop_high,0x0D,0,0,0x02,0x00,0x0D,0x0D0002,0x00,0x0D,0x0D00,0x24,0x80,0x00,0x00,0x02,0x00000,0x000D00,0,0x00D00,1,0,
86.871950,3831053,0x05896B,0x0095,0x95,2,cur_high,0x0D,1,1,0x02,0x00,0x0D,0x0D0002,0x00,0x0D,0x0D00,0x24,0x80,0x00,0x00,0x02,0x00000,0x000D00,0,0x00D00,1,0,current_pair_complete
86.871973,3831054,0x058970,0x0096,0x96,2,ctrl,0x02,0,0,0x02,0x00,0x0D,0x0D0002,0x00,0x0D,0x0D00,0x24,0x80,0x00,0x00,0x02,0x00000,0x000D00,0,0x00D00,1,0,control_active
86.889070,3831808,0x058977,0x0014,0x14,2,loop_mid,0x00,0,0,0x02,0x00,0x0D,0x0D0002,0x00,0x0D,0x0D00,0x24,0x80,0x00,0x00,0x02,0x00000,0x000D00,0,0x00D00,1,0,
86.889070,3831808,0x05897B,0x0094,0x94,2,cur_mid,0x00,1,1,0x02,0x00,0x0D,0x0D0002,0x00,0x0D,0x0D00,0x24,0x80,0x00,0x00,0x02,0x00000,0x000D00,0,0x00D00,1,0,current_low_write
86.889093,3831809,0x058980,0x0015,0x15,2,loop_high,0x0D,0,0,0x02,0x00,0x0D,0x0D0002,0x00,0x0D,0x0D00,0x24,0x80,0x00,0x00,0x02,0x00000,0x000D00,0,0x00D00,1,0,
86.889093,3831809,0x058984,0x0095,0x95,2,cur_high,0x0D,1,1,0x02,0x00,0x0D,0x0D0002,0x00,0x0D,0x0D00,0x24,0x80,0x00,0x00,0x02,0x00000,0x000D00,0,0x00D00,1,0,current_pair_complete
86.889116,3831810,0x058989,0x0096,0x96,2,ctrl,0x02,0,0,0x02,0x00,0x0D,0x0D0002,0x00,0x0D,0x0D00,0x24,0x80,0x00,0x00,0x02,0x00000,0x000D00,0,0x00D00,1,0,control_active
86.906417,3832573,0x0589C3,0x0014,0x14,2,loop_mid,0x00,0,0,0x02,0x00,0x0D,0x0D0002,0x00,0x0D,0x0D00,0x24,0x80,0x00,0x00,0x02,0x00000,0x000D00,0,0x00D00,1,0,
86.906417,3832573,0x0589C7,0x0094,0x94,2,cur_mid,0x00,1,1,0x02,0x00,0x0D,0x0D0002,0x00,0x0D,0x0D00,0x24,0x80,0x00,0x00,0x02,0x00000,0x000D00,0,0x00D00,1,0,current_low_write
86.906440,3832574,0x0589CC,0x0015,0x15,2,loop_high,0x0D,0,0,0x02,0x00,0x0D,0x0D0002,0x00,0x0D,0x0D00,0x24,0x80,0x00,0x00,0x02,0x00000,0x000D00,0,0x00D00,1,0,
86.906440,3832574,0x0589D0,0x0095,0x95,2,cur_high,0x0D,1,1,0x02,0x00,0x0D,0x0D0002,0x00,0x0D,0x0D00,0x24,0x80,0x00,0x00,0x02,0x00000,0x000D00,0,0x00D00,1,0,current_pair_complete
86.906463,3832575,0x0589D5,0x0096,0x96,2,ctrl,0x02,0,0,0x02,0x00,0x0D,0x0D0002,0x00,0x0D,0x0D00,0x24,0x80,0x00,0x00,0x02,0x00000,0x000D00,0,0x00D00,1,0,control_active
86.923379,3833321,0x0589F4,0x0014,0x14,2,loop_mid,0x00,0,0,0x02,0x00,0x0D,0x0D0002,0x00,0x0D,0x0D00,0x24,0x80,0x00,0x00,0x02,0x00000,0x000D00,0,0x00D00,1,0,
86.923379,3833321,0x0589F8,0x0094,0x94,2,cur_mid,0x00,1,1,0x02,0x00,0x0D,0x0D0002,0x00,0x0D,0x0D00,0x24,0x80,0x00,0x00,0x02,0x00000,0x000D00,0,0x00D00,1,0,current_low_write
86.923401,3833322,0x0589FD,0x0015,0x15,2,loop_high,0x0D,0,0,0x02,0x00,0x0D,0x0D0002,0x00,0x0D,0x0D00,0x24,0x80,0x00,0x00,0x02,0x00000,0x000D00,0,0x00D00,1,0,
86.923401,3833322,0x058A01,0x0095,0x95,2,cur_high,0x0D,1,1,0x02,0x00,0x0D,0x0D0002,0x00,0x0D,0x0D00,0x24,0x80,0x00,0x00,0x02,0x00000,0x000D00,0,0x00D00,1,0,current_pair_complete
86.923424,3833323,0x058A06,0x0096,0x96,2,ctrl,0x02,0,0,0x02,0x00,0x0D,0x0D0002,0x00,0x0D,0x0D00,0x24,0x80,0x00,0x00,0x02,0x00000,0x000D00,0,0x00D00,1,0,control_active
86.940522,3834077,0x058A0D,0x0014,0x14,2,loop_mid,0x00,0,0,0x02,0x00,0x0D,0x0D0002,0x00,0x0D,0x0D00,0x24,0x80,0x00,0x00,0x02,0x00000,0x000D00,0,0x00D00,1,0,
86.940522,3834077,0x058A11,0x0094,0x94,2,cur_mid,0x00,1,1,0x02,0x00,0x0D,0x0D0002,0x00,0x0D,0x0D00,0x24,0x80,0x00,0x00,0x02,0x00000,0x000D00,0,0x00D00,1,0,current_low_write
86.940544,3834078,0x058A16,0x0015,0x15,2,loop_high,0x0D,0,0,0x02,0x00,0x0D,0x0D0002,0x00,0x0D,0x0D00,0x24,0x80,0x00,0x00,0x02,0x00000,0x000D00,0,0x00D00,1,0,
86.940544,3834078,0x058A1A,0x0095,0x95,2,cur_high,0x0D,1,1,0x02,0x00,0x0D,0x0D0002,0x00,0x0D,0x0D00,0x24,0x80,0x00,0x00,0x02,0x00000,0x000D00,0,0x00D00,1,0,current_pair_complete
86.940567,3834079,0x058A1F,0x0096,0x96,2,ctrl,0x02,0,0,0x02,0x00,0x0D,0x0D0002,0x00,0x0D,0x0D00,0x24,0x80,0x00,0x00,0x02,0x00000,0x000D00,0,0x00D00,1,0,control_active
86.957687,3834834,0x058A26,0x0014,0x14,2,loop_mid,0x00,0,0,0x02,0x00,0x0D,0x0D0002,0x00,0x0D,0x0D00,0x24,0x80,0x00,0x00,0x02,0x00000,0x000D00,0,0x00D00,1,0,
86.957687,3834834,0x058A2A,0x0094,0x94,2,cur_mid,0x00,1,1,0x02,0x00,0x0D,0x0D0002,0x00,0x0D,0x0D00,0x24,0x80,0x00,0x00,0x02,0x00000,0x000D00,0,0x00D00,1,0,current_low_write
86.957710,3834835,0x058A2F,0x0015,0x15,2,loop_high,0x0D,0,0,0x02,0x00,0x0D,0x0D0002,0x00,0x0D,0x0D00,0x24,0x80,0x00,0x00,0x02,0x00000,0x000D00,0,0x00D00,1,0,
86.957710,3834835,0x058A33,0x0095,0x95,2,cur_high,0x0D,1,1,0x02,0x00,0x0D,0x0D0002,0x00,0x0D,0x0D00,0x24,0x80,0x00,0x00,0x02,0x00000,0x000D00,0,0x00D00,1,0,current_pair_complete
86.957732,3834836,0x058A38,0x0096,0x96,2,ctrl,0x02,0,0,0x02,0x00,0x0D,0x0D0002,0x00,0x0D,0x0D00,0x24,0x80,0x00,0x00,0x02,0x00000,0x000D00,0,0x00D00,1,0,control_active
86.974830,3835590,0x058A3F,0x0014,0x14,2,loop_mid,0x00,0,0,0x02,0x00,0x0D,0x0D0002,0x00,0x0D,0x0D00,0x24,0x80,0x00,0x00,0x02,0x00000,0x000D00,0,0x00D00,1,0,
86.974830,3835590,0x058A43,0x0094,0x94,2,cur_mid,0x00,1,1,0x02,0x00,0x0D,0x0D0002,0x00,0x0D,0x0D00,0x24,0x80,0x00,0x00,0x02,0x00000,0x000D00,0,0x00D00,1,0,current_low_write
86.974853,3835591,0x058A48,0x0015,0x15,2,loop_high,0x0D,0,0,0x02,0x00,0x0D,0x0D0002,0x00,0x0D,0x0D00,0x24,0x80,0x00,0x00,0x02,0x00000,0x000D00,0,0x00D00,1,0,
86.974853,3835591,0x058A4C,0x0095,0x95,2,cur_high,0x0D,1,1,0x02,0x00,0x0D,0x0D0002,0x00,0x0D,0x0D00,0x24,0x80,0x00,0x00,0x02,0x00000,0x000D00,0,0x00D00,1,0,current_pair_complete
86.974875,3835592,0x058A51,0x0096,0x96,2,ctrl,0x02,0,0,0x02,0x00,0x0D,0x0D0002,0x00,0x0D,0x0D00,0x24,0x80,0x00,0x00,0x02,0x00000,0x000D00,0,0x00D00,1,0,control_active
86.991995,3836347,0x058A58,0x0014,0x14,2,loop_mid,0x00,0,0,0x02,0x00,0x0D,0x0D0002,0x00,0x0D,0x0D00,0x24,0x80,0x00,0x00,0x02,0x00000,0x000D00,0,0x00D00,1,0,
86.991995,3836347,0x058A5C,0x0094,0x94,2,cur_mid,0x00,1,1,0x02,0x00,0x0D,0x0D0002,0x00,0x0D,0x0D00,0x24,0x80,0x00,0x00,0x02,0x00000,0x000D00,0,0x00D00,1,0,current_low_write
86.992018,3836348,0x058A61,0x0015,0x15,2,loop_high,0x0D,0,0,0x02,0x00,0x0D,0x0D0002,0x00,0x0D,0x0D00,0x24,0x80,0x00,0x00,0x02,0x00000,0x000D00,0,0x00D00,1,0,
86.992018,3836348,0x058A65,0x0095,0x95,2,cur_high,0x0D,1,1,0x02,0x00,0x0D,0x0D0002,0x00,0x0D,0x0D00,0x24,0x80,0x00,0x00,0x02,0x00000,0x000D00,0,0x00D00,1,0,current_pair_complete
86.992041,3836349,0x058A6A,0x0096,0x96,2,ctrl,0x02,0,0,0x02,0x00,0x0D,0x0D0002,0x00,0x0D,0x0D00,0x24,0x80,0x00,0x00,0x02,0x00000,0x000D00,0,0x00D00,1,0,control_active
87.009138,3837103,0x058A71,0x0014,0x14,2,loop_mid,0x00,0,0,0x02,0x00,0x0D,0x0D0002,0x00,0x0D,0x0D00,0x24,0x80,0x00,0x00,0x02,0x00000,0x000D00,0,0x00D00,1,0,
87.009138,3837103,0x058A75,0x0094,0x94,2,cur_mid,0x00,1,1,0x02,0x00,0x0D,0x0D0002,0x00,0x0D,0x0D00,0x24,0x80,0x00,0x00,0x02,0x00000,0x000D00,0,0x00D00,1,0,current_low_write
87.009161,3837104,0x058A7A,0x0015,0x15,2,loop_high,0x0D,0,0,0x02,0x00,0x0D,0x0D0002,0x00,0x0D,0x0D00,0x24,0x80,0x00,0x00,0x02,0x00000,0x000D00,0,0x00D00,1,0,
87.009161,3837104,0x058A7E,0x0095,0x95,2,cur_high,0x0D,1,1,0x02,0x00,0x0D,0x0D0002,0x00,0x0D,0x0D00,0x24,0x80,0x00,0x00,0x02,0x00000,0x000D00,0,0x00D00,1,0,current_pair_complete
87.009184,3837105,0x058A83,0x0096,0x96,2,ctrl,0x02,0,0,0x02,0x00,0x0D,0x0D0002,0x00,0x0D,0x0D00,0x24,0x80,0x00,0x00,0x02,0x00000,0x000D00,0,0x00D00,1,0,control_active
87.026281,3837859,0x058A8A,0x0014,0x14,2,loop_mid,0x00,0,0,0x02,0x00,0x0D,0x0D0002,0x00,0x0D,0x0D00,0x24,0x80,0x00,0x00,0x02,0x00000,0x000D00,0,0x00D00,1,0,
87.026281,3837859,0x058A8E,0x0094,0x94,2,cur_mid,0x00,1,1,0x02,0x00,0x0D,0x0D0002,0x00,0x0D,0x0D00,0x24,0x80,0x00,0x00,0x02,0x00000,0x000D00,0,0x00D00,1,0,current_low_write
87.026304,3837860,0x058A93,0x0015,0x15,2,loop_high,0x0D,0,0,0x02,0x00,0x0D,0x0D0002,0x00,0x0D,0x0D00,0x24,0x80,0x00,0x00,0x02,0x00000,0x000D00,0,0x00D00,1,0,
87.026304,3837860,0x058A97,0x0095,0x95,2,cur_high,0x0D,1,1,0x02,0x00,0x0D,0x0D0002,0x00,0x0D,0x0D00,0x24,0x80,0x00,0x00,0x02,0x00000,0x000D00,0,0x00D00,1,0,current_pair_complete
87.026327,3837861,0x058A9C,0x0096,0x96,2,ctrl,0x02,0,0,0x02,0x00,0x0D,0x0D0002,0x00,0x0D,0x0D00,0x24,0x80,0x00,0x00,0x02,0x00000,0x000D00,0,0x00D00,1,0,control_active
87.043787,3838631,0x058AE4,0x0014,0x14,2,loop_mid,0x00,0,0,0x02,0x00,0x0D,0x0D0002,0x00,0x0D,0x0D00,0x24,0x80,0x00,0x00,0x02,0x00000,0x000D00,0,0x00D00,1,0,
87.043787,3838631,0x058AE8,0x0094,0x94,2,cur_mid,0x00,1,1,0x02,0x00,0x0D,0x0D0002,0x00,0x0D,0x0D00,0x24,0x80,0x00,0x00,0x02,0x00000,0x000D00,0,0x00D00,1,0,current_low_write
87.043810,3838632,0x058AED,0x0015,0x15,2,loop_high,0x0D,0,0,0x02,0x00,0x0D,0x0D0002,0x00,0x0D,0x0D00,0x24,0x80,0x00,0x00,0x02,0x00000,0x000D00,0,0x00D00,1,0,
87.043810,3838632,0x058AF1,0x0095,0x95,2,cur_high,0x0D,1,1,0x02,0x00,0x0D,0x0D0002,0x00,0x0D,0x0D00,0x24,0x80,0x00,0x00,0x02,0x00000,0x000D00,0,0x00D00,1,0,current_pair_complete
87.043832,3838633,0x058AF6,0x0096,0x96,2,ctrl,0x02,0,0,0x02,0x00,0x0D,0x0D0002,0x00,0x0D,0x0D00,0x24,0x80,0x00,0x00,0x02,0x00000,0x000D00,0,0x00D00,1,0,control_active
87.060590,3839372,0x058B19,0x0014,0x14,2,loop_mid,0x00,0,0,0x02,0x00,0x0D,0x0D0002,0x00,0x0D,0x0D00,0x24,0x80,0x00,0x00,0x02,0x00000,0x000D00,0,0x00D00,1,0,
87.060590,3839372,0x058B1D,0x0094,0x94,2,cur_mid,0x00,1,1,0x02,0x00,0x0D,0x0D0002,0x00,0x0D,0x0D00,0x24,0x80,0x00,0x00,0x02,0x00000,0x000D00,0,0x00D00,1,0,current_low_write
87.060612,3839373,0x058B22,0x0015,0x15,2,loop_high,0x0D,0,0,0x02,0x00,0x0D,0x0D0002,0x00,0x0D,0x0D00,0x24,0x80,0x00,0x00,0x02,0x00000,0x000D00,0,0x00D00,1,0,
87.060612,3839373,0x058B26,0x0095,0x95,2,cur_high,0x0D,1,1,0x02,0x00,0x0D,0x0D0002,0x00,0x0D,0x0D00,0x24,0x80,0x00,0x00,0x02,0x00000,0x000D00,0,0x00D00,1,0,current_pair_complete
87.060635,3839374,0x058B2B,0x0096,0x96,2,ctrl,0x02,0,0,0x02,0x00,0x0D,0x0D0002,0x00,0x0D,0x0D00,0x24,0x80,0x00,0x00,0x02,0x00000,0x000D00,0,0x00D00,1,0,control_active
87.077755,3840129,0x058B32,0x0014,0x14,2,loop_mid,0x00,0,0,0x02,0x00,0x0D,0x0D0002,0x00,0x0D,0x0D00,0x24,0x80,0x00,0x00,0x02,0x00000,0x000D00,0,0x00D00,1,0,
87.077755,3840129,0x058B36,0x0094,0x94,2,cur_mid,0x00,1,1,0x02,0x00,0x0D,0x0D0002,0x00,0x0D,0x0D00,0x24,0x80,0x00,0x00,0x02,0x00000,0x000D00,0,0x00D00,1,0,current_low_write
87.077778,3840130,0x058B3B,0x0015,0x15,2,loop_high,0x0D,0,0,0x02,0x00,0x0D,0x0D0002,0x00,0x0D,0x0D00,0x24,0x80,0x00,0x00,0x02,0x00000,0x000D00,0,0x00D00,1,0,
87.077778,3840130,0x058B3F,0x0095,0x95,2,cur_high,0x0D,1,1,0x02,0x00,0x0D,0x0D0002,0x00,0x0D,0x0D00,0x24,0x80,0x00,0x00,0x02,0x00000,0x000D00,0,0x00D00,1,0,current_pair_complete
87.077800,3840131,0x058B44,0x0096,0x96,2,ctrl,0x02,0,0,0x02,0x00,0x0D,0x0D0002,0x00,0x0D,0x0D00,0x24,0x80,0x00,0x00,0x02,0x00000,0x000D00,0,0x00D00,1,0,control_active
87.094898,3840885,0x058B4B,0x0014,0x14,2,loop_mid,0x00,0,0,0x02,0x00,0x0D,0x0D0002,0x00,0x0D,0x0D00,0x24,0x80,0x00,0x00,0x02,0x00000,0x000D00,0,0x00D00,1,0,
87.094898,3840885,0x058B4F,0x0094,0x94,2,cur_mid,0x00,1,1,0x02,0x00,0x0D,0x0D0002,0x00,0x0D,0x0D00,0x24,0x80,0x00,0x00,0x02,0x00000,0x000D00,0,0x00D00,1,0,current_low_write
87.094921,3840886,0x058B54,0x0015,0x15,2,loop_high,0x0D,0,0,0x02,0x00,0x0D,0x0D0002,0x00,0x0D,0x0D00,0x24,0x80,0x00,0x00,0x02,0x00000,0x000D00,0,0x00D00,1,0,
87.094921,3840886,0x058B58,0x0095,0x95,2,cur_high,0x0D,1,1,0x02,0x00,0x0D,0x0D0002,0x00,0x0D,0x0D00,0x24,0x80,0x00,0x00,0x02,0x00000,0x000D00,0,0x00D00,1,0,current_pair_complete
87.094943,3840887,0x058B5D,0x0096,0x96,2,ctrl,0x02,0,0,0x02,0x00,0x0D,0x0D0002,0x00,0x0D,0x0D00,0x24,0x80,0x00,0x00,0x02,0x00000,0x000D00,0,0x00D00,1,0,control_active
87.112041,3841641,0x058B64,0x0014,0x14,2,loop_mid,0x00,0,0,0x02,0x00,0x0D,0x0D0002,0x00,0x0D,0x0D00,0x24,0x80,0x00,0x00,0x02,0x00000,0x000D00,0,0x00D00,1,0,
87.112041,3841641,0x058B68,0x0094,0x94,2,cur_mid,0x00,1,1,0x02,0x00,0x0D,0x0D0002,0x00,0x0D,0x0D00,0x24,0x80,0x00,0x00,0x02,0x00000,0x000D00,0,0x00D00,1,0,current_low_write
87.112063,3841642,0x058B6D,0x0015,0x15,2,loop_high,0x0D,0,0,0x02,0x00,0x0D,0x0D0002,0x00,0x0D,0x0D00,0x24,0x80,0x00,0x00,0x02,0x00000,0x000D00,0,0x00D00,1,0,
87.112063,3841642,0x058B71,0x0095,0x95,2,cur_high,0x0D,1,1,0x02,0x00,0x0D,0x0D0002,0x00,0x0D,0x0D00,0x24,0x80,0x00,0x00,0x02,0x00000,0x000D00,0,0x00D00,1,0,current_pair_complete
87.112086,3841643,0x058B76,0x0096,0x96,2,ctrl,0x02,0,0,0x02,0x00,0x0D,0x0D0002,0x00,0x0D,0x0D00,0x24,0x80,0x00,0x00,0x02,0x00000,0x000D00,0,0x00D00,1,0,control_active
87.129206,3842398,0x058B7D,0x0014,0x14,2,loop_mid,0x00,0,0,0x02,0x00,0x0D,0x0D0002,0x00,0x0D,0x0D00,0x24,0x80,0x00,0x00,0x02,0x00000,0x000D00,0,0x00D00,1,0,
87.129206,3842398,0x058B81,0x0094,0x94,2,cur_mid,0x00,1,1,0x02,0x00,0x0D,0x0D0002,0x00,0x0D,0x0D00,0x24,0x80,0x00,0x00,0x02,0x00000,0x000D00,0,0x00D00,1,0,current_low_write
87.129229,3842399,0x058B86,0x0015,0x15,2,loop_high,0x0D,0,0,0x02,0x00,0x0D,0x0D0002,0x00,0x0D,0x0D00,0x24,0x80,0x00,0x00,0x02,0x00000,0x000D00,0,0x00D00,1,0,
87.129229,3842399,0x058B8A,0x0095,0x95,2,cur_high,0x0D,1,1,0x02,0x00,0x0D,0x0D0002,0x00,0x0D,0x0D00,0x24,0x80,0x00,0x00,0x02,0x00000,0x000D00,0,0x00D00,1,0,current_pair_complete
87.129252,3842400,0x058B8F,0x0096,0x96,2,ctrl,0x02,0,0,0x02,0x00,0x0D,0x0D0002,0x00,0x0D,0x0D00,0x24,0x80,0x00,0x00,0x02,0x00000,0x000D00,0,0x00D00,1,0,control_active
87.146349,3843154,0x058B96,0x0014,0x14,2,loop_mid,0x00,0,0,0x02,0x00,0x0D,0x0D0002,0x00,0x0D,0x0D00,0x24,0x80,0x00,0x00,0x02,0x00000,0x000D00,0,0x00D00,1,0,
87.146349,3843154,0x058B9A,0x0094,0x94,2,cur_mid,0x00,1,1,0x02,0x00,0x0D,0x0D0002,0x00,0x0D,0x0D00,0x24,0x80,0x00,0x00,0x02,0x00000,0x000D00,0,0x00D00,1,0,current_low_write
87.146372,3843155,0x058B9F,0x0015,0x15,2,loop_high,0x0D,0,0,0x02,0x00,0x0D,0x0D0002,0x00,0x0D,0x0D00,0x24,0x80,0x00,0x00,0x02,0x00000,0x000D00,0,0x00D00,1,0,
87.146372,3843155,0x058BA3,0x0095,0x95,2,cur_high,0x0D,1,1,0x02,0x00,0x0D,0x0D0002,0x00,0x0D,0x0D00,0x24,0x80,0x00,0x00,0x02,0x00000,0x000D00,0,0x00D00,1,0,current_pair_complete
87.146395,3843156,0x058BA8,0x0096,0x96,2,ctrl,0x02,0,0,0x02,0x00,0x0D,0x0D0002,0x00,0x0D,0x0D00,0x24,0x80,0x00,0x00,0x02,0x00000,0x000D00,0,0x00D00,1,0,control_active
87.163515,3843911,0x058BAF,0x0014,0x14,2,loop_mid,0x00,0,0,0x02,0x00,0x0D,0x0D0002,0x00,0x0D,0x0D00,0x24,0x80,0x00,0x00,0x02,0x00000,0x000D00,0,0x00D00,1,0,
87.163515,3843911,0x058BB3,0x0094,0x94,2,cur_mid,0x00,1,1,0x02,0x00,0x0D,0x0D0002,0x00,0x0D,0x0D00,0x24,0x80,0x00,0x00,0x02,0x00000,0x000D00,0,0x00D00,1,0,current_low_write
87.163537,3843912,0x058BB8,0x0015,0x15,2,loop_high,0x0D,0,0,0x02,0x00,0x0D,0x0D0002,0x00,0x0D,0x0D00,0x24,0x80,0x00,0x00,0x02,0x00000,0x000D00,0,0x00D00,1,0,
87.163537,3843912,0x058BBC,0x0095,0x95,2,cur_high,0x0D,1,1,0x02,0x00,0x0D,0x0D0002,0x00,0x0D,0x0D00,0x24,0x80,0x00,0x00,0x02,0x00000,0x000D00,0,0x00D00,1,0,current_pair_complete
87.163560,3843913,0x058BC1,0x0096,0x96,2,ctrl,0x02,0,0,0x02,0x00,0x0D,0x0D0002,0x00,0x0D,0x0D00,0x24,0x80,0x00,0x00,0x02,0x00000,0x000D00,0,0x00D00,1,0,control_active
87.180839,3844675,0x058BEE,0x0014,0x14,2,loop_mid,0x00,0,0,0x02,0x00,0x0D,0x0D0002,0x00,0x0D,0x0D00,0x24,0x80,0x00,0x00,0x02,0x00000,0x000D00,0,0x00D00,1,0,
87.180839,3844675,0x058BF2,0x0094,0x94,2,cur_mid,0x00,1,1,0x02,0x00,0x0D,0x0D0002,0x00,0x0D,0x0D00,0x24,0x80,0x00,0x00,0x02,0x00000,0x000D00,0,0x00D00,1,0,current_low_write
87.180862,3844676,0x058BF7,0x0015,0x15,2,loop_high,0x0D,0,0,0x02,0x00,0x0D,0x0D0002,0x00,0x0D,0x0D00,0x24,0x80,0x00,0x00,0x02,0x00000,0x000D00,0,0x00D00,1,0,
87.180862,3844676,0x058BFB,0x0095,0x95,2,cur_high,0x0D,1,1,0x02,0x00,0x0D,0x0D0002,0x00,0x0D,0x0D00,0x24,0x80,0x00,0x00,0x02,0x00000,0x000D00,0,0x00D00,1,0,current_pair_complete
87.180884,3844677,0x058C00,0x0096,0x96,2,ctrl,0x02,0,0,0x02,0x00,0x0D,0x0D0002,0x00,0x0D,0x0D00,0x24,0x80,0x00,0x00,0x02,0x00000,0x000D00,0,0x00D00,1,0,control_active
87.197800,3845423,0x058C06,0x0014,0x14,2,loop_mid,0x00,0,0,0x02,0x00,0x0D,0x0D0002,0x00,0x0D,0x0D00,0x24,0x80,0x00,0x00,0x02,0x00000,0x000D00,0,0x00D00,1,0,
87.197800,3845423,0x058C0A,0x0094,0x94,2,cur_mid,0x00,1,1,0x02,0x00,0x0D,0x0D0002,0x00,0x0D,0x0D00,0x24,0x80,0x00,0x00,0x02,0x00000,0x000D00,0,0x00D00,1,0,current_low_write
87.197823,3845424,0x058C0F,0x0015,0x15,2,loop_high,0x0D,0,0,0x02,0x00,0x0D,0x0D0002,0x00,0x0D,0x0D00,0x24,0x80,0x00,0x00,0x02,0x00000,0x000D00,0,0x00D00,1,0,
87.197823,3845424,0x058C13,0x0095,0x95,2,cur_high,0x0D,1,1,0x02,0x00,0x0D,0x0D0002,0x00,0x0D,0x0D00,0x24,0x80,0x00,0x00,0x02,0x00000,0x000D00,0,0x00D00,1,0,current_pair_complete
87.197846,3845425,0x058C18,0x0096,0x96,2,ctrl,0x02,0,0,0x02,0x00,0x0D,0x0D0002,0x00,0x0D,0x0D00,0x24,0x80,0x00,0x00,0x02,0x00000,0x000D00,0,0x00D00,1,0,control_active
87.214966,3846180,0x058C1F,0x0014,0x14,2,loop_mid,0x00,0,0,0x02,0x00,0x0D,0x0D0002,0x00,0x0D,0x0D00,0x24,0x80,0x00,0x00,0x02,0x00000,0x000D00,0,0x00D00,1,0,
87.214966,3846180,0x058C23,0x0094,0x94,2,cur_mid,0x00,1,1,0x02,0x00,0x0D,0x0D0002,0x00,0x0D,0x0D00,0x24,0x80,0x00,0x00,0x02,0x00000,0x000D00,0,0x00D00,1,0,current_low_write
87.214989,3846181,0x058C28,0x0015,0x15,2,loop_high,0x0D,0,0,0x02,0x00,0x0D,0x0D0002,0x00,0x0D,0x0D00,0x24,0x80,0x00,0x00,0x02,0x00000,0x000D00,0,0x00D00,1,0,
87.214989,3846181,0x058C2C,0x0095,0x95,2,cur_high,0x0D,1,1,0x02,0x00,0x0D,0x0D0002,0x00,0x0D,0x0D00,0x24,0x80,0x00,0x00,0x02,0x00000,0x000D00,0,0x00D00,1,0,current_pair_complete
87.215011,3846182,0x058C31,0x0096,0x96,2,ctrl,0x02,0,0,0x02,0x00,0x0D,0x0D0002,0x00,0x0D,0x0D00,0x24,0x80,0x00,0x00,0x02,0x00000,0x000D00,0,0x00D00,1,0,control_active
87.232109,3846936,0x058C38,0x0014,0x14,2,loop_mid,0x00,0,0,0x02,0x00,0x0D,0x0D0002,0x00,0x0D,0x0D00,0x24,0x80,0x00,0x00,0x02,0x00000,0x000D00,0,0x00D00,1,0,
87.232109,3846936,0x058C3C,0x0094,0x94,2,cur_mid,0x00,1,1,0x02,0x00,0x0D,0x0D0002,0x00,0x0D,0x0D00,0x24,0x80,0x00,0x00,0x02,0x00000,0x000D00,0,0x00D00,1,0,current_low_write
87.232132,3846937,0x058C41,0x0015,0x15,2,loop_high,0x0D,0,0,0x02,0x00,0x0D,0x0D0002,0x00,0x0D,0x0D00,0x24,0x80,0x00,0x00,0x02,0x00000,0x000D00,0,0x00D00,1,0,
87.232132,3846937,0x058C45,0x0095,0x95,2,cur_high,0x0D,1,1,0x02,0x00,0x0D,0x0D0002,0x00,0x0D,0x0D00,0x24,0x80,0x00,0x00,0x02,0x00000,0x000D00,0,0x00D00,1,0,current_pair_complete
87.232154,3846938,0x058C4A,0x0096,0x96,2,ctrl,0x02,0,0,0x02,0x00,0x0D,0x0D0002,0x00,0x0D,0x0D00,0x24,0x80,0x00,0x00,0x02,0x00000,0x000D00,0,0x00D00,1,0,control_active
87.249274,3847693,0x058C51,0x0014,0x14,2,loop_mid,0x00,0,0,0x02,0x00,0x0D,0x0D0002,0x00,0x0D,0x0D00,0x24,0x80,0x00,0x00,0x02,0x00000,0x000D00,0,0x00D00,1,0,
87.249274,3847693,0x058C55,0x0094,0x94,2,cur_mid,0x00,1,1,0x02,0x00,0x0D,0x0D0002,0x00,0x0D,0x0D00,0x24,0x80,0x00,0x00,0x02,0x00000,0x000D00,0,0x00D00,1,0,current_low_write
87.249297,3847694,0x058C5A,0x0015,0x15,2,loop_high,0x0D,0,0,0x02,0x00,0x0D,0x0D0002,0x00,0x0D,0x0D00,0x24,0x80,0x00,0x00,0x02,0x00000,0x000D00,0,0x00D00,1,0,
87.249297,3847694,0x058C5E,0x0095,0x95,2,cur_high,0x0D,1,1,0x02,0x00,0x0D,0x0D0002,0x00,0x0D,0x0D00,0x24,0x80,0x00,0x00,0x02,0x00000,0x000D00,0,0x00D00,1,0,current_pair_complete
87.249320,3847695,0x058C63,0x0096,0x96,2,ctrl,0x02,0,0,0x02,0x00,0x0D,0x0D0002,0x00,0x0D,0x0D00,0x24,0x80,0x00,0x00,0x02,0x00000,0x000D00,0,0x00D00,1,0,control_active
87.266417,3848449,0x058C6A,0x0014,0x14,2,loop_mid,0x00,0,0,0x02,0x00,0x0D,0x0D0002,0x00,0x0D,0x0D00,0x24,0x80,0x00,0x00,0x02,0x00000,0x000D00,0,0x00D00,1,0,
87.266417,3848449,0x058C6E,0x0094,0x94,2,cur_mid,0x00,1,1,0x02,0x00,0x0D,0x0D0002,0x00,0x0D,0x0D00,0x24,0x80,0x00,0x00,0x02,0x00000,0x000D00,0,0x00D00,1,0,current_low_write
87.266440,3848450,0x058C73,0x0015,0x15,2,loop_high,0x0D,0,0,0x02,0x00,0x0D,0x0D0002,0x00,0x0D,0x0D00,0x24,0x80,0x00,0x00,0x02,0x00000,0x000D00,0,0x00D00,1,0,
87.266440,3848450,0x058C77,0x0095,0x95,2,cur_high,0x0D,1,1,0x02,0x00,0x0D,0x0D0002,0x00,0x0D,0x0D00,0x24,0x80,0x00,0x00,0x02,0x00000,0x000D00,0,0x00D00,1,0,current_pair_complete
87.266463,3848451,0x058C7C,0x0096,0x96,2,ctrl,0x02,0,0,0x02,0x00,0x0D,0x0D0002,0x00,0x0D,0x0D00,0x24,0x80,0x00,0x00,0x02,0x00000,0x000D00,0,0x00D00,1,0,control_active
87.283560,3849205,0x058C83,0x0014,0x14,2,loop_mid,0x00,0,0,0x02,0x00,0x0D,0x0D0002,0x00,0x0D,0x0D00,0x24,0x80,0x00,0x00,0x02,0x00000,0x000D00,0,0x00D00,1,0,
87.283560,3849205,0x058C87,0x0094,0x94,2,cur_mid,0x00,1,1,0x02,0x00,0x0D,0x0D0002,0x00,0x0D,0x0D00,0x24,0x80,0x00,0x00,0x02,0x00000,0x000D00,0,0x00D00,1,0,current_low_write
87.283583,3849206,0x058C8C,0x0015,0x15,2,loop_high,0x0D,0,0,0x02,0x00,0x0D,0x0D0002,0x00,0x0D,0x0D00,0x24,0x80,0x00,0x00,0x02,0x00000,0x000D00,0,0x00D00,1,0,
87.283583,3849206,0x058C90,0x0095,0x95,2,cur_high,0x0D,1,1,0x02,0x00,0x0D,0x0D0002,0x00,0x0D,0x0D00,0x24,0x80,0x00,0x00,0x02,0x00000,0x000D00,0,0x00D00,1,0,current_pair_complete
87.283605,3849207,0x058C95,0x0096,0x96,2,ctrl,0x02,0,0,0x02,0x00,0x0D,0x0D0002,0x00,0x0D,0x0D00,0x24,0x80,0x00,0x00,0x02,0x00000,0x000D00,0,0x00D00,1,0,control_active
87.300726,3849962,0x058C9C,0x0014,0x14,2,loop_mid,0x00,0,0,0x02,0x00,0x0D,0x0D0002,0x00,0x0D,0x0D00,0x24,0x80,0x00,0x00,0x02,0x00000,0x000D00,0,0x00D00,1,0,
87.300726,3849962,0x058CA0,0x0094,0x94,2,cur_mid,0x00,1,1,0x02,0x00,0x0D,0x0D0002,0x00,0x0D,0x0D00,0x24,0x80,0x00,0x00,0x02,0x00000,0x000D00,0,0x00D00,1,0,current_low_write
87.300748,3849963,0x058CA5,0x0015,0x15,2,loop_high,0x0D,0,0,0x02,0x00,0x0D,0x0D0002,0x00,0x0D,0x0D00,0x24,0x80,0x00,0x00,0x02,0x00000,0x000D00,0,0x00D00,1,0,
87.300748,3849963,0x058CA9,0x0095,0x95,2,cur_high,0x0D,1,1,0x02,0x00,0x0D,0x0D0002,0x00,0x0D,0x0D00,0x24,0x80,0x00,0x00,0x02,0x00000,0x000D00,0,0x00D00,1,0,current_pair_complete
87.300771,3849964,0x058CAE,0x0096,0x96,2,ctrl,0x02,0,0,0x02,0x00,0x0D,0x0D0002,0x00,0x0D,0x0D00,0x24,0x80,0x00,0x00,0x02,0x00000,0x000D00,0,0x00D00,1,0,control_active
87.318390,3850741,0x058D1E,0x0014,0x14,2,loop_mid,0x00,0,0,0x02,0x00,0x0D,0x0D0002,0x00,0x0D,0x0D00,0x24,0x80,0x00,0x00,0x02,0x00000,0x000D00,0,0x00D00,1,0,
87.318390,3850741,0x058D22,0x0094,0x94,2,cur_mid,0x00,1,1,0x02,0x00,0x0D,0x0D0002,0x00,0x0D,0x0D00,0x24,0x80,0x00,0x00,0x02,0x00000,0x000D00,0,0x00D00,1,0,current_low_write
87.318413,3850742,0x058D27,0x0015,0x15,2,loop_high,0x0D,0,0,0x02,0x00,0x0D,0x0D0002,0x00,0x0D,0x0D00,0x24,0x80,0x00,0x00,0x02,0x00000,0x000D00,0,0x00D00,1,0,
87.318413,3850742,0x058D2B,0x0095,0x95,2,cur_high,0x0D,1,1,0x02,0x00,0x0D,0x0D0002,0x00,0x0D,0x0D00,0x24,0x80,0x00,0x00,0x02,0x00000,0x000D00,0,0x00D00,1,0,current_pair_complete
87.318435,3850743,0x058D30,0x0096,0x96,2,ctrl,0x02,0,0,0x02,0x00,0x0D,0x0D0002,0x00,0x0D,0x0D00,0x24,0x80,0x00,0x00,0x02,0x00000,0x000D00,0,0x00D00,1,0,control_active
87.335193,3851482,0x058D67,0x0014,0x14,2,loop_mid,0x00,0,0,0x02,0x00,0x0D,0x0D0002,0x00,0x0D,0x0D00,0x24,0x80,0x00,0x00,0x02,0x00000,0x000D00,0,0x00D00,1,0,
87.335193,3851482,0x058D6B,0x0094,0x94,2,cur_mid,0x00,1,1,0x02,0x00,0x0D,0x0D0002,0x00,0x0D,0x0D00,0x24,0x80,0x00,0x00,0x02,0x00000,0x000D00,0,0x00D00,1,0,current_low_write
87.335215,3851483,0x058D70,0x0015,0x15,2,loop_high,0x0D,0,0,0x02,0x00,0x0D,0x0D0002,0x00,0x0D,0x0D00,0x24,0x80,0x00,0x00,0x02,0x00000,0x000D00,0,0x00D00,1,0,
87.335215,3851483,0x058D74,0x0095,0x95,2,cur_high,0x0D,1,1,0x02,0x00,0x0D,0x0D0002,0x00,0x0D,0x0D00,0x24,0x80,0x00,0x00,0x02,0x00000,0x000D00,0,0x00D00,1,0,current_pair_complete
87.335238,3851484,0x058D79,0x0096,0x96,2,ctrl,0x02,0,0,0x02,0x00,0x0D,0x0D0002,0x00,0x0D,0x0D00,0x24,0x80,0x00,0x00,0x02,0x00000,0x000D00,0,0x00D00,1,0,control_active
87.352336,3852238,0x058D98,0x0014,0x14,2,loop_mid,0x00,0,0,0x02,0x00,0x0D,0x0D0002,0x00,0x0D,0x0D00,0x24,0x80,0x00,0x00,0x02,0x00000,0x000D00,0,0x00D00,1,0,
87.352336,3852238,0x058D9C,0x0094,0x94,2,cur_mid,0x00,1,1,0x02,0x00,0x0D,0x0D0002,0x00,0x0D,0x0D00,0x24,0x80,0x00,0x00,0x02,0x00000,0x000D00,0,0x00D00,1,0,current_low_write
87.352358,3852239,0x058DA1,0x0015,0x15,2,loop_high,0x0D,0,0,0x02,0x00,0x0D,0x0D0002,0x00,0x0D,0x0D00,0x24,0x80,0x00,0x00,0x02,0x00000,0x000D00,0,0x00D00,1,0,
87.352358,3852239,0x058DA5,0x0095,0x95,2,cur_high,0x0D,1,1,0x02,0x00,0x0D,0x0D0002,0x00,0x0D,0x0D00,0x24,0x80,0x00,0x00,0x02,0x00000,0x000D00,0,0x00D00,1,0,current_pair_complete
87.352381,3852240,0x058DAA,0x0096,0x96,2,ctrl,0x02,0,0,0x02,0x00,0x0D,0x0D0002,0x00,0x0D,0x0D00,0x24,0x80,0x00,0x00,0x02,0x00000,0x000D00,0,0x00D00,1,0,control_active
87.369478,3852994,0x058DC9,0x0014,0x14,2,loop_mid,0x00,0,0,0x02,0x00,0x0D,0x0D0002,0x00,0x0D,0x0D00,0x24,0x80,0x00,0x00,0x02,0x00000,0x000D00,0,0x00D00,1,0,
87.369478,3852994,0x058DCD,0x0094,0x94,2,cur_mid,0x00,1,1,0x02,0x00,0x0D,0x0D0002,0x00,0x0D,0x0D00,0x24,0x80,0x00,0x00,0x02,0x00000,0x000D00,0,0x00D00,1,0,current_low_write
87.369501,3852995,0x058DD2,0x0015,0x15,2,loop_high,0x0D,0,0,0x02,0x00,0x0D,0x0D0002,0x00,0x0D,0x0D00,0x24,0x80,0x00,0x00,0x02,0x00000,0x000D00,0,0x00D00,1,0,
87.369501,3852995,0x058DD6,0x0095,0x95,2,cur_high,0x0D,1,1,0x02,0x00,0x0D,0x0D0002,0x00,0x0D,0x0D00,0x24,0x80,0x00,0x00,0x02,0x00000,0x000D00,0,0x00D00,1,0,current_pair_complete
87.369524,3852996,0x058DDB,0x0096,0x96,2,ctrl,0x02,0,0,0x02,0x00,0x0D,0x0D0002,0x00,0x0D,0x0D00,0x24,0x80,0x00,0x00,0x02,0x00000,0x000D00,0,0x00D00,1,0,control_active
87.386644,3853751,0x058DF8,0x0014,0x14,2,loop_mid,0x00,0,0,0x02,0x00,0x0D,0x0D0002,0x00,0x0D,0x0D00,0x24,0x80,0x00,0x00,0x02,0x00000,0x000D00,0,0x00D00,1,0,
87.386644,3853751,0x058DFC,0x0094,0x94,2,cur_mid,0x00,1,1,0x02,0x00,0x0D,0x0D0002,0x00,0x0D,0x0D00,0x24,0x80,0x00,0x00,0x02,0x00000,0x000D00,0,0x00D00,1,0,current_low_write
87.386667,3853752,0x058E01,0x0015,0x15,2,loop_high,0x0D,0,0,0x02,0x00,0x0D,0x0D0002,0x00,0x0D,0x0D00,0x24,0x80,0x00,0x00,0x02,0x00000,0x000D00,0,0x00D00,1,0,
87.386667,3853752,0x058E05,0x0095,0x95,2,cur_high,0x0D,1,1,0x02,0x00,0x0D,0x0D0002,0x00,0x0D,0x0D00,0x24,0x80,0x00,0x00,0x02,0x00000,0x000D00,0,0x00D00,1,0,current_pair_complete
87.386689,3853753,0x058E0A,0x0096,0x96,2,ctrl,0x02,0,0,0x02,0x00,0x0D,0x0D0002,0x00,0x0D,0x0D00,0x24,0x80,0x00,0x00,0x02,0x00000,0x000D00,0,0x00D00,1,0,control_active
87.403787,3854507,0x058E29,0x0014,0x14,2,loop_mid,0x00,0,0,0x02,0x00,0x0D,0x0D0002,0x00,0x0D,0x0D00,0x24,0x80,0x00,0x00,0x02,0x00000,0x000D00,0,0x00D00,1,0,
87.403787,3854507,0x058E2D,0x0094,0x94,2,cur_mid,0x00,1,1,0x02,0x00,0x0D,0x0D0002,0x00,0x0D,0x0D00,0x24,0x80,0x00,0x00,0x02,0x00000,0x000D00,0,0x00D00,1,0,current_low_write
87.403810,3854508,0x058E32,0x0015,0x15,2,loop_high,0x0D,0,0,0x02,0x00,0x0D,0x0D0002,0x00,0x0D,0x0D00,0x24,0x80,0x00,0x00,0x02,0x00000,0x000D00,0,0x00D00,1,0,
87.403810,3854508,0x058E36,0x0095,0x95,2,cur_high,0x0D,1,1,0x02,0x00,0x0D,0x0D0002,0x00,0x0D,0x0D00,0x24,0x80,0x00,0x00,0x02,0x00000,0x000D00,0,0x00D00,1,0,current_pair_complete
87.403832,3854509,0x058E3B,0x0096,0x96,2,ctrl,0x02,0,0,0x02,0x00,0x0D,0x0D0002,0x00,0x0D,0x0D00,0x24,0x80,0x00,0x00,0x02,0x00000,0x000D00,0,0x00D00,1,0,control_active
87.420952,3855264,0x058E58,0x0014,0x14,2,loop_mid,0x00,0,0,0x02,0x00,0x0D,0x0D0002,0x00,0x0D,0x0D00,0x24,0x80,0x00,0x00,0x02,0x00000,0x000D00,0,0x00D00,1,0,
87.420952,3855264,0x058E5C,0x0094,0x94,2,cur_mid,0x00,1,1,0x02,0x00,0x0D,0x0D0002,0x00,0x0D,0x0D00,0x24,0x80,0x00,0x00,0x02,0x00000,0x000D00,0,0x00D00,1,0,current_low_write
87.420975,3855265,0x058E61,0x0015,0x15,2,loop_high,0x0D,0,0,0x02,0x00,0x0D,0x0D0002,0x00,0x0D,0x0D00,0x24,0x80,0x00,0x00,0x02,0x00000,0x000D00,0,0x00D00,1,0,
87.420975,3855265,0x058E65,0x0095,0x95,2,cur_high,0x0D,1,1,0x02,0x00,0x0D,0x0D0002,0x00,0x0D,0x0D00,0x24,0x80,0x00,0x00,0x02,0x00000,0x000D00,0,0x00D00,1,0,current_pair_complete
87.420998,3855266,0x058E6A,0x0096,0x96,2,ctrl,0x02,0,0,0x02,0x00,0x0D,0x0D0002,0x00,0x0D,0x0D00,0x24,0x80,0x00,0x00,0x02,0x00000,0x000D00,0,0x00D00,1,0,control_active
87.438095,3856020,0x058E89,0x0014,0x14,2,loop_mid,0x00,0,0,0x02,0x00,0x0D,0x0D0002,0x00,0x0D,0x0D00,0x24,0x80,0x00,0x00,0x02,0x00000,0x000D00,0,0x00D00,1,0,
87.438095,3856020,0x058E8D,0x0094,0x94,2,cur_mid,0x00,1,1,0x02,0x00,0x0D,0x0D0002,0x00,0x0D,0x0D00,0x24,0x80,0x00,0x00,0x02,0x00000,0x000D00,0,0x00D00,1,0,current_low_write
87.438118,3856021,0x058E92,0x0015,0x15,2,loop_high,0x0D,0,0,0x02,0x00,0x0D,0x0D0002,0x00,0x0D,0x0D00,0x24,0x80,0x00,0x00,0x02,0x00000,0x000D00,0,0x00D00,1,0,
87.438118,3856021,0x058E96,0x0095,0x95,2,cur_high,0x0D,1,1,0x02,0x00,0x0D,0x0D0002,0x00,0x0D,0x0D00,0x24,0x80,0x00,0x00,0x02,0x00000,0x000D00,0,0x00D00,1,0,current_pair_complete
87.438141,3856022,0x058E9B,0x0096,0x96,2,ctrl,0x02,0,0,0x02,0x00,0x0D,0x0D0002,0x00,0x0D,0x0D00,0x24,0x80,0x00,0x00,0x02,0x00000,0x000D00,0,0x00D00,1,0,control_active
87.455261,3856777,0x058EC8,0x0014,0x14,2,loop_mid,0x00,0,0,0x02,0x00,0x0D,0x0D0002,0x00,0x0D,0x0D00,0x24,0x80,0x00,0x00,0x02,0x00000,0x000D00,0,0x00D00,1,0,
87.455261,3856777,0x058ECC,0x0094,0x94,2,cur_mid,0x00,1,1,0x02,0x00,0x0D,0x0D0002,0x00,0x0D,0x0D00,0x24,0x80,0x00,0x00,0x02,0x00000,0x000D00,0,0x00D00,1,0,current_low_write
87.455283,3856778,0x058ED1,0x0015,0x15,2,loop_high,0x0D,0,0,0x02,0x00,0x0D,0x0D0002,0x00,0x0D,0x0D00,0x24,0x80,0x00,0x00,0x02,0x00000,0x000D00,0,0x00D00,1,0,
87.455283,3856778,0x058ED5,0x0095,0x95,2,cur_high,0x0D,1,1,0x02,0x00,0x0D,0x0D0002,0x00,0x0D,0x0D00,0x24,0x80,0x00,0x00,0x02,0x00000,0x000D00,0,0x00D00,1,0,current_pair_complete
87.455306,3856779,0x058EDA,0x0096,0x96,2,ctrl,0x02,0,0,0x02,0x00,0x0D,0x0D0002,0x00,0x0D,0x0D00,0x24,0x80,0x00,0x00,0x02,0x00000,0x000D00,0,0x00D00,1,0,control_active
87.472404,3857533,0x058EF9,0x0014,0x14,2,loop_mid,0x00,0,0,0x02,0x00,0x0D,0x0D0002,0x00,0x0D,0x0D00,0x24,0x80,0x00,0x00,0x02,0x00000,0x000D00,0,0x00D00,1,0,
87.472404,3857533,0x058EFD,0x0094,0x94,2,cur_mid,0x00,1,1,0x02,0x00,0x0D,0x0D0002,0x00,0x0D,0x0D00,0x24,0x80,0x00,0x00,0x02,0x00000,0x000D00,0,0x00D00,1,0,current_low_write
87.472426,3857534,0x058F02,0x0015,0x15,2,loop_high,0x0D,0,0,0x02,0x00,0x0D,0x0D0002,0x00,0x0D,0x0D00,0x24,0x80,0x00,0x00,0x02,0x00000,0x000D00,0,0x00D00,1,0,
87.472426,3857534,0x058F06,0x0095,0x95,2,cur_high,0x0D,1,1,0x02,0x00,0x0D,0x0D0002,0x00,0x0D,0x0D00,0x24,0x80,0x00,0x00,0x02,0x00000,0x000D00,0,0x00D00,1,0,current_pair_complete
87.472449,3857535,0x058F0B,0x0096,0x96,2,ctrl,0x02,0,0,0x02,0x00,0x0D,0x0D0002,0x00,0x0D,0x0D00,0x24,0x80,0x00,0x00,0x02,0x00000,0x000D00,0,0x00D00,1,0,control_active
87.489546,3858289,0x058F2A,0x0014,0x14,2,loop_mid,0x00,0,0,0x02,0x00,0x0D,0x0D0002,0x00,0x0D,0x0D00,0x24,0x80,0x00,0x00,0x02,0x00000,0x000D00,0,0x00D00,1,0,
87.489546,3858289,0x058F2E,0x0094,0x94,2,cur_mid,0x00,1,1,0x02,0x00,0x0D,0x0D0002,0x00,0x0D,0x0D00,0x24,0x80,0x00,0x00,0x02,0x00000,0x000D00,0,0x00D00,1,0,current_low_write
87.489569,3858290,0x058F33,0x0015,0x15,2,loop_high,0x0D,0,0,0x02,0x00,0x0D,0x0D0002,0x00,0x0D,0x0D00,0x24,0x80,0x00,0x00,0x02,0x00000,0x000D00,0,0x00D00,1,0,
87.489569,3858290,0x058F37,0x0095,0x95,2,cur_high,0x0D,1,1,0x02,0x00,0x0D,0x0D0002,0x00,0x0D,0x0D00,0x24,0x80,0x00,0x00,0x02,0x00000,0x000D00,0,0x00D00,1,0,current_pair_complete
87.489592,3858291,0x058F3C,0x0096,0x96,2,ctrl,0x02,0,0,0x02,0x00,0x0D,0x0D0002,0x00,0x0D,0x0D00,0x24,0x80,0x00,0x00,0x02,0x00000,0x000D00,0,0x00D00,1,0,control_active
87.506712,3859046,0x058F59,0x0014,0x14,2,loop_mid,0x00,0,0,0x02,0x00,0x0D,0x0D0002,0x00,0x0D,0x0D00,0x24,0x80,0x00,0x00,0x02,0x00000,0x000D00,0,0x00D00,1,0,
87.506712,3859046,0x058F5D,0x0094,0x94,2,cur_mid,0x00,1,1,0x02,0x00,0x0D,0x0D0002,0x00,0x0D,0x0D00,0x24,0x80,0x00,0x00,0x02,0x00000,0x000D00,0,0x00D00,1,0,current_low_write
87.506735,3859047,0x058F62,0x0015,0x15,2,loop_high,0x0D,0,0,0x02,0x00,0x0D,0x0D0002,0x00,0x0D,0x0D00,0x24,0x80,0x00,0x00,0x02,0x00000,0x000D00,0,0x00D00,1,0,
87.506735,3859047,0x058F66,0x0095,0x95,2,cur_high,0x0D,1,1,0x02,0x00,0x0D,0x0D0002,0x00,0x0D,0x0D00,0x24,0x80,0x00,0x00,0x02,0x00000,0x000D00,0,0x00D00,1,0,current_pair_complete
87.506757,3859048,0x058F6B,0x0096,0x96,2,ctrl,0x02,0,0,0x02,0x00,0x0D,0x0D0002,0x00,0x0D,0x0D00,0x24,0x80,0x00,0x00,0x02,0x00000,0x000D00,0,0x00D00,1,0,control_active
87.523855,3859802,0x058F8A,0x0014,0x14,2,loop_mid,0x00,0,0,0x02,0x00,0x0D,0x0D0002,0x00,0x0D,0x0D00,0x24,0x80,0x00,0x00,0x02,0x00000,0x000D00,0,0x00D00,1,0,
87.523855,3859802,0x058F8E,0x0094,0x94,2,cur_mid,0x00,1,1,0x02,0x00,0x0D,0x0D0002,0x00,0x0D,0x0D00,0x24,0x80,0x00,0x00,0x02,0x00000,0x000D00,0,0x00D00,1,0,current_low_write
87.523878,3859803,0x058F93,0x0015,0x15,2,loop_high,0x0D,0,0,0x02,0x00,0x0D,0x0D0002,0x00,0x0D,0x0D00,0x24,0x80,0x00,0x00,0x02,0x00000,0x000D00,0,0x00D00,1,0,
87.523878,3859803,0x058F97,0x0095,0x95,2,cur_high,0x0D,1,1,0x02,0x00,0x0D,0x0D0002,0x00,0x0D,0x0D00,0x24,0x80,0x00,0x00,0x02,0x00000,0x000D00,0,0x00D00,1,0,current_pair_complete
87.523900,3859804,0x058F9C,0x0096,0x96,2,ctrl,0x02,0,0,0x02,0x00,0x0D,0x0D0002,0x00,0x0D,0x0D00,0x24,0x80,0x00,0x00,0x02,0x00000,0x000D00,0,0x00D00,1,0,control_active
87.540998,3860558,0x058FBB,0x0014,0x14,2,loop_mid,0x00,0,0,0x02,0x00,0x0D,0x0D0002,0x00,0x0D,0x0D00,0x24,0x80,0x00,0x00,0x02,0x00000,0x000D00,0,0x00D00,1,0,
87.540998,3860558,0x058FBF,0x0094,0x94,2,cur_mid,0x00,1,1,0x02,0x00,0x0D,0x0D0002,0x00,0x0D,0x0D00,0x24,0x80,0x00,0x00,0x02,0x00000,0x000D00,0,0x00D00,1,0,current_low_write
87.541020,3860559,0x058FC4,0x0015,0x15,2,loop_high,0x0D,0,0,0x02,0x00,0x0D,0x0D0002,0x00,0x0D,0x0D00,0x24,0x80,0x00,0x00,0x02,0x00000,0x000D00,0,0x00D00,1,0,
87.541020,3860559,0x058FC8,0x0095,0x95,2,cur_high,0x0D,1,1,0x02,0x00,0x0D,0x0D0002,0x00,0x0D,0x0D00,0x24,0x80,0x00,0x00,0x02,0x00000,0x000D00,0,0x00D00,1,0,current_pair_complete
87.541043,3860560,0x058FCD,0x0096,0x96,2,ctrl,0x02,0,0,0x02,0x00,0x0D,0x0D0002,0x00,0x0D,0x0D00,0x24,0x80,0x00,0x00,0x02,0x00000,0x000D00,0,0x00D00,1,0,control_active
87.558163,3861315,0x058FEA,0x0014,0x14,2,loop_mid,0x00,0,0,0x02,0x00,0x0D,0x0D0002,0x00,0x0D,0x0D00,0x24,0x80,0x00,0x00,0x02,0x00000,0x000D00,0,0x00D00,1,0,
87.558163,3861315,0x058FEE,0x0094,0x94,2,cur_mid,0x00,1,1,0x02,0x00,0x0D,0x0D0002,0x00,0x0D,0x0D00,0x24,0x80,0x00,0x00,0x02,0x00000,0x000D00,0,0x00D00,1,0,current_low_write
87.558186,3861316,0x058FF3,0x0015,0x15,2,loop_high,0x0D,0,0,0x02,0x00,0x0D,0x0D0002,0x00,0x0D,0x0D00,0x24,0x80,0x00,0x00,0x02,0x00000,0x000D00,0,0x00D00,1,0,
87.558186,3861316,0x058FF7,0x0095,0x95,2,cur_high,0x0D,1,1,0x02,0x00,0x0D,0x0D0002,0x00,0x0D,0x0D00,0x24,0x80,0x00,0x00,0x02,0x00000,0x000D00,0,0x00D00,1,0,current_pair_complete
87.558209,3861317,0x058FFC,0x0096,0x96,2,ctrl,0x02,0,0,0x02,0x00,0x0D,0x0D0002,0x00,0x0D,0x0D00,0x24,0x80,0x00,0x00,0x02,0x00000,0x000D00,0,0x00D00,1,0,control_active
87.575306,3862071,0x05901B,0x0014,0x14,2,loop_mid,0x00,0,0,0x02,0x00,0x0D,0x0D0002,0x00,0x0D,0x0D00,0x24,0x80,0x00,0x00,0x02,0x00000,0x000D00,0,0x00D00,1,0,
87.575306,3862071,0x05901F,0x0094,0x94,2,cur_mid,0x00,1,1,0x02,0x00,0x0D,0x0D0002,0x00,0x0D,0x0D00,0x24,0x80,0x00,0x00,0x02,0x00000,0x000D00,0,0x00D00,1,0,current_low_write
87.575329,3862072,0x059024,0x0015,0x15,2,loop_high,0x0D,0,0,0x02,0x00,0x0D,0x0D0002,0x00,0x0D,0x0D00,0x24,0x80,0x00,0x00,0x02,0x00000,0x000D00,0,0x00D00,1,0,
87.575329,3862072,0x059028,0x0095,0x95,2,cur_high,0x0D,1,1,0x02,0x00,0x0D,0x0D0002,0x00,0x0D,0x0D00,0x24,0x80,0x00,0x00,0x02,0x00000,0x000D00,0,0x00D00,1,0,current_pair_complete
87.575351,3862073,0x05902D,0x0096,0x96,2,ctrl,0x02,0,0,0x02,0x00,0x0D,0x0D0002,0x00,0x0D,0x0D00,0x24,0x80,0x00,0x00,0x02,0x00000,0x000D00,0,0x00D00,1,0,control_active
87.592698,3862838,0x059075,0x0010,0x10,2,cur_low,0x03,0,0,0x03,0x00,0x0D,0x0D0003,0x00,0x0D,0x0D00,0x24,0x80,0x00,0x00,0x02,0x00000,0x000D00,0,0x00D00,1,0,
87.592721,3862839,0x05907A,0x0012,0x12,2,vol_l,0x1E,0,0,0x03,0x00,0x0D,0x0D0003,0x00,0x0D,0x0D00,0x24,0x80,0x1E,0x00,0x02,0x00000,0x000D00,0,0x00D00,1,1,volume_on
87.592721,3862839,0x05907E,0x0013,0x13,2,vol_r,0x0D,1,1,0x03,0x00,0x0D,0x0D0003,0x00,0x0D,0x0D00,0x24,0x80,0x1E,0x0D,0x02,0x00000,0x000D00,0,0x00D00,1,1,
87.592744,3862840,0x059083,0x0014,0x14,2,loop_mid,0x00,0,0,0x03,0x00,0x0D,0x0D0003,0x00,0x0D,0x0D00,0x24,0x80,0x1E,0x0D,0x02,0x00000,0x000D00,0,0x00D00,1,1,
87.592744,3862840,0x059087,0x0094,0x94,2,cur_mid,0x00,1,1,0x03,0x00,0x0D,0x0D0003,0x00,0x0D,0x0D00,0x24,0x80,0x1E,0x0D,0x02,0x00000,0x000D00,0,0x00D00,1,1,current_low_write
87.592766,3862841,0x05908C,0x0015,0x15,2,loop_high,0x25,0,0,0x03,0x00,0x0D,0x0D0003,0x00,0x25,0x2500,0x24,0x80,0x1E,0x0D,0x02,0x00000,0x000D00,0,0x00D00,1,1,
87.592766,3862841,0x059090,0x0095,0x95,2,cur_high,0x25,1,1,0x03,0x00,0x25,0x250003,0x00,0x25,0x2500,0x24,0x80,0x1E,0x0D,0x02,0x00000,0x002500,0,0x02500,1,1,current_pair_complete
87.592766,3862841,0x059094,0x0016,0x16,2,end,0x53,2,2,0x03,0x00,0x25,0x250003,0x00,0x25,0x2500,0x53,0x80,0x1E,0x0D,0x02,0x00000,0x002500,0,0x02500,1,1,
87.592789,3862842,0x059099,0x0017,0x17,2,delta,0xA0,0,0,0x03,0x00,0x25,0x250003,0x00,0x25,0x2500,0x53,0xA0,0x1E,0x0D,0x02,0x00000,0x002500,0,0x02500,1,1,
87.592789,3862842,0x05909D,0x0096,0x96,2,ctrl,0x02,1,1,0x03,0x00,0x25,0x250003,0x00,0x25,0x2500,0x53,0xA0,0x1E,0x0D,0x02,0x00000,0x002500,0,0x02500,1,1,retrigger_commit
87.866939,3874932,0x059515,0x0014,0x14,2,loop_mid,0x00,0,0,0x03,0x00,0x25,0x250003,0x00,0x25,0x2500,0x53,0xA0,0x1E,0x0D,0x02,0x00000,0x002500,0,0x02500,1,1,
87.866939,3874932,0x059519,0x0094,0x94,2,cur_mid,0x00,1,1,0x03,0x00,0x25,0x250003,0x00,0x25,0x2500,0x53,0xA0,0x1E,0x0D,0x02,0x00000,0x002500,0,0x02500,1,1,current_low_write
87.866939,3874932,0x05951D,0x0015,0x15,2,loop_high,0xEA,2,2,0x03,0x00,0x25,0x250003,0x00,0xEA,0xEA00,0x53,0xA0,0x1E,0x0D,0x02,0x00000,0x002500,0,0x02500,1,1,
87.866961,3874933,0x059522,0x0095,0x95,2,cur_high,0xEA,0,0,0x03,0x00,0xEA,0xEA0003,0x00,0xEA,0xEA00,0x53,0xA0,0x1E,0x0D,0x02,0x00000,0x00EA00,1,0x08600,1,1,current_pair_complete
87.866961,3874933,0x059526,0x0016,0x16,2,end,0xF1,1,1,0x03,0x00,0xEA,0xEA0003,0x00,0xEA,0xEA00,0xF1,0xA0,0x1E,0x0D,0x02,0x00000,0x00EA00,1,0x08600,1,1,
87.866984,3874934,0x05952B,0x0096,0x96,2,ctrl,0x02,0,0,0x03,0x00,0xEA,0xEA0003,0x00,0xEA,0xEA00,0xF1,0xA0,0x1E,0x0D,0x02,0x00000,0x00EA00,1,0x08600,1,1,retrigger_commit
88.141383,3887035,0x059895,0x0014,0x14,2,loop_mid,0x00,0,0,0x03,0x00,0xEA,0xEA0003,0x00,0xEA,0xEA00,0xF1,0xA0,0x1E,0x0D,0x02,0x00000,0x00EA00,1,0x08600,1,1,
88.141383,3887035,0x059899,0x0094,0x94,2,cur_mid,0x00,1,1,0x03,0x00,0xEA,0xEA0003,0x00,0xEA,0xEA00,0xF1,0xA0,0x1E,0x0D,0x02,0x00000,0x00EA00,1,0x08600,1,1,current_low_write
88.141383,3887035,0x05989D,0x0015,0x15,2,loop_high,0x25,2,2,0x03,0x00,0xEA,0xEA0003,0x00,0x25,0x2500,0xF1,0xA0,0x1E,0x0D,0x02,0x00000,0x00EA00,1,0x08600,1,1,
88.141383,3887035,0x0598A1,0x0095,0x95,2,cur_high,0x25,3,3,0x03,0x00,0x25,0x250003,0x00,0x25,0x2500,0xF1,0xA0,0x1E,0x0D,0x02,0x00000,0x002500,0,0x02500,1,1,current_pair_complete
88.141406,3887036,0x0598A6,0x0016,0x16,2,end,0x53,0,0,0x03,0x00,0x25,0x250003,0x00,0x25,0x2500,0x53,0xA0,0x1E,0x0D,0x02,0x00000,0x002500,0,0x02500,1,1,
88.141429,3887037,0x0598AB,0x0096,0x96,2,ctrl,0x02,0,0,0x03,0x00,0x25,0x250003,0x00,0x25,0x2500,0x53,0xA0,0x1E,0x0D,0x02,0x00000,0x002500,0,0x02500,1,1,retrigger_commit
88.415828,3899138,0x059B3F,0x0014,0x14,2,loop_mid,0x00,0,0,0x03,0x00,0x25,0x250003,0x00,0x25,0x2500,0x53,0xA0,0x1E,0x0D,0x02,0x00000,0x002500,0,0x02500,1,1,
88.415828,3899138,0x059B43,0x0094,0x94,2,cur_mid,0x00,1,1,0x03,0x00,0x25,0x250003,0x00,0x25,0x2500,0x53,0xA0,0x1E,0x0D,0x02,0x00000,0x002500,0,0x02500,1,1,current_low_write
88.415828,3899138,0x059B47,0x0015,0x15,2,loop_high,0xEA,2,2,0x03,0x00,0x25,0x250003,0x00,0xEA,0xEA00,0x53,0xA0,0x1E,0x0D,0x02,0x00000,0x002500,0,0x02500,1,1,
88.415850,3899139,0x059B4C,0x0095,0x95,2,cur_high,0xEA,0,0,0x03,0x00,0xEA,0xEA0003,0x00,0xEA,0xEA00,0x53,0xA0,0x1E,0x0D,0x02,0x00000,0x00EA00,1,0x08600,1,1,current_pair_complete
88.415850,3899139,0x059B50,0x0016,0x16,2,end,0xF1,1,1,0x03,0x00,0xEA,0xEA0003,0x00,0xEA,0xEA00,0xF1,0xA0,0x1E,0x0D,0x02,0x00000,0x00EA00,1,0x08600,1,1,
88.415873,3899140,0x059B55,0x0096,0x96,2,ctrl,0x02,0,0,0x03,0x00,0xEA,0xEA0003,0x00,0xEA,0xEA00,0xF1,0xA0,0x1E,0x0D,0x02,0x00000,0x00EA00,1,0x08600,1,1,retrigger_commit
88.692744,3911350,0x059D36,0x0010,0x10,2,cur_low,0x01,0,0,0x01,0x00,0xEA,0xEA0001,0x00,0xEA,0xEA00,0xF1,0xA0,0x1E,0x0D,0x02,0x00000,0x00EA00,1,0x08600,1,1,
88.692766,3911351,0x059D3B,0x0012,0x12,2,vol_l,0x3F,0,0,0x01,0x00,0xEA,0xEA0001,0x00,0xEA,0xEA00,0xF1,0xA0,0x3F,0x0D,0x02,0x00000,0x00EA00,1,0x08600,1,1,
88.692789,3911352,0x059D40,0x0013,0x13,2,vol_r,0x3F,0,0,0x01,0x00,0xEA,0xEA0001,0x00,0xEA,0xEA00,0xF1,0xA0,0x3F,0x3F,0x02,0x00000,0x00EA00,1,0x08600,1,1,
88.692789,3911352,0x059D44,0x0014,0x14,2,loop_mid,0x00,1,1,0x01,0x00,0xEA,0xEA0001,0x00,0xEA,0xEA00,0xF1,0xA0,0x3F,0x3F,0x02,0x00000,0x00EA00,1,0x08600,1,1,
88.692812,3911353,0x059D49,0x0094,0x94,2,cur_mid,0x00,0,0,0x01,0x00,0xEA,0xEA0001,0x00,0xEA,0xEA00,0xF1,0xA0,0x3F,0x3F,0x02,0x00000,0x00EA00,1,0x08600,1,1,current_low_write
88.692812,3911353,0x059D4D,0x0015,0x15,2,loop_high,0x00,1,1,0x01,0x00,0xEA,0xEA0001,0x00,0x00,0x0000,0xF1,0xA0,0x3F,0x3F,0x02,0x00000,0x00EA00,1,0x08600,1,1,
88.692812,3911353,0x059D51,0x0095,0x95,2,cur_high,0x00,2,2,0x01,0x00,0x00,0x000001,0x00,0x00,0x0000,0xF1,0xA0,0x3F,0x3F,0x02,0x00000,0x000000,0,0x00000,1,1,current_pair_complete
88.692834,3911354,0x059D56,0x0016,0x16,2,end,0x0C,0,0,0x01,0x00,0x00,0x000001,0x00,0x00,0x0000,0x0C,0xA0,0x3F,0x3F,0x02,0x00000,0x000000,0,0x00000,1,1,
88.692834,3911354,0x059D5A,0x0017,0x17,2,delta,0x80,1,1,0x01,0x00,0x00,0x000001,0x00,0x00,0x0000,0x0C,0x80,0x3F,0x3F,0x02,0x00000,0x000000,0,0x00000,1,1,
88.692834,3911354,0x059D5E,0x0096,0x96,2,ctrl,0x02,2,2,0x01,0x00,0x00,0x000001,0x00,0x00,0x0000,0x0C,0x80,0x3F,0x3F,0x02,0x00000,0x000000,0,0x00000,1,1,retrigger_commit
90.747846,4001980,0x05B388,0x0014,0x14,2,loop_mid,0x00,0,0,0x01,0x00,0x00,0x000001,0x00,0x00,0x0000,0x0C,0x80,0x3F,0x3F,0x02,0x00000,0x000000,0,0x00000,1,1,
90.747846,4001980,0x05B38C,0x0094,0x94,2,cur_mid,0x00,1,1,0x01,0x00,0x00,0x000001,0x00,0x00,0x0000,0x0C,0x80,0x3F,0x3F,0x02,0x00000,0x000000,0,0x00000,1,1,current_low_write
90.747846,4001980,0x05B390,0x0015,0x15,2,loop_high,0x00,2,2,0x01,0x00,0x00,0x000001,0x00,0x00,0x0000,0x0C,0x80,0x3F,0x3F,0x02,0x00000,0x000000,0,0x00000,1,1,
90.747846,4001980,0x05B394,0x0095,0x95,2,cur_high,0x00,3,3,0x01,0x00,0x00,0x000001,0x00,0x00,0x0000,0x0C,0x80,0x3F,0x3F,0x02,0x00000,0x000000,0,0x00000,1,1,current_pair_complete
90.747891,4001982,0x05B399,0x0096,0x96,2,ctrl,0x02,0,0,0x01,0x00,0x00,0x000001,0x00,0x00,0x0000,0x0C,0x80,0x3F,0x3F,0x02,0x00000,0x000000,0,0x00000,1,1,retrigger_commit
90.884966,4008027,0x05B485,0x0014,0x14,2,loop_mid,0x00,0,0,0x01,0x00,0x00,0x000001,0x00,0x00,0x0000,0x0C,0x80,0x3F,0x3F,0x02,0x00000,0x000000,0,0x00000,1,1,
90.884966,4008027,0x05B489,0x0094,0x94,2,cur_mid,0x00,1,1,0x01,0x00,0x00,0x000001,0x00,0x00,0x0000,0x0C,0x80,0x3F,0x3F,0x02,0x00000,0x000000,0,0x00000,1,1,current_low_write
90.884989,4008028,0x05B48E,0x0015,0x15,2,loop_high,0x00,0,0,0x01,0x00,0x00,0x000001,0x00,0x00,0x0000,0x0C,0x80,0x3F,0x3F,0x02,0x00000,0x000000,0,0x00000,1,1,
90.884989,4008028,0x05B492,0x0095,0x95,2,cur_high,0x00,1,1,0x01,0x00,0x00,0x000001,0x00,0x00,0x0000,0x0C,0x80,0x3F,0x3F,0x02,0x00000,0x000000,0,0x00000,1,1,current_pair_complete
90.885011,4008029,0x05B497,0x0096,0x96,2,ctrl,0x02,0,0,0x01,0x00,0x00,0x000001,0x00,0x00,0x0000,0x0C,0x80,0x3F,0x3F,0x02,0x00000,0x000000,0,0x00000,1,1,retrigger_commit
91.433946,4032237,0x05BB49,0x0010,0x10,2,cur_low,0x0A,0,0,0x0A,0x00,0x00,0x00000A,0x00,0x00,0x0000,0x0C,0x80,0x3F,0x3F,0x02,0x00000,0x000000,0,0x00000,1,1,
91.433968,4032238,0x05BB4E,0x0012,0x12,2,vol_l,0x31,0,0,0x0A,0x00,0x00,0x00000A,0x00,0x00,0x0000,0x0C,0x80,0x31,0x3F,0x02,0x00000,0x000000,0,0x00000,1,1,
91.433968,4032238,0x05BB52,0x0013,0x13,2,vol_r,0x3E,1,1,0x0A,0x00,0x00,0x00000A,0x00,0x00,0x0000,0x0C,0x80,0x31,0x3E,0x02,0x00000,0x000000,0,0x00000,1,1,
91.433991,4032239,0x05BB57,0x0014,0x14,2,loop_mid,0x00,0,0,0x0A,0x00,0x00,0x00000A,0x00,0x00,0x0000,0x0C,0x80,0x31,0x3E,0x02,0x00000,0x000000,0,0x00000,1,1,
91.433991,4032239,0x05BB5B,0x0094,0x94,2,cur_mid,0x00,1,1,0x0A,0x00,0x00,0x00000A,0x00,0x00,0x0000,0x0C,0x80,0x31,0x3E,0x02,0x00000,0x000000,0,0x00000,1,1,current_low_write
91.434014,4032240,0x05BB60,0x0015,0x15,2,loop_high,0x49,0,0,0x0A,0x00,0x00,0x00000A,0x00,0x49,0x4900,0x0C,0x80,0x31,0x3E,0x02,0x00000,0x000000,0,0x00000,1,1,
91.434014,4032240,0x05BB64,0x0095,0x95,2,cur_high,0x49,1,1,0x0A,0x00,0x49,0x49000A,0x00,0x49,0x4900,0x0C,0x80,0x31,0x3E,0x02,0x00000,0x004900,0,0x04900,1,1,current_pair_complete
91.434014,4032240,0x05BB68,0x0016,0x16,2,end,0x70,2,2,0x0A,0x00,0x49,0x49000A,0x00,0x49,0x4900,0x70,0x80,0x31,0x3E,0x02,0x00000,0x004900,0,0x04900,1,1,
91.434036,4032241,0x05BB6D,0x0096,0x96,2,ctrl,0x0A,0,0,0x0A,0x00,0x49,0x49000A,0x00,0x49,0x4900,0x70,0x80,0x31,0x3E,0x0A,0x10000,0x014900,2,0x0D700,1,1,retrigger_commit
91.571134,4038287,0x05BD34,0x0014,0x14,2,loop_mid,0x00,0,0,0x0A,0x00,0x49,0x49000A,0x00,0x49,0x4900,0x70,0x80,0x31,0x3E,0x0A,0x10000,0x014900,2,0x0D700,1,1,
91.571134,4038287,0x05BD38,0x0094,0x94,2,cur_mid,0x00,1,1,0x0A,0x00,0x49,0x49000A,0x00,0x49,0x4900,0x70,0x80,0x31,0x3E,0x0A,0x10000,0x014900,2,0x0D700,1,1,current_low_write
91.571134,4038287,0x05BD3C,0x0015,0x15,2,loop_high,0x49,2,2,0x0A,0x00,0x49,0x49000A,0x00,0x49,0x4900,0x70,0x80,0x31,0x3E,0x0A,0x10000,0x014900,2,0x0D700,1,1,
91.571134,4038287,0x05BD40,0x0095,0x95,2,cur_high,0x49,3,3,0x0A,0x00,0x49,0x49000A,0x00,0x49,0x4900,0x70,0x80,0x31,0x3E,0x0A,0x10000,0x014900,2,0x0D700,1,1,current_pair_complete
91.571179,4038289,0x05BD45,0x0096,0x96,2,ctrl,0x0A,0,0,0x0A,0x00,0x49,0x49000A,0x00,0x49,0x4900,0x70,0x80,0x31,0x3E,0x0A,0x10000,0x014900,2,0x0D700,1,1,retrigger_commit
91.708299,4044336,0x05BEDC,0x0012,0x12,2,vol_l,0x00,0,0,0x0A,0x00,0x49,0x49000A,0x00,0x49,0x4900,0x70,0x80,0x00,0x3E,0x0A,0x10000,0x014900,2,0x0D700,1,1,
91.708322,4044337,0x05BEE1,0x0013,0x13,2,vol_r,0x00,0,0,0x0A,0x00,0x49,0x49000A,0x00,0x49,0x4900,0x70,0x80,0x00,0x00,0x0A,0x10000,0x014900,2,0x0D700,1,0,
91.708322,4044337,0x05BEE5,0x0014,0x14,2,loop_mid,0x00,1,1,0x0A,0x00,0x49,0x49000A,0x00,0x49,0x4900,0x70,0x80,0x00,0x00,0x0A,0x10000,0x014900,2,0x0D700,1,0,
91.708345,4044338,0x05BEEA,0x0094,0x94,2,cur_mid,0x00,0,0,0x0A,0x00,0x49,0x49000A,0x00,0x49,0x4900,0x70,0x80,0x00,0x00,0x0A,0x10000,0x014900,2,0x0D700,1,0,current_low_write
91.708345,4044338,0x05BEEE,0x0015,0x15,2,loop_high,0x49,1,1,0x0A,0x00,0x49,0x49000A,0x00,0x49,0x4900,0x70,0x80,0x00,0x00,0x0A,0x10000,0x014900,2,0x0D700,1,0,
91.708345,4044338,0x05BEF2,0x0095,0x95,2,cur_high,0x49,2,2,0x0A,0x00,0x49,0x49000A,0x00,0x49,0x4900,0x70,0x80,0x00,0x00,0x0A,0x10000,0x014900,2,0x0D700,1,0,current_pair_complete
91.708367,4044339,0x05BEF7,0x0017,0x17,2,delta,0x00,0,0,0x0A,0x00,0x49,0x49000A,0x00,0x49,0x4900,0x70,0x00,0x00,0x00,0x0A,0x10000,0x014900,2,0x0D700,1,0,
91.708367,4044339,0x05BEFB,0x0096,0x96,2,ctrl,0x0A,1,1,0x0A,0x00,0x49,0x49000A,0x00,0x49,0x4900,0x70,0x00,0x00,0x00,0x0A,0x10000,0x014900,2,0x0D700,1,0,control_active
91.725465,4045093,0x05BF5F,0x0014,0x14,2,loop_mid,0x00,0,0,0x0A,0x00,0x49,0x49000A,0x00,0x49,0x4900,0x70,0x00,0x00,0x00,0x0A,0x10000,0x014900,2,0x0D700,1,0,
91.725488,4045094,0x05BF64,0x0094,0x94,2,cur_mid,0x00,0,0,0x0A,0x00,0x49,0x49000A,0x00,0x49,0x4900,0x70,0x00,0x00,0x00,0x0A,0x10000,0x014900,2,0x0D700,1,0,current_low_write
91.725488,4045094,0x05BF68,0x0015,0x15,2,loop_high,0x49,1,1,0x0A,0x00,0x49,0x49000A,0x00,0x49,0x4900,0x70,0x00,0x00,0x00,0x0A,0x10000,0x014900,2,0x0D700,1,0,
91.725488,4045094,0x05BF6C,0x0095,0x95,2,cur_high,0x49,2,2,0x0A,0x00,0x49,0x49000A,0x00,0x49,0x4900,0x70,0x00,0x00,0x00,0x0A,0x10000,0x014900,2,0x0D700,1,0,current_pair_complete
93.081293,4104885,0x05CE5E,0x0010,0x10,2,cur_low,0x03,0,0,0x03,0x00,0x49,0x490003,0x00,0x49,0x4900,0x70,0x00,0x00,0x00,0x0A,0x10000,0x014900,2,0x0D700,1,0,
93.081315,4104886,0x05CE63,0x0012,0x12,2,vol_l,0x1E,0,0,0x03,0x00,0x49,0x490003,0x00,0x49,0x4900,0x70,0x00,0x1E,0x00,0x0A,0x10000,0x014900,2,0x0D700,1,1,volume_on
93.081315,4104886,0x05CE67,0x0013,0x13,2,vol_r,0x0D,1,1,0x03,0x00,0x49,0x490003,0x00,0x49,0x4900,0x70,0x00,0x1E,0x0D,0x0A,0x10000,0x014900,2,0x0D700,1,1,
93.081361,4104888,0x05CE6C,0x0015,0x15,2,loop_high,0xEA,0,0,0x03,0x00,0x49,0x490003,0x00,0xEA,0xEA00,0x70,0x00,0x1E,0x0D,0x0A,0x10000,0x014900,2,0x0D700,1,1,
93.081361,4104888,0x05CE70,0x0095,0x95,2,cur_high,0xEA,1,1,0x03,0x00,0xEA,0xEA0003,0x00,0xEA,0xEA00,0x70,0x00,0x1E,0x0D,0x0A,0x10000,0x01EA00,,,1,1,current_pair_complete
93.081361,4104888,0x05CE74,0x0016,0x16,2,end,0xF1,2,2,0x03,0x00,0xEA,0xEA0003,0x00,0xEA,0xEA00,0xF1,0x00,0x1E,0x0D,0x0A,0x10000,0x01EA00,,,1,1,
93.081383,4104889,0x05CE79,0x0017,0x17,2,delta,0xA0,0,0,0x03,0x00,0xEA,0xEA0003,0x00,0xEA,0xEA00,0xF1,0xA0,0x1E,0x0D,0x0A,0x10000,0x01EA00,,,1,1,
93.081383,4104889,0x05CE7D,0x0096,0x96,2,ctrl,0x02,1,1,0x03,0x00,0xEA,0xEA0003,0x00,0xEA,0xEA00,0xF1,0xA0,0x1E,0x0D,0x02,0x00000,0x00EA00,1,0x08600,1,1,retrigger_commit
93.355442,4116975,0x05D1A7,0x0014,0x14,2,loop_mid,0x00,0,0,0x03,0x00,0xEA,0xEA0003,0x00,0xEA,0xEA00,0xF1,0xA0,0x1E,0x0D,0x02,0x00000,0x00EA00,1,0x08600,1,1,
93.355442,4116975,0x05D1AB,0x0094,0x94,2,cur_mid,0x00,1,1,0x03,0x00,0xEA,0xEA0003,0x00,0xEA,0xEA00,0xF1,0xA0,0x1E,0x0D,0x02,0x00000,0x00EA00,1,0x08600,1,1,current_low_write
93.355442,4116975,0x05D1AF,0x0015,0x15,2,loop_high,0xEA,2,2,0x03,0x00,0xEA,0xEA0003,0x00,0xEA,0xEA00,0xF1,0xA0,0x1E,0x0D,0x02,0x00000,0x00EA00,1,0x08600,1,1,
93.355465,4116976,0x05D1B4,0x0095,0x95,2,cur_high,0xEA,0,0,0x03,0x00,0xEA,0xEA0003,0x00,0xEA,0xEA00,0xF1,0xA0,0x1E,0x0D,0x02,0x00000,0x00EA00,1,0x08600,1,1,current_pair_complete
93.355488,4116977,0x05D1B9,0x0096,0x96,2,ctrl,0x02,0,0,0x03,0x00,0xEA,0xEA0003,0x00,0xEA,0xEA00,0xF1,0xA0,0x1E,0x0D,0x02,0x00000,0x00EA00,1,0x08600,1,1,retrigger_commit
93.629887,4129078,0x05D47B,0x0014,0x14,2,loop_mid,0x00,0,0,0x03,0x00,0xEA,0xEA0003,0x00,0xEA,0xEA00,0xF1,0xA0,0x1E,0x0D,0x02,0x00000,0x00EA00,1,0x08600,1,1,
93.629887,4129078,0x05D47F,0x0094,0x94,2,cur_mid,0x00,1,1,0x03,0x00,0xEA,0xEA0003,0x00,0xEA,0xEA00,0xF1,0xA0,0x1E,0x0D,0x02,0x00000,0x00EA00,1,0x08600,1,1,current_low_write
93.629887,4129078,0x05D483,0x0015,0x15,2,loop_high,0xEA,2,2,0x03,0x00,0xEA,0xEA0003,0x00,0xEA,0xEA00,0xF1,0xA0,0x1E,0x0D,0x02,0x00000,0x00EA00,1,0x08600,1,1,
93.629909,4129079,0x05D488,0x0095,0x95,2,cur_high,0xEA,0,0,0x03,0x00,0xEA,0xEA0003,0x00,0xEA,0xEA00,0xF1,0xA0,0x1E,0x0D,0x02,0x00000,0x00EA00,1,0x08600,1,1,current_pair_complete
93.629932,4129080,0x05D48D,0x0096,0x96,2,ctrl,0x02,0,0,0x03,0x00,0xEA,0xEA0003,0x00,0xEA,0xEA00,0xF1,0xA0,0x1E,0x0D,0x02,0x00000,0x00EA00,1,0x08600,1,1,retrigger_commit
93.904467,4141187,0x05D80B,0x0014,0x14,2,loop_mid,0x00,0,0,0x03,0x00,0xEA,0xEA0003,0x00,0xEA,0xEA00,0xF1,0xA0,0x1E,0x0D,0x02,0x00000,0x00EA00,1,0x08600,1,1,
93.904467,4141187,0x05D80F,0x0094,0x94,2,cur_mid,0x00,1,1,0x03,0x00,0xEA,0xEA0003,0x00,0xEA,0xEA00,0xF1,0xA0,0x1E,0x0D,0x02,0x00000,0x00EA00,1,0x08600,1,1,current_low_write
93.904467,4141187,0x05D813,0x0015,0x15,2,loop_high,0xEA,2,2,0x03,0x00,0xEA,0xEA0003,0x00,0xEA,0xEA00,0xF1,0xA0,0x1E,0x0D,0x02,0x00000,0x00EA00,1,0x08600,1,1,
93.904490,4141188,0x05D818,0x0095,0x95,2,cur_high,0xEA,0,0,0x03,0x00,0xEA,0xEA0003,0x00,0xEA,0xEA00,0xF1,0xA0,0x1E,0x0D,0x02,0x00000,0x00EA00,1,0x08600,1,1,current_pair_complete
93.904512,4141189,0x05D81D,0x0096,0x96,2,ctrl,0x02,0,0,0x03,0x00,0xEA,0xEA0003,0x00,0xEA,0xEA00,0xF1,0xA0,0x1E,0x0D,0x02,0x00000,0x00EA00,1,0x08600,1,1,retrigger_commit
94.178889,4153289,0x05DB81,0x0014,0x14,2,loop_mid,0x00,0,0,0x03,0x00,0xEA,0xEA0003,0x00,0xEA,0xEA00,0xF1,0xA0,0x1E,0x0D,0x02,0x00000,0x00EA00,1,0x08600,1,1,
94.178889,4153289,0x05DB85,0x0094,0x94,2,cur_mid,0x00,1,1,0x03,0x00,0xEA,0xEA0003,0x00,0xEA,0xEA00,0xF1,0xA0,0x1E,0x0D,0x02,0x00000,0x00EA00,1,0x08600,1,1,current_low_write
94.178889,4153289,0x05DB89,0x0015,0x15,2,loop_high,0xEA,2,2,0x03,0x00,0xEA,0xEA0003,0x00,0xEA,0xEA00,0xF1,0xA0,0x1E,0x0D,0x02,0x00000,0x00EA00,1,0x08600,1,1,
94.178912,4153290,0x05DB8E,0x0095,0x95,2,cur_high,0xEA,0,0,0x03,0x00,0xEA,0xEA0003,0x00,0xEA,0xEA00,0xF1,0xA0,0x1E,0x0D,0x02,0x00000,0x00EA00,1,0x08600,1,1,current_pair_complete
94.178934,4153291,0x05DB93,0x0096,0x96,2,ctrl,0x02,0,0,0x03,0x00,0xEA,0xEA0003,0x00,0xEA,0xEA00,0xF1,0xA0,0x1E,0x0D,0x02,0x00000,0x00EA00,1,0x08600,1,1,retrigger_commit
94.453311,4165391,0x05DED1,0x0014,0x14,2,loop_mid,0x00,0,0,0x03,0x00,0xEA,0xEA0003,0x00,0xEA,0xEA00,0xF1,0xA0,0x1E,0x0D,0x02,0x00000,0x00EA00,1,0x08600,1,1,
94.453311,4165391,0x05DED5,0x0094,0x94,2,cur_mid,0x00,1,1,0x03,0x00,0xEA,0xEA0003,0x00,0xEA,0xEA00,0xF1,0xA0,0x1E,0x0D,0x02,0x00000,0x00EA00,1,0x08600,1,1,current_low_write
94.453311,4165391,0x05DED9,0x0015,0x15,2,loop_high,0xEA,2,2,0x03,0x00,0xEA,0xEA0003,0x00,0xEA,0xEA00,0xF1,0xA0,0x1E,0x0D,0x02,0x00000,0x00EA00,1,0x08600,1,1,
94.453333,4165392,0x05DEDE,0x0095,0x95,2,cur_high,0xEA,0,0,0x03,0x00,0xEA,0xEA0003,0x00,0xEA,0xEA00,0xF1,0xA0,0x1E,0x0D,0x02,0x00000,0x00EA00,1,0x08600,1,1,current_pair_complete
94.453356,4165393,0x05DEE3,0x0096,0x96,2,ctrl,0x02,0,0,0x03,0x00,0xEA,0xEA0003,0x00,0xEA,0xEA00,0xF1,0xA0,0x1E,0x0D,0x02,0x00000,0x00EA00,1,0x08600,1,1,retrigger_commit
94.727755,4177494,0x05E1B0,0x0014,0x14,2,loop_mid,0x00,0,0,0x03,0x00,0xEA,0xEA0003,0x00,0xEA,0xEA00,0xF1,0xA0,0x1E,0x0D,0x02,0x00000,0x00EA00,1,0x08600,1,1,
94.727755,4177494,0x05E1B4,0x0094,0x94,2,cur_mid,0x00,1,1,0x03,0x00,0xEA,0xEA0003,0x00,0xEA,0xEA00,0xF1,0xA0,0x1E,0x0D,0x02,0x00000,0x00EA00,1,0x08600,1,1,current_low_write
94.727755,4177494,0x05E1B8,0x0015,0x15,2,loop_high,0xEA,2,2,0x03,0x00,0xEA,0xEA0003,0x00,0xEA,0xEA00,0xF1,0xA0,0x1E,0x0D,0x02,0x00000,0x00EA00,1,0x08600,1,1,
94.727778,4177495,0x05E1BD,0x0095,0x95,2,cur_high,0xEA,0,0,0x03,0x00,0xEA,0xEA0003,0x00,0xEA,0xEA00,0xF1,0xA0,0x1E,0x0D,0x02,0x00000,0x00EA00,1,0x08600,1,1,current_pair_complete
94.727800,4177496,0x05E1C2,0x0096,0x96,2,ctrl,0x02,0,0,0x03,0x00,0xEA,0xEA0003,0x00,0xEA,0xEA00,0xF1,0xA0,0x1E,0x0D,0x02,0x00000,0x00EA00,1,0x08600,1,1,retrigger_commit
95.002200,4189597,0x05E3DF,0x0014,0x14,2,loop_mid,0x00,0,0,0x03,0x00,0xEA,0xEA0003,0x00,0xEA,0xEA00,0xF1,0xA0,0x1E,0x0D,0x02,0x00000,0x00EA00,1,0x08600,1,1,
95.002200,4189597,0x05E3E3,0x0094,0x94,2,cur_mid,0x00,1,1,0x03,0x00,0xEA,0xEA0003,0x00,0xEA,0xEA00,0xF1,0xA0,0x1E,0x0D,0x02,0x00000,0x00EA00,1,0x08600,1,1,current_low_write
95.002200,4189597,0x05E3E7,0x0015,0x15,2,loop_high,0xEA,2,2,0x03,0x00,0xEA,0xEA0003,0x00,0xEA,0xEA00,0xF1,0xA0,0x1E,0x0D,0x02,0x00000,0x00EA00,1,0x08600,1,1,
95.002222,4189598,0x05E3EC,0x0095,0x95,2,cur_high,0xEA,0,0,0x03,0x00,0xEA,0xEA0003,0x00,0xEA,0xEA00,0xF1,0xA0,0x1E,0x0D,0x02,0x00000,0x00EA00,1,0x08600,1,1,current_pair_complete
95.002245,4189599,0x05E3F1,0x0096,0x96,2,ctrl,0x02,0,0,0x03,0x00,0xEA,0xEA0003,0x00,0xEA,0xEA00,0xF1,0xA0,0x1E,0x0D,0x02,0x00000,0x00EA00,1,0x08600,1,1,retrigger_commit
95.276553,4201696,0x05E627,0x0014,0x14,2,loop_mid,0x00,0,0,0x03,0x00,0xEA,0xEA0003,0x00,0xEA,0xEA00,0xF1,0xA0,0x1E,0x0D,0x02,0x00000,0x00EA00,1,0x08600,1,1,
95.276553,4201696,0x05E62B,0x0094,0x94,2,cur_mid,0x00,1,1,0x03,0x00,0xEA,0xEA0003,0x00,0xEA,0xEA00,0xF1,0xA0,0x1E,0x0D,0x02,0x00000,0x00EA00,1,0x08600,1,1,current_low_write
95.276576,4201697,0x05E630,0x0015,0x15,2,loop_high,0xEA,0,0,0x03,0x00,0xEA,0xEA0003,0x00,0xEA,0xEA00,0xF1,0xA0,0x1E,0x0D,0x02,0x00000,0x00EA00,1,0x08600,1,1,
95.276576,4201697,0x05E634,0x0095,0x95,2,cur_high,0xEA,1,1,0x03,0x00,0xEA,0xEA0003,0x00,0xEA,0xEA00,0xF1,0xA0,0x1E,0x0D,0x02,0x00000,0x00EA00,1,0x08600,1,1,current_pair_complete
95.276599,4201698,0x05E639,0x0096,0x96,2,ctrl,0x02,0,0,0x03,0x00,0xEA,0xEA0003,0x00,0xEA,0xEA00,0xF1,0xA0,0x1E,0x0D,0x02,0x00000,0x00EA00,1,0x08600,1,1,retrigger_commit
95.550703,4213786,0x05E808,0x0014,0x14,2,loop_mid,0x00,0,0,0x03,0x00,0xEA,0xEA0003,0x00,0xEA,0xEA00,0xF1,0xA0,0x1E,0x0D,0x02,0x00000,0x00EA00,1,0x08600,1,1,
95.550703,4213786,0x05E80C,0x0094,0x94,2,cur_mid,0x00,1,1,0x03,0x00,0xEA,0xEA0003,0x00,0xEA,0xEA00,0xF1,0xA0,0x1E,0x0D,0x02,0x00000,0x00EA00,1,0x08600,1,1,current_low_write
95.550726,4213787,0x05E811,0x0015,0x15,2,loop_high,0xEA,0,0,0x03,0x00,0xEA,0xEA0003,0x00,0xEA,0xEA00,0xF1,0xA0,0x1E,0x0D,0x02,0x00000,0x00EA00,1,0x08600,1,1,
95.550726,4213787,0x05E815,0x0095,0x95,2,cur_high,0xEA,1,1,0x03,0x00,0xEA,0xEA0003,0x00,0xEA,0xEA00,0xF1,0xA0,0x1E,0x0D,0x02,0x00000,0x00EA00,1,0x08600,1,1,current_pair_complete
95.550748,4213788,0x05E81A,0x0096,0x96,2,ctrl,0x02,0,0,0x03,0x00,0xEA,0xEA0003,0x00,0xEA,0xEA00,0xF1,0xA0,0x1E,0x0D,0x02,0x00000,0x00EA00,1,0x08600,1,1,retrigger_commit
95.825329,4225897,0x05EA0B,0x0014,0x14,2,loop_mid,0x00,0,0,0x03,0x00,0xEA,0xEA0003,0x00,0xEA,0xEA00,0xF1,0xA0,0x1E,0x0D,0x02,0x00000,0x00EA00,1,0x08600,1,1,
95.825329,4225897,0x05EA0F,0x0094,0x94,2,cur_mid,0x00,1,1,0x03,0x00,0xEA,0xEA0003,0x00,0xEA,0xEA00,0xF1,0xA0,0x1E,0x0D,0x02,0x00000,0x00EA00,1,0x08600,1,1,current_low_write
95.825329,4225897,0x05EA13,0x0015,0x15,2,loop_high,0xEA,2,2,0x03,0x00,0xEA,0xEA0003,0x00,0xEA,0xEA00,0xF1,0xA0,0x1E,0x0D,0x02,0x00000,0x00EA00,1,0x08600,1,1,
95.825351,4225898,0x05EA18,0x0095,0x95,2,cur_high,0xEA,0,0,0x03,0x00,0xEA,0xEA0003,0x00,0xEA,0xEA00,0xF1,0xA0,0x1E,0x0D,0x02,0x00000,0x00EA00,1,0x08600,1,1,current_pair_complete
95.825374,4225899,0x05EA1D,0x0096,0x96,2,ctrl,0x02,0,0,0x03,0x00,0xEA,0xEA0003,0x00,0xEA,0xEA00,0xF1,0xA0,0x1E,0x0D,0x02,0x00000,0x00EA00,1,0x08600,1,1,retrigger_commit
96.099932,4238007,0x05ED85,0x0014,0x14,2,loop_mid,0x00,0,0,0x03,0x00,0xEA,0xEA0003,0x00,0xEA,0xEA00,0xF1,0xA0,0x1E,0x0D,0x02,0x00000,0x00EA00,1,0x08600,1,1,
96.099932,4238007,0x05ED89,0x0094,0x94,2,cur_mid,0x00,1,1,0x03,0x00,0xEA,0xEA0003,0x00,0xEA,0xEA00,0xF1,0xA0,0x1E,0x0D,0x02,0x00000,0x00EA00,1,0x08600,1,1,current_low_write
96.099932,4238007,0x05ED8D,0x0015,0x15,2,loop_high,0xEA,2,2,0x03,0x00,0xEA,0xEA0003,0x00,0xEA,0xEA00,0xF1,0xA0,0x1E,0x0D,0x02,0x00000,0x00EA00,1,0x08600,1,1,
96.099955,4238008,0x05ED92,0x0095,0x95,2,cur_high,0xEA,0,0,0x03,0x00,0xEA,0xEA0003,0x00,0xEA,0xEA00,0xF1,0xA0,0x1E,0x0D,0x02,0x00000,0x00EA00,1,0x08600,1,1,current_pair_complete
96.099977,4238009,0x05ED97,0x0096,0x96,2,ctrl,0x02,0,0,0x03,0x00,0xEA,0xEA0003,0x00,0xEA,0xEA00,0xF1,0xA0,0x1E,0x0D,0x02,0x00000,0x00EA00,1,0x08600,1,1,retrigger_commit
96.374218,4250103,0x05F00A,0x0014,0x14,2,loop_mid,0x00,0,0,0x03,0x00,0xEA,0xEA0003,0x00,0xEA,0xEA00,0xF1,0xA0,0x1E,0x0D,0x02,0x00000,0x00EA00,1,0x08600,1,1,
96.374218,4250103,0x05F00E,0x0094,0x94,2,cur_mid,0x00,1,1,0x03,0x00,0xEA,0xEA0003,0x00,0xEA,0xEA00,0xF1,0xA0,0x1E,0x0D,0x02,0x00000,0x00EA00,1,0x08600,1,1,current_low_write
96.374218,4250103,0x05F012,0x0015,0x15,2,loop_high,0x25,2,2,0x03,0x00,0xEA,0xEA0003,0x00,0x25,0x2500,0xF1,0xA0,0x1E,0x0D,0x02,0x00000,0x00EA00,1,0x08600,1,1,
96.374218,4250103,0x05F016,0x0095,0x95,2,cur_high,0x25,3,3,0x03,0x00,0x25,0x250003,0x00,0x25,0x2500,0xF1,0xA0,0x1E,0x0D,0x02,0x00000,0x002500,0,0x02500,1,1,current_pair_complete
96.374240,4250104,0x05F01B,0x0016,0x16,2,end,0x53,0,0,0x03,0x00,0x25,0x250003,0x00,0x25,0x2500,0x53,0xA0,0x1E,0x0D,0x02,0x00000,0x002500,0,0x02500,1,1,
96.374263,4250105,0x05F020,0x0096,0x96,2,ctrl,0x02,0,0,0x03,0x00,0x25,0x250003,0x00,0x25,0x2500,0x53,0xA0,0x1E,0x0D,0x02,0x00000,0x002500,0,0x02500,1,1,retrigger_commit
96.648662,4262206,0x05F224,0x0014,0x14,2,loop_mid,0x00,0,0,0x03,0x00,0x25,0x250003,0x00,0x25,0x2500,0x53,0xA0,0x1E,0x0D,0x02,0x00000,0x002500,0,0x02500,1,1,
96.648662,4262206,0x05F228,0x0094,0x94,2,cur_mid,0x00,1,1,0x03,0x00,0x25,0x250003,0x00,0x25,0x2500,0x53,0xA0,0x1E,0x0D,0x02,0x00000,0x002500,0,0x02500,1,1,current_low_write
96.648662,4262206,0x05F22C,0x0015,0x15,2,loop_high,0xEA,2,2,0x03,0x00,0x25,0x250003,0x00,0xEA,0xEA00,0x53,0xA0,0x1E,0x0D,0x02,0x00000,0x002500,0,0x02500,1,1,
96.648685,4262207,0x05F231,0x0095,0x95,2,cur_high,0xEA,0,0,0x03,0x00,0xEA,0xEA0003,0x00,0xEA,0xEA00,0x53,0xA0,0x1E,0x0D,0x02,0x00000,0x00EA00,1,0x08600,1,1,current_pair_complete
96.648685,4262207,0x05F235,0x0016,0x16,2,end,0xF1,1,1,0x03,0x00,0xEA,0xEA0003,0x00,0xEA,0xEA00,0xF1,0xA0,0x1E,0x0D,0x02,0x00000,0x00EA00,1,0x08600,1,1,
96.648707,4262208,0x05F23A,0x0096,0x96,2,ctrl,0x02,0,0,0x03,0x00,0xEA,0xEA0003,0x00,0xEA,0xEA00,0xF1,0xA0,0x1E,0x0D,0x02,0x00000,0x00EA00,1,0x08600,1,1,retrigger_commit
96.923061,4274307,0x05F460,0x0014,0x14,2,loop_mid,0x00,0,0,0x03,0x00,0xEA,0xEA0003,0x00,0xEA,0xEA00,0xF1,0xA0,0x1E,0x0D,0x02,0x00000,0x00EA00,1,0x08600,1,1,
96.923061,4274307,0x05F464,0x0094,0x94,2,cur_mid,0x00,1,1,0x03,0x00,0xEA,0xEA0003,0x00,0xEA,0xEA00,0xF1,0xA0,0x1E,0x0D,0x02,0x00000,0x00EA00,1,0x08600,1,1,current_low_write
96.923061,4274307,0x05F468,0x0015,0x15,2,loop_high,0x25,2,2,0x03,0x00,0xEA,0xEA0003,0x00,0x25,0x2500,0xF1,0xA0,0x1E,0x0D,0x02,0x00000,0x00EA00,1,0x08600,1,1,
96.923061,4274307,0x05F46C,0x0095,0x95,2,cur_high,0x25,3,3,0x03,0x00,0x25,0x250003,0x00,0x25,0x2500,0xF1,0xA0,0x1E,0x0D,0x02,0x00000,0x002500,0,0x02500,1,1,current_pair_complete
96.923084,4274308,0x05F471,0x0016,0x16,2,end,0x53,0,0,0x03,0x00,0x25,0x250003,0x00,0x25,0x2500,0x53,0xA0,0x1E,0x0D,0x02,0x00000,0x002500,0,0x02500,1,1,
96.923107,4274309,0x05F476,0x0096,0x96,2,ctrl,0x02,0,0,0x03,0x00,0x25,0x250003,0x00,0x25,0x2500,0x53,0xA0,0x1E,0x0D,0x02,0x00000,0x002500,0,0x02500,1,1,retrigger_commit
97.197642,4286416,0x05F5E6,0x0014,0x14,2,loop_mid,0x00,0,0,0x03,0x00,0x25,0x250003,0x00,0x25,0x2500,0x53,0xA0,0x1E,0x0D,0x02,0x00000,0x002500,0,0x02500,1,1,
97.197642,4286416,0x05F5EA,0x0094,0x94,2,cur_mid,0x00,1,1,0x03,0x00,0x25,0x250003,0x00,0x25,0x2500,0x53,0xA0,0x1E,0x0D,0x02,0x00000,0x002500,0,0x02500,1,1,current_low_write
97.197642,4286416,0x05F5EE,0x0015,0x15,2,loop_high,0xEA,2,2,0x03,0x00,0x25,0x250003,0x00,0xEA,0xEA00,0x53,0xA0,0x1E,0x0D,0x02,0x00000,0x002500,0,0x02500,1,1,
97.197664,4286417,0x05F5F3,0x0095,0x95,2,cur_high,0xEA,0,0,0x03,0x00,0xEA,0xEA0003,0x00,0xEA,0xEA00,0x53,0xA0,0x1E,0x0D,0x02,0x00000,0x00EA00,1,0x08600,1,1,current_pair_complete
97.197664,4286417,0x05F5F7,0x0016,0x16,2,end,0xF1,1,1,0x03,0x00,0xEA,0xEA0003,0x00,0xEA,0xEA00,0xF1,0xA0,0x1E,0x0D,0x02,0x00000,0x00EA00,1,0x08600,1,1,
97.197687,4286418,0x05F5FC,0x0096,0x96,2,ctrl,0x02,0,0,0x03,0x00,0xEA,0xEA0003,0x00,0xEA,0xEA00,0xF1,0xA0,0x1E,0x0D,0x02,0x00000,0x00EA00,1,0x08600,1,1,retrigger_commit
97.480476,4298889,0x05F95D,0x0012,0x12,2,vol_l,0x29,0,0,0x03,0x00,0xEA,0xEA0003,0x00,0xEA,0xEA00,0xF1,0xA0,0x29,0x0D,0x02,0x00000,0x00EA00,1,0x08600,1,1,
97.480499,4298890,0x05F962,0x0013,0x13,2,vol_r,0x0F,0,0,0x03,0x00,0xEA,0xEA0003,0x00,0xEA,0xEA00,0xF1,0xA0,0x29,0x0F,0x02,0x00000,0x00EA00,1,0x08600,1,1,
97.480499,4298890,0x05F966,0x0014,0x14,2,loop_mid,0x00,1,1,0x03,0x00,0xEA,0xEA0003,0x00,0xEA,0xEA00,0xF1,0xA0,0x29,0x0F,0x02,0x00000,0x00EA00,1,0x08600,1,1,
97.480499,4298890,0x05F96A,0x0094,0x94,2,cur_mid,0x00,2,2,0x03,0x00,0xEA,0xEA0003,0x00,0xEA,0xEA00,0xF1,0xA0,0x29,0x0F,0x02,0x00000,0x00EA00,1,0x08600,1,1,current_low_write
97.480522,4298891,0x05F96F,0x0015,0x15,2,loop_high,0xEA,0,0,0x03,0x00,0xEA,0xEA0003,0x00,0xEA,0xEA00,0xF1,0xA0,0x29,0x0F,0x02,0x00000,0x00EA00,1,0x08600,1,1,
97.480522,4298891,0x05F973,0x0095,0x95,2,cur_high,0xEA,1,1,0x03,0x00,0xEA,0xEA0003,0x00,0xEA,0xEA00,0xF1,0xA0,0x29,0x0F,0x02,0x00000,0x00EA00,1,0x08600,1,1,current_pair_complete
97.480544,4298892,0x05F978,0x0096,0x96,2,ctrl,0x02,0,0,0x03,0x00,0xEA,0xEA0003,0x00,0xEA,0xEA00,0xF1,0xA0,0x29,0x0F,0x02,0x00000,0x00EA00,1,0x08600,1,1,retrigger_commit
97.515351,4300427,0x05FA8D,0x0008,0x08,1,cur_low,0x41,0,0,0x41,0x00,0x3A,0x3A0041,0x00,0x3A,0x3A00,0x52,0x7D,0x24,0x24,0x8A,0x110000,0x113A00,4,0x16F00,1,1,
97.515397,4300429,0x05FA92,0x000C,0x0C,1,loop_mid,0x00,0,0,0x41,0x00,0x3A,0x3A0041,0x00,0x3A,0x3A00,0x52,0x7D,0x24,0x24,0x8A,0x110000,0x113A00,4,0x16F00,1,1,
97.515397,4300429,0x05FA96,0x008C,0x8C,1,cur_mid,0x00,1,1,0x41,0x00,0x3A,0x3A0041,0x00,0x3A,0x3A00,0x52,0x7D,0x24,0x24,0x8A,0x110000,0x113A00,4,0x16F00,1,1,current_low_write
97.515420,4300430,0x05FA9B,0x000D,0x0D,1,loop_high,0xBB,0,0,0x41,0x00,0x3A,0x3A0041,0x00,0xBB,0xBB00,0x52,0x7D,0x24,0x24,0x8A,0x110000,0x113A00,4,0x16F00,1,1,
97.515420,4300430,0x05FA9F,0x008D,0x8D,1,cur_high,0xBB,1,1,0x41,0x00,0xBB,0xBB0041,0x00,0xBB,0xBB00,0x52,0x7D,0x24,0x24,0x8A,0x110000,0x11BB00,4,0x1F000,1,1,current_pair_complete
97.515420,4300430,0x05FAA3,0x000E,0x0E,1,end,0xD0,2,2,0x41,0x00,0xBB,0xBB0041,0x00,0xBB,0xBB00,0xD0,0x7D,0x24,0x24,0x8A,0x110000,0x11BB00,4,0x1F000,1,1,
97.515442,4300431,0x05FAA8,0x000F,0x0F,1,delta,0x6E,0,0,0x41,0x00,0xBB,0xBB0041,0x00,0xBB,0xBB00,0xD0,0x6E,0x24,0x24,0x8A,0x110000,0x11BB00,4,0x1F000,1,1,
97.515442,4300431,0x05FAAC,0x008E,0x8E,1,ctrl,0x8A,1,1,0x41,0x00,0xBB,0xBB0041,0x00,0xBB,0xBB00,0xD0,0x6E,0x24,0x24,0x8A,0x110000,0x11BB00,4,0x1F000,1,1,retrigger_commit
97.609274,4304569,0x05FBC7,0x0012,0x12,2,vol_l,0x1E,0,0,0x03,0x00,0xEA,0xEA0003,0x00,0xEA,0xEA00,0xF1,0xA0,0x1E,0x0F,0x02,0x00000,0x00EA00,1,0x08600,1,1,
97.609274,4304569,0x05FBCB,0x0013,0x13,2,vol_r,0x0D,1,1,0x03,0x00,0xEA,0xEA0003,0x00,0xEA,0xEA00,0xF1,0xA0,0x1E,0x0D,0x02,0x00000,0x00EA00,1,0x08600,1,1,
97.609297,4304570,0x05FBD0,0x0014,0x14,2,loop_mid,0x00,0,0,0x03,0x00,0xEA,0xEA0003,0x00,0xEA,0xEA00,0xF1,0xA0,0x1E,0x0D,0x02,0x00000,0x00EA00,1,0x08600,1,1,
97.609297,4304570,0x05FBD4,0x0094,0x94,2,cur_mid,0x00,1,1,0x03,0x00,0xEA,0xEA0003,0x00,0xEA,0xEA00,0xF1,0xA0,0x1E,0x0D,0x02,0x00000,0x00EA00,1,0x08600,1,1,current_low_write
97.609297,4304570,0x05FBD8,0x0015,0x15,2,loop_high,0xEA,2,2,0x03,0x00,0xEA,0xEA0003,0x00,0xEA,0xEA00,0xF1,0xA0,0x1E,0x0D,0x02,0x00000,0x00EA00,1,0x08600,1,1,
97.609320,4304571,0x05FBDD,0x0095,0x95,2,cur_high,0xEA,0,0,0x03,0x00,0xEA,0xEA0003,0x00,0xEA,0xEA00,0xF1,0xA0,0x1E,0x0D,0x02,0x00000,0x00EA00,1,0x08600,1,1,current_pair_complete
97.609342,4304572,0x05FBE2,0x0096,0x96,2,ctrl,0x02,0,0,0x03,0x00,0xEA,0xEA0003,0x00,0xEA,0xEA00,0xF1,0xA0,0x1E,0x0D,0x02,0x00000,0x00EA00,1,0x08600,1,1,retrigger_commit
97.746508,4310621,0x05FD6A,0x0014,0x14,2,loop_mid,0x00,0,0,0x03,0x00,0xEA,0xEA0003,0x00,0xEA,0xEA00,0xF1,0xA0,0x1E,0x0D,0x02,0x00000,0x00EA00,1,0x08600,1,1,
97.746508,4310621,0x05FD6E,0x0094,0x94,2,cur_mid,0x00,1,1,0x03,0x00,0xEA,0xEA0003,0x00,0xEA,0xEA00,0xF1,0xA0,0x1E,0x0D,0x02,0x00000,0x00EA00,1,0x08600,1,1,current_low_write
97.746508,4310621,0x05FD72,0x0015,0x15,2,loop_high,0xEA,2,2,0x03,0x00,0xEA,0xEA0003,0x00,0xEA,0xEA00,0xF1,0xA0,0x1E,0x0D,0x02,0x00000,0x00EA00,1,0x08600,1,1,
97.746531,4310622,0x05FD77,0x0095,0x95,2,cur_high,0xEA,0,0,0x03,0x00,0xEA,0xEA0003,0x00,0xEA,0xEA00,0xF1,0xA0,0x1E,0x0D,0x02,0x00000,0x00EA00,1,0x08600,1,1,current_pair_complete
97.746553,4310623,0x05FD7C,0x0096,0x96,2,ctrl,0x02,0,0,0x03,0x00,0xEA,0xEA0003,0x00,0xEA,0xEA00,0xF1,0xA0,0x1E,0x0D,0x02,0x00000,0x00EA00,1,0x08600,1,1,retrigger_commit
97.789592,4312521,0x05FE27,0x000C,0x0C,1,loop_mid,0x00,0,0,0x41,0x00,0xBB,0xBB0041,0x00,0xBB,0xBB00,0xD0,0x6E,0x24,0x24,0x8A,0x110000,0x11BB00,4,0x1F000,1,1,
97.789592,4312521,0x05FE2B,0x008C,0x8C,1,cur_mid,0x00,1,1,0x41,0x00,0xBB,0xBB0041,0x00,0xBB,0xBB00,0xD0,0x6E,0x24,0x24,0x8A,0x110000,0x11BB00,4,0x1F000,1,1,current_low_write
97.789615,4312522,0x05FE30,0x000D,0x0D,1,loop_high,0xBB,0,0,0x41,0x00,0xBB,0xBB0041,0x00,0xBB,0xBB00,0xD0,0x6E,0x24,0x24,0x8A,0x110000,0x11BB00,4,0x1F000,1,1,
97.789615,4312522,0x05FE34,0x008D,0x8D,1,cur_high,0xBB,1,1,0x41,0x00,0xBB,0xBB0041,0x00,0xBB,0xBB00,0xD0,0x6E,0x24,0x24,0x8A,0x110000,0x11BB00,4,0x1F000,1,1,current_pair_complete
97.789637,4312523,0x05FE39,0x008E,0x8E,1,ctrl,0x8A,0,0,0x41,0x00,0xBB,0xBB0041,0x00,0xBB,0xBB00,0xD0,0x6E,0x24,0x24,0x8A,0x110000,0x11BB00,4,0x1F000,1,1,retrigger_commit
97.883719,4316672,0x060030,0x0012,0x12,2,vol_l,0x22,0,0,0x03,0x00,0xEA,0xEA0003,0x00,0xEA,0xEA00,0xF1,0xA0,0x22,0x0D,0x02,0x00000,0x00EA00,1,0x08600,1,1,
97.883719,4316672,0x060034,0x0013,0x13,2,vol_r,0x11,1,1,0x03,0x00,0xEA,0xEA0003,0x00,0xEA,0xEA00,0xF1,0xA0,0x22,0x11,0x02,0x00000,0x00EA00,1,0x08600,1,1,
97.883741,4316673,0x060039,0x0014,0x14,2,loop_mid,0x00,0,0,0x03,0x00,0xEA,0xEA0003,0x00,0xEA,0xEA00,0xF1,0xA0,0x22,0x11,0x02,0x00000,0x00EA00,1,0x08600,1,1,
97.883741,4316673,0x06003D,0x0094,0x94,2,cur_mid,0x00,1,1,0x03,0x00,0xEA,0xEA0003,0x00,0xEA,0xEA00,0xF1,0xA0,0x22,0x11,0x02,0x00000,0x00EA00,1,0x08600,1,1,current_low_write
97.883741,4316673,0x060041,0x0015,0x15,2,loop_high,0x25,2,2,0x03,0x00,0xEA,0xEA0003,0x00,0x25,0x2500,0xF1,0xA0,0x22,0x11,0x02,0x00000,0x00EA00,1,0x08600,1,1,
97.883741,4316673,0x060045,0x0095,0x95,2,cur_high,0x25,3,3,0x03,0x00,0x25,0x250003,0x00,0x25,0x2500,0xF1,0xA0,0x22,0x11,0x02,0x00000,0x002500,0,0x02500,1,1,current_pair_complete
97.883764,4316674,0x06004A,0x0016,0x16,2,end,0x53,0,0,0x03,0x00,0x25,0x250003,0x00,0x25,0x2500,0x53,0xA0,0x22,0x11,0x02,0x00000,0x002500,0,0x02500,1,1,
97.883787,4316675,0x06004F,0x0096,0x96,2,ctrl,0x02,0,0,0x03,0x00,0x25,0x250003,0x00,0x25,0x2500,0x53,0xA0,0x22,0x11,0x02,0x00000,0x002500,0,0x02500,1,1,retrigger_commit
98.020703,4322713,0x0601F9,0x0012,0x12,2,vol_l,0x29,0,0,0x03,0x00,0x25,0x250003,0x00,0x25,0x2500,0x53,0xA0,0x29,0x11,0x02,0x00000,0x002500,0,0x02500,1,1,
98.020726,4322714,0x0601FE,0x0013,0x13,2,vol_r,0x0F,0,0,0x03,0x00,0x25,0x250003,0x00,0x25,0x2500,0x53,0xA0,0x29,0x0F,0x02,0x00000,0x002500,0,0x02500,1,1,
98.020726,4322714,0x060202,0x0014,0x14,2,loop_mid,0x00,1,1,0x03,0x00,0x25,0x250003,0x00,0x25,0x2500,0x53,0xA0,0x29,0x0F,0x02,0x00000,0x002500,0,0x02500,1,1,
98.020726,4322714,0x060206,0x0094,0x94,2,cur_mid,0x00,2,2,0x03,0x00,0x25,0x250003,0x00,0x25,0x2500,0x53,0xA0,0x29,0x0F,0x02,0x00000,0x002500,0,0x02500,1,1,current_low_write
98.020748,4322715,0x06020B,0x0015,0x15,2,loop_high,0xEA,0,0,0x03,0x00,0x25,0x250003,0x00,0xEA,0xEA00,0x53,0xA0,0x29,0x0F,0x02,0x00000,0x002500,0,0x02500,1,1,
98.020748,4322715,0x06020F,0x0095,0x95,2,cur_high,0xEA,1,1,0x03,0x00,0xEA,0xEA0003,0x00,0xEA,0xEA00,0x53,0xA0,0x29,0x0F,0x02,0x00000,0x00EA00,1,0x08600,1,1,current_pair_complete
98.020748,4322715,0x060213,0x0016,0x16,2,end,0xF1,2,2,0x03,0x00,0xEA,0xEA0003,0x00,0xEA,0xEA00,0xF1,0xA0,0x29,0x0F,0x02,0x00000,0x00EA00,1,0x08600,1,1,
98.020771,4322716,0x060218,0x0096,0x96,2,ctrl,0x02,0,0,0x03,0x00,0xEA,0xEA0003,0x00,0xEA,0xEA00,0xF1,0xA0,0x29,0x0F,0x02,0x00000,0x00EA00,1,0x08600,1,1,retrigger_commit
98.063764,4324612,0x0602B2,0x0008,0x08,1,cur_low,0x46,0,0,0x46,0x00,0xBB,0xBB0046,0x00,0xBB,0xBB00,0xD0,0x6E,0x24,0x24,0x8A,0x110000,0x11BB00,4,0x1F000,1,1,
98.063787,4324613,0x0602B7,0x000A,0x0A,1,vol_l,0x37,0,0,0x46,0x00,0xBB,0xBB0046,0x00,0xBB,0xBB00,0xD0,0x6E,0x37,0x24,0x8A,0x110000,0x11BB00,4,0x1F000,1,1,
98.063787,4324613,0x0602BB,0x000B,0x0B,1,vol_r,0x37,1,1,0x46,0x00,0xBB,0xBB0046,0x00,0xBB,0xBB00,0xD0,0x6E,0x37,0x37,0x8A,0x110000,0x11BB00,4,0x1F000,1,1,
98.063810,4324614,0x0602C0,0x000C,0x0C,1,loop_mid,0x00,0,0,0x46,0x00,0xBB,0xBB0046,0x00,0xBB,0xBB00,0xD0,0x6E,0x37,0x37,0x8A,0x110000,0x11BB00,4,0x1F000,1,1,
98.063810,4324614,0x0602C4,0x008C,0x8C,1,cur_mid,0x00,1,1,0x46,0x00,0xBB,0xBB0046,0x00,0xBB,0xBB00,0xD0,0x6E,0x37,0x37,0x8A,0x110000,0x11BB00,4,0x1F000,1,1,current_low_write
98.063810,4324614,0x0602C8,0x000D,0x0D,1,loop_high,0x3A,2,2,0x46,0x00,0xBB,0xBB0046,0x00,0x3A,0x3A00,0xD0,0x6E,0x37,0x37,0x8A,0x110000,0x11BB00,4,0x1F000,1,1,
98.063810,4324614,0x0602CC,0x008D,0x8D,1,cur_high,0x3A,3,3,0x46,0x00,0x3A,0x3A0046,0x00,0x3A,0x3A00,0xD0,0x6E,0x37,0x37,0x8A,0x110000,0x113A00,4,0x16F00,1,1,current_pair_complete
98.063832,4324615,0x0602D1,0x000E,0x0E,1,end,0x3B,0,0,0x46,0x00,0x3A,0x3A0046,0x00,0x3A,0x3A00,0x3B,0x6E,0x37,0x37,0x8A,0x110000,0x113A00,4,0x16F00,1,1,
98.063832,4324615,0x0602D5,0x000F,0x0F,1,delta,0x8E,1,1,0x46,0x00,0x3A,0x3A0046,0x00,0x3A,0x3A00,0x3B,0x8E,0x37,0x37,0x8A,0x110000,0x113A00,4,0x16F00,1,1,
98.063855,4324616,0x0602DA,0x008E,0x8E,1,ctrl,0x8A,0,0,0x46,0x00,0x3A,0x3A0046,0x00,0x3A,0x3A00,0x3B,0x8E,0x37,0x37,0x8A,0x110000,0x113A00,4,0x16F00,1,1,retrigger_commit
98.158027,4328769,0x060373,0x0012,0x12,2,vol_l,0x1E,0,0,0x03,0x00,0xEA,0xEA0003,0x00,0xEA,0xEA00,0xF1,0xA0,0x1E,0x0F,0x02,0x00000,0x00EA00,1,0x08600,1,1,
98.158050,4328770,0x060378,0x0013,0x13,2,vol_r,0x0D,0,0,0x03,0x00,0xEA,0xEA0003,0x00,0xEA,0xEA00,0xF1,0xA0,0x1E,0x0D,0x02,0x00000,0x00EA00,1,0x08600,1,1,
98.158050,4328770,0x06037C,0x0014,0x14,2,loop_mid,0x00,1,1,0x03,0x00,0xEA,0xEA0003,0x00,0xEA,0xEA00,0xF1,0xA0,0x1E,0x0D,0x02,0x00000,0x00EA00,1,0x08600,1,1,
98.158050,4328770,0x060380,0x0094,0x94,2,cur_mid,0x00,2,2,0x03,0x00,0xEA,0xEA0003,0x00,0xEA,0xEA00,0xF1,0xA0,0x1E,0x0D,0x02,0x00000,0x00EA00,1,0x08600,1,1,current_low_write
98.158073,4328771,0x060385,0x0015,0x15,2,loop_high,0xEA,0,0,0x03,0x00,0xEA,0xEA0003,0x00,0xEA,0xEA00,0xF1,0xA0,0x1E,0x0D,0x02,0x00000,0x00EA00,1,0x08600,1,1,
98.158073,4328771,0x060389,0x0095,0x95,2,cur_high,0xEA,1,1,0x03,0x00,0xEA,0xEA0003,0x00,0xEA,0xEA00,0xF1,0xA0,0x1E,0x0D,0x02,0x00000,0x00EA00,1,0x08600,1,1,current_pair_complete
98.158095,4328772,0x06038E,0x0096,0x96,2,ctrl,0x02,0,0,0x03,0x00,0xEA,0xEA0003,0x00,0xEA,0xEA00,0xF1,0xA0,0x1E,0x0D,0x02,0x00000,0x00EA00,1,0x08600,1,1,retrigger_commit
98.201293,4330677,0x06040C,0x0008,0x08,1,cur_low,0x42,0,0,0x42,0x00,0x3A,0x3A0042,0x00,0x3A,0x3A00,0x3B,0x8E,0x37,0x37,0x8A,0x110000,0x113A00,4,0x16F00,1,1,
98.201315,4330678,0x060411,0x000A,0x0A,1,vol_l,0x24,0,0,0x42,0x00,0x3A,0x3A0042,0x00,0x3A,0x3A00,0x3B,0x8E,0x24,0x37,0x8A,0x110000,0x113A00,4,0x16F00,1,1,
98.201315,4330678,0x060415,0x000B,0x0B,1,vol_r,0x24,1,1,0x42,0x00,0x3A,0x3A0042,0x00,0x3A,0x3A00,0x3B,0x8E,0x24,0x24,0x8A,0x110000,0x113A00,4,0x16F00,1,1,
98.201338,4330679,0x06041A,0x000C,0x0C,1,loop_mid,0x00,0,0,0x42,0x00,0x3A,0x3A0042,0x00,0x3A,0x3A00,0x3B,0x8E,0x24,0x24,0x8A,0x110000,0x113A00,4,0x16F00,1,1,
98.201338,4330679,0x06041E,0x008C,0x8C,1,cur_mid,0x00,1,1,0x42,0x00,0x3A,0x3A0042,0x00,0x3A,0x3A00,0x3B,0x8E,0x24,0x24,0x8A,0x110000,0x113A00,4,0x16F00,1,1,current_low_write
98.201338,4330679,0x060422,0x000D,0x0D,1,loop_high,0xD1,2,2,0x42,0x00,0x3A,0x3A0042,0x00,0xD1,0xD100,0x3B,0x8E,0x24,0x24,0x8A,0x110000,0x113A00,4,0x16F00,1,1,
98.201338,4330679,0x060426,0x008D,0x8D,1,cur_high,0xD1,3,3,0x42,0x00,0xD1,0xD10042,0x00,0xD1,0xD100,0x3B,0x8E,0x24,0x24,0x8A,0x110000,0x11D100,4,0x20600,1,1,current_pair_complete
98.201361,4330680,0x06042B,0x000E,0x0E,1,end,0xE1,0,0,0x42,0x00,0xD1,0xD10042,0x00,0xD1,0xD100,0xE1,0x8E,0x24,0x24,0x8A,0x110000,0x11D100,4,0x20600,1,1,
98.201361,4330680,0x06042F,0x000F,0x0F,1,delta,0x7D,1,1,0x42,0x00,0xD1,0xD10042,0x00,0xD1,0xD100,0xE1,0x7D,0x24,0x24,0x8A,0x110000,0x11D100,4,0x20600,1,1,
98.201383,4330681,0x060434,0x008E,0x8E,1,ctrl,0x8A,0,0,0x42,0x00,0xD1,0xD10042,0x00,0xD1,0xD100,0xE1,0x7D,0x24,0x24,0x8A,0x110000,0x11D100,4,0x20600,1,1,retrigger_commit
98.294943,4334807,0x0604CA,0x0014,0x14,2,loop_mid,0x00,0,0,0x03,0x00,0xEA,0xEA0003,0x00,0xEA,0xEA00,0xF1,0xA0,0x1E,0x0D,0x02,0x00000,0x00EA00,1,0x08600,1,1,
98.294943,4334807,0x0604CE,0x0094,0x94,2,cur_mid,0x00,1,1,0x03,0x00,0xEA,0xEA0003,0x00,0xEA,0xEA00,0xF1,0xA0,0x1E,0x0D,0x02,0x00000,0x00EA00,1,0x08600,1,1,current_low_write
98.294966,4334808,0x0604D3,0x0015,0x15,2,loop_high,0xEA,0,0,0x03,0x00,0xEA,0xEA0003,0x00,0xEA,0xEA00,0xF1,0xA0,0x1E,0x0D,0x02,0x00000,0x00EA00,1,0x08600,1,1,
98.294966,4334808,0x0604D7,0x0095,0x95,2,cur_high,0xEA,1,1,0x03,0x00,0xEA,0xEA0003,0x00,0xEA,0xEA00,0xF1,0xA0,0x1E,0x0D,0x02,0x00000,0x00EA00,1,0x08600,1,1,current_pair_complete
98.294989,4334809,0x0604DC,0x0096,0x96,2,ctrl,0x02,0,0,0x03,0x00,0xEA,0xEA0003,0x00,0xEA,0xEA00,0xF1,0xA0,0x1E,0x0D,0x02,0x00000,0x00EA00,1,0x08600,1,1,retrigger_commit
98.338186,4336714,0x060571,0x0008,0x08,1,cur_low,0x46,0,0,0x46,0x00,0xD1,0xD10046,0x00,0xD1,0xD100,0xE1,0x7D,0x24,0x24,0x8A,0x110000,0x11D100,4,0x20600,1,1,
98.338209,4336715,0x060576,0x000A,0x0A,1,vol_l,0x37,0,0,0x46,0x00,0xD1,0xD10046,0x00,0xD1,0xD100,0xE1,0x7D,0x37,0x24,0x8A,0x110000,0x11D100,4,0x20600,1,1,
98.338209,4336715,0x06057A,0x000B,0x0B,1,vol_r,0x37,1,1,0x46,0x00,0xD1,0xD10046,0x00,0xD1,0xD100,0xE1,0x7D,0x37,0x37,0x8A,0x110000,0x11D100,4,0x20600,1,1,
98.338231,4336716,0x06057F,0x000C,0x0C,1,loop_mid,0x00,0,0,0x46,0x00,0xD1,0xD10046,0x00,0xD1,0xD100,0xE1,0x7D,0x37,0x37,0x8A,0x110000,0x11D100,4,0x20600,1,1,
98.338231,4336716,0x060583,0x008C,0x8C,1,cur_mid,0x00,1,1,0x46,0x00,0xD1,0xD10046,0x00,0xD1,0xD100,0xE1,0x7D,0x37,0x37,0x8A,0x110000,0x11D100,4,0x20600,1,1,current_low_write
98.338231,4336716,0x060587,0x000D,0x0D,1,loop_high,0x3A,2,2,0x46,0x00,0xD1,0xD10046,0x00,0x3A,0x3A00,0xE1,0x7D,0x37,0x37,0x8A,0x110000,0x11D100,4,0x20600,1,1,
98.338231,4336716,0x06058B,0x008D,0x8D,1,cur_high,0x3A,3,3,0x46,0x00,0x3A,0x3A0046,0x00,0x3A,0x3A00,0xE1,0x7D,0x37,0x37,0x8A,0x110000,0x113A00,4,0x16F00,1,1,current_pair_complete
98.338254,4336717,0x060590,0x000E,0x0E,1,end,0x3B,0,0,0x46,0x00,0x3A,0x3A0046,0x00,0x3A,0x3A00,0x3B,0x7D,0x37,0x37,0x8A,0x110000,0x113A00,4,0x16F00,1,1,
98.338254,4336717,0x060594,0x000F,0x0F,1,delta,0x8E,1,1,0x46,0x00,0x3A,0x3A0046,0x00,0x3A,0x3A00,0x3B,0x8E,0x37,0x37,0x8A,0x110000,0x113A00,4,0x16F00,1,1,
98.338277,4336718,0x060599,0x008E,0x8E,1,ctrl,0x8A,0,0,0x46,0x00,0x3A,0x3A0046,0x00,0x3A,0x3A00,0x3B,0x8E,0x37,0x37,0x8A,0x110000,0x113A00,4,0x16F00,1,1,retrigger_commit
98.432472,4340872,0x060632,0x0012,0x12,2,vol_l,0x22,0,0,0x03,0x00,0xEA,0xEA0003,0x00,0xEA,0xEA00,0xF1,0xA0,0x22,0x0D,0x02,0x00000,0x00EA00,1,0x08600,1,1,
98.432494,4340873,0x060637,0x0013,0x13,2,vol_r,0x11,0,0,0x03,0x00,0xEA,0xEA0003,0x00,0xEA,0xEA00,0xF1,0xA0,0x22,0x11,0x02,0x00000,0x00EA00,1,0x08600,1,1,
98.432494,4340873,0x06063B,0x0014,0x14,2,loop_mid,0x00,1,1,0x03,0x00,0xEA,0xEA0003,0x00,0xEA,0xEA00,0xF1,0xA0,0x22,0x11,0x02,0x00000,0x00EA00,1,0x08600,1,1,
98.432494,4340873,0x06063F,0x0094,0x94,2,cur_mid,0x00,2,2,0x03,0x00,0xEA,0xEA0003,0x00,0xEA,0xEA00,0xF1,0xA0,0x22,0x11,0x02,0x00000,0x00EA00,1,0x08600,1,1,current_low_write
98.432517,4340874,0x060644,0x0015,0x15,2,loop_high,0x25,0,0,0x03,0x00,0xEA,0xEA0003,0x00,0x25,0x2500,0xF1,0xA0,0x22,0x11,0x02,0x00000,0x00EA00,1,0x08600,1,1,
98.432517,4340874,0x060648,0x0095,0x95,2,cur_high,0x25,1,1,0x03,0x00,0x25,0x250003,0x00,0x25,0x2500,0xF1,0xA0,0x22,0x11,0x02,0x00000,0x002500,0,0x02500,1,1,current_pair_complete
98.432517,4340874,0x06064C,0x0016,0x16,2,end,0x53,2,2,0x03,0x00,0x25,0x250003,0x00,0x25,0x2500,0x53,0xA0,0x22,0x11,0x02,0x00000,0x002500,0,0x02500,1,1,
98.432540,4340875,0x060651,0x0096,0x96,2,ctrl,0x02,0,0,0x03,0x00,0x25,0x250003,0x00,0x25,0x2500,0x53,0xA0,0x22,0x11,0x02,0x00000,0x002500,0,0x02500,1,1,retrigger_commit
98.475782,4342782,0x0606BA,0x000C,0x0C,1,loop_mid,0x00,0,0,0x46,0x00,0x3A,0x3A0046,0x00,0x3A,0x3A00,0x3B,0x8E,0x37,0x37,0x8A,0x110000,0x113A00,4,0x16F00,1,1,
98.475782,4342782,0x0606BE,0x008C,0x8C,1,cur_mid,0x00,1,1,0x46,0x00,0x3A,0x3A0046,0x00,0x3A,0x3A00,0x3B,0x8E,0x37,0x37,0x8A,0x110000,0x113A00,4,0x16F00,1,1,current_low_write
98.475782,4342782,0x0606C2,0x000D,0x0D,1,loop_high,0x3A,2,2,0x46,0x00,0x3A,0x3A0046,0x00,0x3A,0x3A00,0x3B,0x8E,0x37,0x37,0x8A,0x110000,0x113A00,4,0x16F00,1,1,
98.475782,4342782,0x0606C6,0x008D,0x8D,1,cur_high,0x3A,3,3,0x46,0x00,0x3A,0x3A0046,0x00,0x3A,0x3A00,0x3B,0x8E,0x37,0x37,0x8A,0x110000,0x113A00,4,0x16F00,1,1,current_pair_complete
98.475828,4342784,0x0606CB,0x008E,0x8E,1,ctrl,0x8A,0,0,0x46,0x00,0x3A,0x3A0046,0x00,0x3A,0x3A00,0x3B,0x8E,0x37,0x37,0x8A,0x110000,0x113A00,4,0x16F00,1,1,retrigger_commit
98.569909,4346933,0x060771,0x0012,0x12,2,vol_l,0x29,0,0,0x03,0x00,0x25,0x250003,0x00,0x25,0x2500,0x53,0xA0,0x29,0x11,0x02,0x00000,0x002500,0,0x02500,1,1,
98.569932,4346934,0x060776,0x0013,0x13,2,vol_r,0x0F,0,0,0x03,0x00,0x25,0x250003,0x00,0x25,0x2500,0x53,0xA0,0x29,0x0F,0x02,0x00000,0x002500,0,0x02500,1,1,
98.569932,4346934,0x06077A,0x0014,0x14,2,loop_mid,0x00,1,1,0x03,0x00,0x25,0x250003,0x00,0x25,0x2500,0x53,0xA0,0x29,0x0F,0x02,0x00000,0x002500,0,0x02500,1,1,
98.569955,4346935,0x06077F,0x0094,0x94,2,cur_mid,0x00,0,0,0x03,0x00,0x25,0x250003,0x00,0x25,0x2500,0x53,0xA0,0x29,0x0F,0x02,0x00000,0x002500,0,0x02500,1,1,current_low_write
98.569955,4346935,0x060783,0x0015,0x15,2,loop_high,0xEA,1,1,0x03,0x00,0x25,0x250003,0x00,0xEA,0xEA00,0x53,0xA0,0x29,0x0F,0x02,0x00000,0x002500,0,0x02500,1,1,
98.569955,4346935,0x060787,0x0095,0x95,2,cur_high,0xEA,2,2,0x03,0x00,0xEA,0xEA0003,0x00,0xEA,0xEA00,0x53,0xA0,0x29,0x0F,0x02,0x00000,0x00EA00,1,0x08600,1,1,current_pair_complete
98.569977,4346936,0x06078C,0x0016,0x16,2,end,0xF1,0,0,0x03,0x00,0xEA,0xEA0003,0x00,0xEA,0xEA00,0xF1,0xA0,0x29,0x0F,0x02,0x00000,0x00EA00,1,0x08600,1,1,
98.569977,4346936,0x060790,0x0096,0x96,2,ctrl,0x02,1,1,0x03,0x00,0xEA,0xEA0003,0x00,0xEA,0xEA00,0xF1,0xA0,0x29,0x0F,0x02,0x00000,0x00EA00,1,0x08600,1,1,retrigger_commit
98.613016,4348834,0x06082A,0x0008,0x08,1,cur_low,0x41,0,0,0x41,0x00,0x3A,0x3A0041,0x00,0x3A,0x3A00,0x3B,0x8E,0x37,0x37,0x8A,0x110000,0x113A00,4,0x16F00,1,1,
98.613039,4348835,0x06082F,0x000A,0x0A,1,vol_l,0x24,0,0,0x41,0x00,0x3A,0x3A0041,0x00,0x3A,0x3A00,0x3B,0x8E,0x24,0x37,0x8A,0x110000,0x113A00,4,0x16F00,1,1,
98.613039,4348835,0x060833,0x000B,0x0B,1,vol_r,0x24,1,1,0x41,0x00,0x3A,0x3A0041,0x00,0x3A,0x3A00,0x3B,0x8E,0x24,0x24,0x8A,0x110000,0x113A00,4,0x16F00,1,1,
98.613061,4348836,0x060838,0x000C,0x0C,1,loop_mid,0x00,0,0,0x41,0x00,0x3A,0x3A0041,0x00,0x3A,0x3A00,0x3B,0x8E,0x24,0x24,0x8A,0x110000,0x113A00,4,0x16F00,1,1,
98.613061,4348836,0x06083C,0x008C,0x8C,1,cur_mid,0x00,1,1,0x41,0x00,0x3A,0x3A0041,0x00,0x3A,0x3A00,0x3B,0x8E,0x24,0x24,0x8A,0x110000,0x113A00,4,0x16F00,1,1,current_low_write
98.613084,4348837,0x060841,0x000D,0x0D,1,loop_high,0xBB,0,0,0x41,0x00,0x3A,0x3A0041,0x00,0xBB,0xBB00,0x3B,0x8E,0x24,0x24,0x8A,0x110000,0x113A00,4,0x16F00,1,1,
98.613084,4348837,0x060845,0x008D,0x8D,1,cur_high,0xBB,1,1,0x41,0x00,0xBB,0xBB0041,0x00,0xBB,0xBB00,0x3B,0x8E,0x24,0x24,0x8A,0x110000,0x11BB00,4,0x1F000,1,1,current_pair_complete
98.613084,4348837,0x060849,0x000E,0x0E,1,end,0xD0,2,2,0x41,0x00,0xBB,0xBB0041,0x00,0xBB,0xBB00,0xD0,0x8E,0x24,0x24,0x8A,0x110000,0x11BB00,4,0x1F000,1,1,
98.613107,4348838,0x06084E,0x000F,0x0F,1,delta,0x6E,0,0,0x41,0x00,0xBB,0xBB0041,0x00,0xBB,0xBB00,0xD0,0x6E,0x24,0x24,0x8A,0x110000,0x11BB00,4,0x1F000,1,1,
98.613107,4348838,0x060852,0x008E,0x8E,1,ctrl,0x8A,1,1,0x41,0x00,0xBB,0xBB0041,0x00,0xBB,0xBB00,0xD0,0x6E,0x24,0x24,0x8A,0x110000,0x11BB00,4,0x1F000,1,1,retrigger_commit
98.706961,4352977,0x0608D5,0x0012,0x12,2,vol_l,0x1E,0,0,0x03,0x00,0xEA,0xEA0003,0x00,0xEA,0xEA00,0xF1,0xA0,0x1E,0x0F,0x02,0x00000,0x00EA00,1,0x08600,1,1,
98.706984,4352978,0x0608DA,0x0013,0x13,2,vol_r,0x0D,0,0,0x03,0x00,0xEA,0xEA0003,0x00,0xEA,0xEA00,0xF1,0xA0,0x1E,0x0D,0x02,0x00000,0x00EA00,1,0x08600,1,1,
98.706984,4352978,0x0608DE,0x0014,0x14,2,loop_mid,0x00,1,1,0x03,0x00,0xEA,0xEA0003,0x00,0xEA,0xEA00,0xF1,0xA0,0x1E,0x0D,0x02,0x00000,0x00EA00,1,0x08600,1,1,
98.706984,4352978,0x0608E2,0x0094,0x94,2,cur_mid,0x00,2,2,0x03,0x00,0xEA,0xEA0003,0x00,0xEA,0xEA00,0xF1,0xA0,0x1E,0x0D,0x02,0x00000,0x00EA00,1,0x08600,1,1,current_low_write
98.707007,4352979,0x0608E7,0x0015,0x15,2,loop_high,0xEA,0,0,0x03,0x00,0xEA,0xEA0003,0x00,0xEA,0xEA00,0xF1,0xA0,0x1E,0x0D,0x02,0x00000,0x00EA00,1,0x08600,1,1,
98.707007,4352979,0x0608EB,0x0095,0x95,2,cur_high,0xEA,1,1,0x03,0x00,0xEA,0xEA0003,0x00,0xEA,0xEA00,0xF1,0xA0,0x1E,0x0D,0x02,0x00000,0x00EA00,1,0x08600,1,1,current_pair_complete
98.707029,4352980,0x0608F0,0x0096,0x96,2,ctrl,0x02,0,0,0x03,0x00,0xEA,0xEA0003,0x00,0xEA,0xEA00,0xF1,0xA0,0x1E,0x0D,0x02,0x00000,0x00EA00,1,0x08600,1,1,retrigger_commit
98.844195,4359029,0x0609BB,0x0014,0x14,2,loop_mid,0x00,0,0,0x03,0x00,0xEA,0xEA0003,0x00,0xEA,0xEA00,0xF1,0xA0,0x1E,0x0D,0x02,0x00000,0x00EA00,1,0x08600,1,1,
98.844195,4359029,0x0609BF,0x0094,0x94,2,cur_mid,0x00,1,1,0x03,0x00,0xEA,0xEA0003,0x00,0xEA,0xEA00,0xF1,0xA0,0x1E,0x0D,0x02,0x00000,0x00EA00,1,0x08600,1,1,current_low_write
98.844218,4359030,0x0609C4,0x0015,0x15,2,loop_high,0xEA,0,0,0x03,0x00,0xEA,0xEA0003,0x00,0xEA,0xEA00,0xF1,0xA0,0x1E,0x0D,0x02,0x00000,0x00EA00,1,0x08600,1,1,
98.844218,4359030,0x0609C8,0x0095,0x95,2,cur_high,0xEA,1,1,0x03,0x00,0xEA,0xEA0003,0x00,0xEA,0xEA00,0xF1,0xA0,0x1E,0x0D,0x02,0x00000,0x00EA00,1,0x08600,1,1,current_pair_complete
98.844240,4359031,0x0609CD,0x0096,0x96,2,ctrl,0x02,0,0,0x03,0x00,0xEA,0xEA0003,0x00,0xEA,0xEA00,0xF1,0xA0,0x1E,0x0D,0x02,0x00000,0x00EA00,1,0x08600,1,1,retrigger_commit
98.887438,4360936,0x060A62,0x0008,0x08,1,cur_low,0x46,0,0,0x46,0x00,0xBB,0xBB0046,0x00,0xBB,0xBB00,0xD0,0x6E,0x24,0x24,0x8A,0x110000,0x11BB00,4,0x1F000,1,1,
98.887460,4360937,0x060A67,0x000A,0x0A,1,vol_l,0x37,0,0,0x46,0x00,0xBB,0xBB0046,0x00,0xBB,0xBB00,0xD0,0x6E,0x37,0x24,0x8A,0x110000,0x11BB00,4,0x1F000,1,1,
98.887460,4360937,0x060A6B,0x000B,0x0B,1,vol_r,0x37,1,1,0x46,0x00,0xBB,0xBB0046,0x00,0xBB,0xBB00,0xD0,0x6E,0x37,0x37,0x8A,0x110000,0x11BB00,4,0x1F000,1,1,
98.887483,4360938,0x060A70,0x000C,0x0C,1,loop_mid,0x00,0,0,0x46,0x00,0xBB,0xBB0046,0x00,0xBB,0xBB00,0xD0,0x6E,0x37,0x37,0x8A,0x110000,0x11BB00,4,0x1F000,1,1,
98.887483,4360938,0x060A74,0x008C,0x8C,1,cur_mid,0x00,1,1,0x46,0x00,0xBB,0xBB0046,0x00,0xBB,0xBB00,0xD0,0x6E,0x37,0x37,0x8A,0x110000,0x11BB00,4,0x1F000,1,1,current_low_write
98.887506,4360939,0x060A79,0x000D,0x0D,1,loop_high,0x3A,0,0,0x46,0x00,0xBB,0xBB0046,0x00,0x3A,0x3A00,0xD0,0x6E,0x37,0x37,0x8A,0x110000,0x11BB00,4,0x1F000,1,1,
98.887506,4360939,0x060A7D,0x008D,0x8D,1,cur_high,0x3A,1,1,0x46,0x00,0x3A,0x3A0046,0x00,0x3A,0x3A00,0xD0,0x6E,0x37,0x37,0x8A,0x110000,0x113A00,4,0x16F00,1,1,current_pair_complete
98.887506,4360939,0x060A81,0x000E,0x0E,1,end,0x3B,2,2,0x46,0x00,0x3A,0x3A0046,0x00,0x3A,0x3A00,0x3B,0x6E,0x37,0x37,0x8A,0x110000,0x113A00,4,0x16F00,1,1,
98.887528,4360940,0x060A86,0x000F,0x0F,1,delta,0x8E,0,0,0x46,0x00,0x3A,0x3A0046,0x00,0x3A,0x3A00,0x3B,0x8E,0x37,0x37,0x8A,0x110000,0x113A00,4,0x16F00,1,1,
98.887528,4360940,0x060A8A,0x008E,0x8E,1,ctrl,0x8A,1,1,0x46,0x00,0x3A,0x3A0046,0x00,0x3A,0x3A00,0x3B,0x8E,0x37,0x37,0x8A,0x110000,0x113A00,4,0x16F00,1,1,retrigger_commit
98.981542,4365086,0x060B26,0x0012,0x12,2,vol_l,0x22,0,0,0x03,0x00,0xEA,0xEA0003,0x00,0xEA,0xEA00,0xF1,0xA0,0x22,0x0D,0x02,0x00000,0x00EA00,1,0x08600,1,1,
98.981565,4365087,0x060B2B,0x0013,0x13,2,vol_r,0x11,0,0,0x03,0x00,0xEA,0xEA0003,0x00,0xEA,0xEA00,0xF1,0xA0,0x22,0x11,0x02,0x00000,0x00EA00,1,0x08600,1,1,
98.981565,4365087,0x060B2F,0x0014,0x14,2,loop_mid,0x00,1,1,0x03,0x00,0xEA,0xEA0003,0x00,0xEA,0xEA00,0xF1,0xA0,0x22,0x11,0x02,0x00000,0x00EA00,1,0x08600,1,1,
98.981587,4365088,0x060B34,0x0094,0x94,2,cur_mid,0x00,0,0,0x03,0x00,0xEA,0xEA0003,0x00,0xEA,0xEA00,0xF1,0xA0,0x22,0x11,0x02,0x00000,0x00EA00,1,0x08600,1,1,current_low_write
98.981587,4365088,0x060B38,0x0015,0x15,2,loop_high,0x25,1,1,0x03,0x00,0xEA,0xEA0003,0x00,0x25,0x2500,0xF1,0xA0,0x22,0x11,0x02,0x00000,0x00EA00,1,0x08600,1,1,
98.981587,4365088,0x060B3C,0x0095,0x95,2,cur_high,0x25,2,2,0x03,0x00,0x25,0x250003,0x00,0x25,0x2500,0xF1,0xA0,0x22,0x11,0x02,0x00000,0x002500,0,0x02500,1,1,current_pair_complete
98.981610,4365089,0x060B41,0x0016,0x16,2,end,0x53,0,0,0x03,0x00,0x25,0x250003,0x00,0x25,0x2500,0x53,0xA0,0x22,0x11,0x02,0x00000,0x002500,0,0x02500,1,1,
98.981610,4365089,0x060B45,0x0096,0x96,2,ctrl,0x02,1,1,0x03,0x00,0x25,0x250003,0x00,0x25,0x2500,0x53,0xA0,0x22,0x11,0x02,0x00000,0x002500,0,0x02500,1,1,retrigger_commit
99.024649,4366987,0x060BC3,0x0008,0x08,1,cur_low,0x42,0,0,0x42,0x00,0x3A,0x3A0042,0x00,0x3A,0x3A00,0x3B,0x8E,0x37,0x37,0x8A,0x110000,0x113A00,4,0x16F00,1,1,
99.024671,4366988,0x060BC8,0x000A,0x0A,1,vol_l,0x24,0,0,0x42,0x00,0x3A,0x3A0042,0x00,0x3A,0x3A00,0x3B,0x8E,0x24,0x37,0x8A,0x110000,0x113A00,4,0x16F00,1,1,
99.024671,4366988,0x060BCC,0x000B,0x0B,1,vol_r,0x24,1,1,0x42,0x00,0x3A,0x3A0042,0x00,0x3A,0x3A00,0x3B,0x8E,0x24,0x24,0x8A,0x110000,0x113A00,4,0x16F00,1,1,
99.024694,4366989,0x060BD1,0x000C,0x0C,1,loop_mid,0x00,0,0,0x42,0x00,0x3A,0x3A0042,0x00,0x3A,0x3A00,0x3B,0x8E,0x24,0x24,0x8A,0x110000,0x113A00,4,0x16F00,1,1,
99.024694,4366989,0x060BD5,0x008C,0x8C,1,cur_mid,0x00,1,1,0x42,0x00,0x3A,0x3A0042,0x00,0x3A,0x3A00,0x3B,0x8E,0x24,0x24,0x8A,0x110000,0x113A00,4,0x16F00,1,1,current_low_write
99.024717,4366990,0x060BDA,0x000D,0x0D,1,loop_high,0xD1,0,0,0x42,0x00,0x3A,0x3A0042,0x00,0xD1,0xD100,0x3B,0x8E,0x24,0x24,0x8A,0x110000,0x113A00,4,0x16F00,1,1,
99.024717,4366990,0x060BDE,0x008D,0x8D,1,cur_high,0xD1,1,1,0x42,0x00,0xD1,0xD10042,0x00,0xD1,0xD100,0x3B,0x8E,0x24,0x24,0x8A,0x110000,0x11D100,4,0x20600,1,1,current_pair_complete
99.024717,4366990,0x060BE2,0x000E,0x0E,1,end,0xE1,2,2,0x42,0x00,0xD1,0xD10042,0x00,0xD1,0xD100,0xE1,0x8E,0x24,0x24,0x8A,0x110000,0x11D100,4,0x20600,1,1,
99.024739,4366991,0x060BE7,0x000F,0x0F,1,delta,0x7D,0,0,0x42,0x00,0xD1,0xD10042,0x00,0xD1,0xD100,0xE1,0x7D,0x24,0x24,0x8A,0x110000,0x11D100,4,0x20600,1,1,
99.024739,4366991,0x060BEB,0x008E,0x8E,1,ctrl,0x8A,1,1,0x42,0x00,0xD1,0xD10042,0x00,0xD1,0xD100,0xE1,0x7D,0x24,0x24,0x8A,0x110000,0x11D100,4,0x20600,1,1,retrigger_commit
99.118821,4371140,0x060C8E,0x0012,0x12,2,vol_l,0x29,0,0,0x03,0x00,0x25,0x250003,0x00,0x25,0x2500,0x53,0xA0,0x29,0x11,0x02,0x00000,0x002500,0,0x02500,1,1,
99.118821,4371140,0x060C92,0x0013,0x13,2,vol_r,0x0F,1,1,0x03,0x00,0x25,0x250003,0x00,0x25,0x2500,0x53,0xA0,0x29,0x0F,0x02,0x00000,0x002500,0,0x02500,1,1,
99.118844,4371141,0x060C97,0x0014,0x14,2,loop_mid,0x00,0,0,0x03,0x00,0x25,0x250003,0x00,0x25,0x2500,0x53,0xA0,0x29,0x0F,0x02,0x00000,0x002500,0,0x02500,1,1,
99.118844,4371141,0x060C9B,0x0094,0x94,2,cur_mid,0x00,1,1,0x03,0x00,0x25,0x250003,0x00,0x25,0x2500,0x53,0xA0,0x29,0x0F,0x02,0x00000,0x002500,0,0x02500,1,1,current_low_write
99.118844,4371141,0x060C9F,0x0015,0x15,2,loop_high,0xEA,2,2,0x03,0x00,0x25,0x250003,0x00,0xEA,0xEA00,0x53,0xA0,0x29,0x0F,0x02,0x00000,0x002500,0,0x02500,1,1,
99.118866,4371142,0x060CA4,0x0095,0x95,2,cur_high,0xEA,0,0,0x03,0x00,0xEA,0xEA0003,0x00,0xEA,0xEA00,0x53,0xA0,0x29,0x0F,0x02,0x00000,0x00EA00,1,0x08600,1,1,current_pair_complete
99.118866,4371142,0x060CA8,0x0016,0x16,2,end,0xF1,1,1,0x03,0x00,0xEA,0xEA0003,0x00,0xEA,0xEA00,0xF1,0xA0,0x29,0x0F,0x02,0x00000,0x00EA00,1,0x08600,1,1,
99.118889,4371143,0x060CAD,0x0096,0x96,2,ctrl,0x02,0,0,0x03,0x00,0xEA,0xEA0003,0x00,0xEA,0xEA00,0xF1,0xA0,0x29,0x0F,0x02,0x00000,0x00EA00,1,0x08600,1,1,retrigger_commit
99.161882,4373039,0x060D34,0x0008,0x08,1,cur_low,0x46,0,0,0x46,0x00,0xD1,0xD10046,0x00,0xD1,0xD100,0xE1,0x7D,0x24,0x24,0x8A,0x110000,0x11D100,4,0x20600,1,1,
99.161905,4373040,0x060D39,0x000A,0x0A,1,vol_l,0x37,0,0,0x46,0x00,0xD1,0xD10046,0x00,0xD1,0xD100,0xE1,0x7D,0x37,0x24,0x8A,0x110000,0x11D100,4,0x20600,1,1,
99.161905,4373040,0x060D3D,0x000B,0x0B,1,vol_r,0x37,1,1,0x46,0x00,0xD1,0xD10046,0x00,0xD1,0xD100,0xE1,0x7D,0x37,0x37,0x8A,0x110000,0x11D100,4,0x20600,1,1,
99.161927,4373041,0x060D42,0x000C,0x0C,1,loop_mid,0x00,0,0,0x46,0x00,0xD1,0xD10046,0x00,0xD1,0xD100,0xE1,0x7D,0x37,0x37,0x8A,0x110000,0x11D100,4,0x20600,1,1,
99.161927,4373041,0x060D46,0x008C,0x8C,1,cur_mid,0x00,1,1,0x46,0x00,0xD1,0xD10046,0x00,0xD1,0xD100,0xE1,0x7D,0x37,0x37,0x8A,0x110000,0x11D100,4,0x20600,1,1,current_low_write
99.161950,4373042,0x060D4B,0x000D,0x0D,1,loop_high,0x3A,0,0,0x46,0x00,0xD1,0xD10046,0x00,0x3A,0x3A00,0xE1,0x7D,0x37,0x37,0x8A,0x110000,0x11D100,4,0x20600,1,1,
99.161950,4373042,0x060D4F,0x008D,0x8D,1,cur_high,0x3A,1,1,0x46,0x00,0x3A,0x3A0046,0x00,0x3A,0x3A00,0xE1,0x7D,0x37,0x37,0x8A,0x110000,0x113A00,4,0x16F00,1,1,current_pair_complete
99.161950,4373042,0x060D53,0x000E,0x0E,1,end,0x3B,2,2,0x46,0x00,0x3A,0x3A0046,0x00,0x3A,0x3A00,0x3B,0x7D,0x37,0x37,0x8A,0x110000,0x113A00,4,0x16F00,1,1,
99.161973,4373043,0x060D58,0x000F,0x0F,1,delta,0x8E,0,0,0x46,0x00,0x3A,0x3A0046,0x00,0x3A,0x3A00,0x3B,0x8E,0x37,0x37,0x8A,0x110000,0x113A00,4,0x16F00,1,1,
99.161973,4373043,0x060D5C,0x008E,0x8E,1,ctrl,0x8A,1,1,0x46,0x00,0x3A,0x3A0046,0x00,0x3A,0x3A00,0x3B,0x8E,0x37,0x37,0x8A,0x110000,0x113A00,4,0x16F00,1,1,retrigger_commit
99.256032,4377191,0x060DF7,0x0012,0x12,2,vol_l,0x1E,0,0,0x03,0x00,0xEA,0xEA0003,0x00,0xEA,0xEA00,0xF1,0xA0,0x1E,0x0F,0x02,0x00000,0x00EA00,1,0x08600,1,1,
99.256032,4377191,0x060DFB,0x0013,0x13,2,vol_r,0x0D,1,1,0x03,0x00,0xEA,0xEA0003,0x00,0xEA,0xEA00,0xF1,0xA0,0x1E,0x0D,0x02,0x00000,0x00EA00,1,0x08600,1,1,
99.256054,4377192,0x060E00,0x0014,0x14,2,loop_mid,0x00,0,0,0x03,0x00,0xEA,0xEA0003,0x00,0xEA,0xEA00,0xF1,0xA0,0x1E,0x0D,0x02,0x00000,0x00EA00,1,0x08600,1,1,
99.256054,4377192,0x060E04,0x0094,0x94,2,cur_mid,0x00,1,1,0x03,0x00,0xEA,0xEA0003,0x00,0xEA,0xEA00,0xF1,0xA0,0x1E,0x0D,0x02,0x00000,0x00EA00,1,0x08600,1,1,current_low_write
99.256054,4377192,0x060E08,0x0015,0x15,2,loop_high,0xEA,2,2,0x03,0x00,0xEA,0xEA0003,0x00,0xEA,0xEA00,0xF1,0xA0,0x1E,0x0D,0x02,0x00000,0x00EA00,1,0x08600,1,1,
99.256077,4377193,0x060E0D,0x0095,0x95,2,cur_high,0xEA,0,0,0x03,0x00,0xEA,0xEA0003,0x00,0xEA,0xEA00,0xF1,0xA0,0x1E,0x0D,0x02,0x00000,0x00EA00,1,0x08600,1,1,current_pair_complete
99.256100,4377194,0x060E12,0x0096,0x96,2,ctrl,0x02,0,0,0x03,0x00,0xEA,0xEA0003,0x00,0xEA,0xEA00,0xF1,0xA0,0x1E,0x0D,0x02,0x00000,0x00EA00,1,0x08600,1,1,retrigger_commit
99.299138,4379092,0x060E64,0x000C,0x0C,1,loop_mid,0x00,0,0,0x46,0x00,0x3A,0x3A0046,0x00,0x3A,0x3A00,0x3B,0x8E,0x37,0x37,0x8A,0x110000,0x113A00,4,0x16F00,1,1,
99.299138,4379092,0x060E68,0x008C,0x8C,1,cur_mid,0x00,1,1,0x46,0x00,0x3A,0x3A0046,0x00,0x3A,0x3A00,0x3B,0x8E,0x37,0x37,0x8A,0x110000,0x113A00,4,0x16F00,1,1,current_low_write
99.299161,4379093,0x060E6D,0x000D,0x0D,1,loop_high,0x3A,0,0,0x46,0x00,0x3A,0x3A0046,0x00,0x3A,0x3A00,0x3B,0x8E,0x37,0x37,0x8A,0x110000,0x113A00,4,0x16F00,1,1,
99.299161,4379093,0x060E71,0x008D,0x8D,1,cur_high,0x3A,1,1,0x46,0x00,0x3A,0x3A0046,0x00,0x3A,0x3A00,0x3B,0x8E,0x37,0x37,0x8A,0x110000,0x113A00,4,0x16F00,1,1,current_pair_complete
99.299184,4379094,0x060E76,0x008E,0x8E,1,ctrl,0x8A,0,0,0x46,0x00,0x3A,0x3A0046,0x00,0x3A,0x3A00,0x3B,0x8E,0x37,0x37,0x8A,0x110000,0x113A00,4,0x16F00,1,1,retrigger_commit
99.393265,4383243,0x060F1F,0x0014,0x14,2,loop_mid,0x00,0,0,0x03,0x00,0xEA,0xEA0003,0x00,0xEA,0xEA00,0xF1,0xA0,0x1E,0x0D,0x02,0x00000,0x00EA00,1,0x08600,1,1,
99.393265,4383243,0x060F23,0x0094,0x94,2,cur_mid,0x00,1,1,0x03,0x00,0xEA,0xEA0003,0x00,0xEA,0xEA00,0xF1,0xA0,0x1E,0x0D,0x02,0x00000,0x00EA00,1,0x08600,1,1,current_low_write
99.393265,4383243,0x060F27,0x0015,0x15,2,loop_high,0xEA,2,2,0x03,0x00,0xEA,0xEA0003,0x00,0xEA,0xEA00,0xF1,0xA0,0x1E,0x0D,0x02,0x00000,0x00EA00,1,0x08600,1,1,
99.393288,4383244,0x060F2C,0x0095,0x95,2,cur_high,0xEA,0,0,0x03,0x00,0xEA,0xEA0003,0x00,0xEA,0xEA00,0xF1,0xA0,0x1E,0x0D,0x02,0x00000,0x00EA00,1,0x08600,1,1,current_pair_complete
99.393311,4383245,0x060F31,0x0096,0x96,2,ctrl,0x02,0,0,0x03,0x00,0xEA,0xEA0003,0x00,0xEA,0xEA00,0xF1,0xA0,0x1E,0x0D,0x02,0x00000,0x00EA00,1,0x08600,1,1,retrigger_commit
99.436304,4385141,0x060FB0,0x0008,0x08,1,cur_low,0x42,0,0,0x42,0x00,0x3A,0x3A0042,0x00,0x3A,0x3A00,0x3B,0x8E,0x37,0x37,0x8A,0x110000,0x113A00,4,0x16F00,1,1,
99.436327,4385142,0x060FB5,0x000A,0x0A,1,vol_l,0x24,0,0,0x42,0x00,0x3A,0x3A0042,0x00,0x3A,0x3A00,0x3B,0x8E,0x24,0x37,0x8A,0x110000,0x113A00,4,0x16F00,1,1,
99.436327,4385142,0x060FB9,0x000B,0x0B,1,vol_r,0x24,1,1,0x42,0x00,0x3A,0x3A0042,0x00,0x3A,0x3A00,0x3B,0x8E,0x24,0x24,0x8A,0x110000,0x113A00,4,0x16F00,1,1,
99.436349,4385143,0x060FBE,0x000C,0x0C,1,loop_mid,0x00,0,0,0x42,0x00,0x3A,0x3A0042,0x00,0x3A,0x3A00,0x3B,0x8E,0x24,0x24,0x8A,0x110000,0x113A00,4,0x16F00,1,1,
99.436349,4385143,0x060FC2,0x008C,0x8C,1,cur_mid,0x00,1,1,0x42,0x00,0x3A,0x3A0042,0x00,0x3A,0x3A00,0x3B,0x8E,0x24,0x24,0x8A,0x110000,0x113A00,4,0x16F00,1,1,current_low_write
99.436372,4385144,0x060FC7,0x000D,0x0D,1,loop_high,0xD1,0,0,0x42,0x00,0x3A,0x3A0042,0x00,0xD1,0xD100,0x3B,0x8E,0x24,0x24,0x8A,0x110000,0x113A00,4,0x16F00,1,1,
99.436372,4385144,0x060FCB,0x008D,0x8D,1,cur_high,0xD1,1,1,0x42,0x00,0xD1,0xD10042,0x00,0xD1,0xD100,0x3B,0x8E,0x24,0x24,0x8A,0x110000,0x11D100,4,0x20600,1,1,current_pair_complete
99.436372,4385144,0x060FCF,0x000E,0x0E,1,end,0xE1,2,2,0x42,0x00,0xD1,0xD10042,0x00,0xD1,0xD100,0xE1,0x8E,0x24,0x24,0x8A,0x110000,0x11D100,4,0x20600,1,1,
99.436395,4385145,0x060FD4,0x000F,0x0F,1,delta,0x6E,0,0,0x42,0x00,0xD1,0xD10042,0x00,0xD1,0xD100,0xE1,0x6E,0x24,0x24,0x8A,0x110000,0x11D100,4,0x20600,1,1,
99.436395,4385145,0x060FD8,0x008E,0x8E,1,ctrl,0x8A,1,1,0x42,0x00,0xD1,0xD10042,0x00,0xD1,0xD100,0xE1,0x6E,0x24,0x24,0x8A,0x110000,0x11D100,4,0x20600,1,1,retrigger_commit
99.530363,4389289,0x0610B2,0x0012,0x12,2,vol_l,0x22,0,0,0x03,0x00,0xEA,0xEA0003,0x00,0xEA,0xEA00,0xF1,0xA0,0x22,0x0D,0x02,0x00000,0x00EA00,1,0x08600,1,1,
99.530363,4389289,0x0610B6,0x0013,0x13,2,vol_r,0x11,1,1,0x03,0x00,0xEA,0xEA0003,0x00,0xEA,0xEA00,0xF1,0xA0,0x22,0x11,0x02,0x00000,0x00EA00,1,0x08600,1,1,
99.530385,4389290,0x0610BB,0x0014,0x14,2,loop_mid,0x00,0,0,0x03,0x00,0xEA,0xEA0003,0x00,0xEA,0xEA00,0xF1,0xA0,0x22,0x11,0x02,0x00000,0x00EA00,1,0x08600,1,1,
99.530385,4389290,0x0610BF,0x0094,0x94,2,cur_mid,0x00,1,1,0x03,0x00,0xEA,0xEA0003,0x00,0xEA,0xEA00,0xF1,0xA0,0x22,0x11,0x02,0x00000,0x00EA00,1,0x08600,1,1,current_low_write
99.530385,4389290,0x0610C3,0x0015,0x15,2,loop_high,0x25,2,2,0x03,0x00,0xEA,0xEA0003,0x00,0x25,0x2500,0xF1,0xA0,0x22,0x11,0x02,0x00000,0x00EA00,1,0x08600,1,1,
99.530385,4389290,0x0610C7,0x0095,0x95,2,cur_high,0x25,3,3,0x03,0x00,0x25,0x250003,0x00,0x25,0x2500,0xF1,0xA0,0x22,0x11,0x02,0x00000,0x002500,0,0x02500,1,1,current_pair_complete
99.530408,4389291,0x0610CC,0x0016,0x16,2,end,0x53,0,0,0x03,0x00,0x25,0x250003,0x00,0x25,0x2500,0x53,0xA0,0x22,0x11,0x02,0x00000,0x002500,0,0x02500,1,1,
99.530431,4389292,0x0610D1,0x0096,0x96,2,ctrl,0x02,0,0,0x03,0x00,0x25,0x250003,0x00,0x25,0x2500,0x53,0xA0,0x22,0x11,0x02,0x00000,0x002500,0,0x02500,1,1,retrigger_commit
99.573288,4391182,0x061147,0x0008,0x08,1,cur_low,0x43,0,0,0x43,0x00,0xD1,0xD10043,0x00,0xD1,0xD100,0xE1,0x6E,0x24,0x24,0x8A,0x110000,0x11D100,4,0x20600,1,1,
99.573311,4391183,0x06114C,0x000A,0x0A,1,vol_l,0x3A,0,0,0x43,0x00,0xD1,0xD10043,0x00,0xD1,0xD100,0xE1,0x6E,0x3A,0x24,0x8A,0x110000,0x11D100,4,0x20600,1,1,
99.573311,4391183,0x061150,0x000B,0x0B,1,vol_r,0x3A,1,1,0x43,0x00,0xD1,0xD10043,0x00,0xD1,0xD100,0xE1,0x6E,0x3A,0x3A,0x8A,0x110000,0x11D100,4,0x20600,1,1,
99.573333,4391184,0x061155,0x000C,0x0C,1,loop_mid,0x00,0,0,0x43,0x00,0xD1,0xD10043,0x00,0xD1,0xD100,0xE1,0x6E,0x3A,0x3A,0x8A,0x110000,0x11D100,4,0x20600,1,1,
99.573333,4391184,0x061159,0x008C,0x8C,1,cur_mid,0x00,1,1,0x43,0x00,0xD1,0xD10043,0x00,0xD1,0xD100,0xE1,0x6E,0x3A,0x3A,0x8A,0x110000,0x11D100,4,0x20600,1,1,current_low_write
99.573356,4391185,0x06115E,0x000D,0x0D,1,loop_high,0xE2,0,0,0x43,0x00,0xD1,0xD10043,0x00,0xE2,0xE200,0xE1,0x6E,0x3A,0x3A,0x8A,0x110000,0x11D100,4,0x20600,1,1,
99.573356,4391185,0x061162,0x008D,0x8D,1,cur_high,0xE2,1,1,0x43,0x00,0xE2,0xE20043,0x00,0xE2,0xE200,0xE1,0x6E,0x3A,0x3A,0x8A,0x110000,0x11E200,4,0x21700,1,1,current_pair_complete
99.573356,4391185,0x061166,0x000E,0x0E,1,end,0xED,2,2,0x43,0x00,0xE2,0xE20043,0x00,0xE2,0xE200,0xED,0x6E,0x3A,0x3A,0x8A,0x110000,0x11E200,4,0x21700,1,1,
99.573379,4391186,0x06116B,0x008E,0x8E,1,ctrl,0x8A,0,0,0x43,0x00,0xE2,0xE20043,0x00,0xE2,0xE200,0xED,0x6E,0x3A,0x3A,0x8A,0x110000,0x11E200,4,0x21700,1,1,retrigger_commit
99.668685,4395389,0x0612F4,0x0012,0x12,2,vol_l,0x29,0,0,0x03,0x00,0x25,0x250003,0x00,0x25,0x2500,0x53,0xA0,0x29,0x11,0x02,0x00000,0x002500,0,0x02500,1,1,
99.668685,4395389,0x0612F8,0x0013,0x13,2,vol_r,0x0F,1,1,0x03,0x00,0x25,0x250003,0x00,0x25,0x2500,0x53,0xA0,0x29,0x0F,0x02,0x00000,0x002500,0,0x02500,1,1,
99.668707,4395390,0x0612FD,0x0014,0x14,2,loop_mid,0x00,0,0,0x03,0x00,0x25,0x250003,0x00,0x25,0x2500,0x53,0xA0,0x29,0x0F,0x02,0x00000,0x002500,0,0x02500,1,1,
99.668707,4395390,0x061301,0x0094,0x94,2,cur_mid,0x00,1,1,0x03,0x00,0x25,0x250003,0x00,0x25,0x2500,0x53,0xA0,0x29,0x0F,0x02,0x00000,0x002500,0,0x02500,1,1,current_low_write
99.668707,4395390,0x061305,0x0015,0x15,2,loop_high,0xEA,2,2,0x03,0x00,0x25,0x250003,0x00,0xEA,0xEA00,0x53,0xA0,0x29,0x0F,0x02,0x00000,0x002500,0,0x02500,1,1,
99.668730,4395391,0x06130A,0x0095,0x95,2,cur_high,0xEA,0,0,0x03,0x00,0xEA,0xEA0003,0x00,0xEA,0xEA00,0x53,0xA0,0x29,0x0F,0x02,0x00000,0x00EA00,1,0x08600,1,1,current_pair_complete
99.668730,4395391,0x06130E,0x0016,0x16,2,end,0xF1,1,1,0x03,0x00,0xEA,0xEA0003,0x00,0xEA,0xEA00,0xF1,0xA0,0x29,0x0F,0x02,0x00000,0x00EA00,1,0x08600,1,1,
99.668753,4395392,0x061313,0x0096,0x96,2,ctrl,0x02,0,0,0x03,0x00,0xEA,0xEA0003,0x00,0xEA,0xEA00,0xF1,0xA0,0x29,0x0F,0x02,0x00000,0x00EA00,1,0x08600,1,1,retrigger_commit
99.710998,4397255,0x061415,0x0008,0x08,1,cur_low,0x3F,0,0,0x3F,0x00,0xE2,0xE2003F,0x00,0xE2,0xE200,0xED,0x6E,0x3A,0x3A,0x8A,0x110000,0x11E200,4,0x21700,1,1,
99.711020,4397256,0x06141A,0x000A,0x0A,1,vol_l,0x24,0,0,0x3F,0x00,0xE2,0xE2003F,0x00,0xE2,0xE200,0xED,0x6E,0x24,0x3A,0x8A,0x110000,0x11E200,4,0x21700,1,1,
99.711020,4397256,0x06141E,0x000B,0x0B,1,vol_r,0x24,1,1,0x3F,0x00,0xE2,0xE2003F,0x00,0xE2,0xE200,0xED,0x6E,0x24,0x24,0x8A,0x110000,0x11E200,4,0x21700,1,1,
99.711043,4397257,0x061423,0x000C,0x0C,1,loop_mid,0x00,0,0,0x3F,0x00,0xE2,0xE2003F,0x00,0xE2,0xE200,0xED,0x6E,0x24,0x24,0x8A,0x110000,0x11E200,4,0x21700,1,1,
99.711043,4397257,0x061427,0x008C,0x8C,1,cur_mid,0x00,1,1,0x3F,0x00,0xE2,0xE2003F,0x00,0xE2,0xE200,0xED,0x6E,0x24,0x24,0x8A,0x110000,0x11E200,4,0x21700,1,1,current_low_write
99.711066,4397258,0x06142C,0x000D,0x0D,1,loop_high,0x84,0,0,0x3F,0x00,0xE2,0xE2003F,0x00,0x84,0x8400,0xED,0x6E,0x24,0x24,0x8A,0x110000,0x11E200,4,0x21700,1,1,
99.711066,4397258,0x061430,0x008D,0x8D,1,cur_high,0x84,1,1,0x3F,0x00,0x84,0x84003F,0x00,0x84,0x8400,0xED,0x6E,0x24,0x24,0x8A,0x110000,0x118400,4,0x1B900,1,1,current_pair_complete
99.711066,4397258,0x061434,0x000E,0x0E,1,end,0xA4,2,2,0x3F,0x00,0x84,0x84003F,0x00,0x84,0x8400,0xA4,0x6E,0x24,0x24,0x8A,0x110000,0x118400,4,0x1B900,1,1,
99.711088,4397259,0x061439,0x000F,0x0F,1,delta,0x85,0,0,0x3F,0x00,0x84,0x84003F,0x00,0x84,0x8400,0xA4,0x85,0x24,0x24,0x8A,0x110000,0x118400,4,0x1B900,1,1,
99.711088,4397259,0x06143D,0x008E,0x8E,1,ctrl,0x8A,1,1,0x3F,0x00,0x84,0x84003F,0x00,0x84,0x8400,0xA4,0x85,0x24,0x24,0x8A,0x110000,0x118400,4,0x1B900,1,1,retrigger_commit
99.804898,4401396,0x061556,0x0012,0x12,2,vol_l,0x1E,0,0,0x03,0x00,0xEA,0xEA0003,0x00,0xEA,0xEA00,0xF1,0xA0,0x1E,0x0F,0x02,0x00000,0x00EA00,1,0x08600,1,1,
99.804898,4401396,0x06155A,0x0013,0x13,2,vol_r,0x0D,1,1,0x03,0x00,0xEA,0xEA0003,0x00,0xEA,0xEA00,0xF1,0xA0,0x1E,0x0D,0x02,0x00000,0x00EA00,1,0x08600,1,1,
99.804921,4401397,0x06155F,0x0014,0x14,2,loop_mid,0x00,0,0,0x03,0x00,0xEA,0xEA0003,0x00,0xEA,0xEA00,0xF1,0xA0,0x1E,0x0D,0x02,0x00000,0x00EA00,1,0x08600,1,1,
99.804921,4401397,0x061563,0x0094,0x94,2,cur_mid,0x00,1,1,0x03,0x00,0xEA,0xEA0003,0x00,0xEA,0xEA00,0xF1,0xA0,0x1E,0x0D,0x02,0x00000,0x00EA00,1,0x08600,1,1,current_low_write
99.804921,4401397,0x061567,0x0015,0x15,2,loop_high,0xEA,2,2,0x03,0x00,0xEA,0xEA0003,0x00,0xEA,0xEA00,0xF1,0xA0,0x1E,0x0D,0x02,0x00000,0x00EA00,1,0x08600,1,1,
99.804943,4401398,0x06156C,0x0095,0x95,2,cur_high,0xEA,0,0,0x03,0x00,0xEA,0xEA0003,0x00,0xEA,0xEA00,0xF1,0xA0,0x1E,0x0D,0x02,0x00000,0x00EA00,1,0x08600,1,1,current_pair_complete
99.804966,4401399,0x061571,0x0096,0x96,2,ctrl,0x02,0,0,0x03,0x00,0xEA,0xEA0003,0x00,0xEA,0xEA00,0xF1,0xA0,0x1E,0x0D,0x02,0x00000,0x00EA00,1,0x08600,1,1,retrigger_commit
99.942132,4407448,0x061705,0x0014,0x14,2,loop_mid,0x00,0,0,0x03,0x00,0xEA,0xEA0003,0x00,0xEA,0xEA00,0xF1,0xA0,0x1E,0x0D,0x02,0x00000,0x00EA00,1,0x08600,1,1,
99.942132,4407448,0x061709,0x0094,0x94,2,cur_mid,0x00,1,1,0x03,0x00,0xEA,0xEA0003,0x00,0xEA,0xEA00,0xF1,0xA0,0x1E,0x0D,0x02,0x00000,0x00EA00,1,0x08600,1,1,current_low_write
99.942132,4407448,0x06170D,0x0015,0x15,2,loop_high,0xEA,2,2,0x03,0x00,0xEA,0xEA0003,0x00,0xEA,0xEA00,0xF1,0xA0,0x1E,0x0D,0x02,0x00000,0x00EA00,1,0x08600,1,1,
99.942154,4407449,0x061712,0x0095,0x95,2,cur_high,0xEA,0,0,0x03,0x00,0xEA,0xEA0003,0x00,0xEA,0xEA00,0xF1,0xA0,0x1E,0x0D,0x02,0x00000,0x00EA00,1,0x08600,1,1,current_pair_complete
99.942177,4407450,0x061717,0x0096,0x96,2,ctrl,0x02,0,0,0x03,0x00,0xEA,0xEA0003,0x00,0xEA,0xEA00,0xF1,0xA0,0x1E,0x0D,0x02,0x00000,0x00EA00,1,0x08600,1,1,retrigger_commit
99.985215,4409348,0x0617C0,0x000C,0x0C,1,loop_mid,0x00,0,0,0x3F,0x00,0x84,0x84003F,0x00,0x84,0x8400,0xA4,0x85,0x24,0x24,0x8A,0x110000,0x118400,4,0x1B900,1,1,
99.985215,4409348,0x0617C4,0x008C,0x8C,1,cur_mid,0x00,1,1,0x3F,0x00,0x84,0x84003F,0x00,0x84,0x8400,0xA4,0x85,0x24,0x24,0x8A,0x110000,0x118400,4,0x1B900,1,1,current_low_write
99.985238,4409349,0x0617C9,0x000D,0x0D,1,loop_high,0x84,0,0,0x3F,0x00,0x84,0x84003F,0x00,0x84,0x8400,0xA4,0x85,0x24,0x24,0x8A,0x110000,0x118400,4,0x1B900,1,1,
99.985238,4409349,0x0617CD,0x008D,0x8D,1,cur_high,0x84,1,1,0x3F,0x00,0x84,0x84003F,0x00,0x84,0x8400,0xA4,0x85,0x24,0x24,0x8A,0x110000,0x118400,4,0x1B900,1,1,current_pair_complete
99.985261,4409350,0x0617D2,0x008E,0x8E,1,ctrl,0x8A,0,0,0x3F,0x00,0x84,0x84003F,0x00,0x84,0x8400,0xA4,0x85,0x24,0x24,0x8A,0x110000,0x118400,4,0x1B900,1,1,retrigger_commit
