time_s,sample_time,file_offset,c0_address,mapped_address,channel,register,data,same_wait_order_all,same_wait_order_selected,current_frac,current_low,current_high,current_16_8,loop_low,loop_high,loop_16,end,delta,volume_l,volume_r,control,bank,full_rom_address,type80_block,payload_index,enabled,audible,start_retrigger
0.039773,1754,0x017B98,0x0010,0x10,2,cur_low,0x01,0,0,0x01,0x00,0x00,0x000001,0x00,0x00,0x0000,0x00,0x00,0x00,0x00,0x00,0x00000,0x000000,0,0x00000,1,0,
0.039796,1755,0x017B9D,0x0012,0x12,2,vol_l,0x3F,0,0,0x01,0x00,0x00,0x000001,0x00,0x00,0x0000,0x00,0x00,0x3F,0x00,0x00,0x00000,0x000000,0,0x00000,1,1,volume_on
0.039819,1756,0x017BA2,0x0013,0x13,2,vol_r,0x3F,0,0,0x01,0x00,0x00,0x000001,0x00,0x00,0x0000,0x00,0x00,0x3F,0x3F,0x00,0x00000,0x000000,0,0x00000,1,1,
0.039819,1756,0x017BA6,0x0014,0x14,2,loop_mid,0x00,1,1,0x01,0x00,0x00,0x000001,0x00,0x00,0x0000,0x00,0x00,0x3F,0x3F,0x00,0x00000,0x000000,0,0x00000,1,1,
0.039841,1757,0x017BAB,0x0094,0x94,2,cur_mid,0x00,0,0,0x01,0x00,0x00,0x000001,0x00,0x00,0x0000,0x00,0x00,0x3F,0x3F,0x00,0x00000,0x000000,0,0x00000,1,1,current_low_write
0.039841,1757,0x017BAF,0x0015,0x15,2,loop_high,0x00,1,1,0x01,0x00,0x00,0x000001,0x00,0x00,0x0000,0x00,0x00,0x3F,0x3F,0x00,0x00000,0x000000,0,0x00000,1,1,
0.039841,1757,0x017BB3,0x0095,0x95,2,cur_high,0x00,2,2,0x01,0x00,0x00,0x000001,0x00,0x00,0x0000,0x00,0x00,0x3F,0x3F,0x00,0x00000,0x000000,0,0x00000,1,1,current_pair_complete
0.039864,1758,0x017BB8,0x0016,0x16,2,end,0x0C,0,0,0x01,0x00,0x00,0x000001,0x00,0x00,0x0000,0x0C,0x00,0x3F,0x3F,0x00,0x00000,0x000000,0,0x00000,1,1,
0.039864,1758,0x017BBC,0x0017,0x17,2,delta,0x80,1,1,0x01,0x00,0x00,0x000001,0x00,0x00,0x0000,0x0C,0x80,0x3F,0x3F,0x00,0x00000,0x000000,0,0x00000,1,1,
0.039864,1758,0x017BC0,0x0096,0x96,2,ctrl,0x02,2,2,0x01,0x00,0x00,0x000001,0x00,0x00,0x0000,0x0C,0x80,0x3F,0x3F,0x02,0x00000,0x000000,0,0x00000,1,1,retrigger_commit
0.040522,1787,0x017BC6,0x0018,0x18,3,cur_low,0x0C,0,0,0x0C,0x00,0x00,0x00000C,0x00,0x00,0x0000,0x00,0x00,0x00,0x00,0x00,0x00000,0x000000,0,0x00000,1,0,
0.040544,1788,0x017BCB,0x001A,0x1A,3,vol_l,0x3F,0,0,0x0C,0x00,0x00,0x00000C,0x00,0x00,0x0000,0x00,0x00,0x3F,0x00,0x00,0x00000,0x000000,0,0x00000,1,1,volume_on
0.040544,1788,0x017BCF,0x001B,0x1B,3,vol_r,0x20,1,1,0x0C,0x00,0x00,0x00000C,0x00,0x00,0x0000,0x00,0x00,0x3F,0x20,0x00,0x00000,0x000000,0,0x00000,1,1,
0.040567,1789,0x017BD4,0x001C,0x1C,3,loop_mid,0x00,0,0,0x0C,0x00,0x00,0x00000C,0x00,0x00,0x0000,0x00,0x00,0x3F,0x20,0x00,0x00000,0x000000,0,0x00000,1,1,
0.040567,1789,0x017BD8,0x009C,0x9C,3,cur_mid,0x00,1,1,0x0C,0x00,0x00,0x00000C,0x00,0x00,0x0000,0x00,0x00,0x3F,0x20,0x00,0x00000,0x000000,0,0x00000,1,1,current_low_write
0.040590,1790,0x017BDD,0x001D,0x1D,3,loop_high,0x00,0,0,0x0C,0x00,0x00,0x00000C,0x00,0x00,0x0000,0x00,0x00,0x3F,0x20,0x00,0x00000,0x000000,0,0x00000,1,1,
0.040590,1790,0x017BE1,0x009D,0x9D,3,cur_high,0x00,1,1,0x0C,0x00,0x00,0x00000C,0x00,0x00,0x0000,0x00,0x00,0x3F,0x20,0x00,0x00000,0x000000,0,0x00000,1,1,current_pair_complete
0.040590,1790,0x017BE5,0x001E,0x1E,3,end,0x5D,2,2,0x0C,0x00,0x00,0x00000C,0x00,0x00,0x0000,0x5D,0x00,0x3F,0x20,0x00,0x00000,0x000000,0,0x00000,1,1,
0.040612,1791,0x017BEA,0x001F,0x1F,3,delta,0xA0,0,0,0x0C,0x00,0x00,0x00000C,0x00,0x00,0x0000,0x5D,0xA0,0x3F,0x20,0x00,0x00000,0x000000,0,0x00000,1,1,
0.040612,1791,0x017BEE,0x009E,0x9E,3,ctrl,0x12,1,1,0x0C,0x00,0x00,0x00000C,0x00,0x00,0x0000,0x5D,0xA0,0x3F,0x20,0x12,0x20000,0x020000,5,0x08D00,1,1,retrigger_commit
0.040907,1804,0x017BF3,0x0020,0x20,4,cur_low,0x08,0,0,0x08,0x00,0x00,0x000008,0x00,0x00,0x0000,0x00,0x00,0x00,0x00,0x00,0x00000,0x000000,0,0x00000,1,0,
0.040930,1805,0x017BF8,0x0022,0x22,4,vol_l,0x00,0,0,0x08,0x00,0x00,0x000008,0x00,0x00,0x0000,0x00,0x00,0x00,0x00,0x00,0x00000,0x000000,0,0x00000,1,0,
0.040930,1805,0x017BFC,0x0023,0x23,4,vol_r,0x00,1,1,0x08,0x00,0x00,0x000008,0x00,0x00,0x0000,0x00,0x00,0x00,0x00,0x00,0x00000,0x000000,0,0x00000,1,0,
0.040952,1806,0x017C01,0x0024,0x24,4,loop_mid,0x00,0,0,0x08,0x00,0x00,0x000008,0x00,0x00,0x0000,0x00,0x00,0x00,0x00,0x00,0x00000,0x000000,0,0x00000,1,0,
0.040952,1806,0x017C05,0x00A4,0xA4,4,cur_mid,0x00,1,1,0x08,0x00,0x00,0x000008,0x00,0x00,0x0000,0x00,0x00,0x00,0x00,0x00,0x00000,0x000000,0,0x00000,1,0,current_low_write
0.040975,1807,0x017C0A,0x0025,0x25,4,loop_high,0x00,0,0,0x08,0x00,0x00,0x000008,0x00,0x00,0x0000,0x00,0x00,0x00,0x00,0x00,0x00000,0x000000,0,0x00000,1,0,
0.040975,1807,0x017C0E,0x00A5,0xA5,4,cur_high,0x00,1,1,0x08,0x00,0x00,0x000008,0x00,0x00,0x0000,0x00,0x00,0x00,0x00,0x00,0x00000,0x000000,0,0x00000,1,0,current_pair_complete
0.040975,1807,0x017C12,0x0026,0x26,4,end,0x36,2,2,0x08,0x00,0x00,0x000008,0x00,0x00,0x0000,0x36,0x00,0x00,0x00,0x00,0x00000,0x000000,0,0x00000,1,0,
0.040998,1808,0x017C17,0x0027,0x27,4,delta,0x00,0,0,0x08,0x00,0x00,0x000008,0x00,0x00,0x0000,0x36,0x00,0x00,0x00,0x00,0x00000,0x000000,0,0x00000,1,0,
0.040998,1808,0x017C1B,0x00A6,0xA6,4,ctrl,0x0A,1,1,0x08,0x00,0x00,0x000008,0x00,0x00,0x0000,0x36,0x00,0x00,0x00,0x0A,0x10000,0x010000,3,0x04400,1,0,control_active
0.245102,10809,0x017C3E,0x0012,0x12,2,vol_l,0x00,0,0,0x01,0x00,0x00,0x000001,0x00,0x00,0x0000,0x0C,0x80,0x00,0x3F,0x02,0x00000,0x000000,0,0x00000,1,1,
0.245102,10809,0x017C42,0x0013,0x13,2,vol_r,0x00,1,1,0x01,0x00,0x00,0x000001,0x00,0x00,0x0000,0x0C,0x80,0x00,0x00,0x02,0x00000,0x000000,0,0x00000,1,0,
0.245125,10810,0x017C47,0x0014,0x14,2,loop_mid,0x00,0,0,0x01,0x00,0x00,0x000001,0x00,0x00,0x0000,0x0C,0x80,0x00,0x00,0x02,0x00000,0x000000,0,0x00000,1,0,
0.245125,10810,0x017C4B,0x0094,0x94,2,cur_mid,0x00,1,1,0x01,0x00,0x00,0x000001,0x00,0x00,0x0000,0x0C,0x80,0x00,0x00,0x02,0x00000,0x000000,0,0x00000,1,0,current_low_write
0.245147,10811,0x017C50,0x0015,0x15,2,loop_high,0x00,0,0,0x01,0x00,0x00,0x000001,0x00,0x00,0x0000,0x0C,0x80,0x00,0x00,0x02,0x00000,0x000000,0,0x00000,1,0,
0.245147,10811,0x017C54,0x0095,0x95,2,cur_high,0x00,1,1,0x01,0x00,0x00,0x000001,0x00,0x00,0x0000,0x0C,0x80,0x00,0x00,0x02,0x00000,0x000000,0,0x00000,1,0,current_pair_complete
0.245170,10812,0x017C59,0x0017,0x17,2,delta,0x00,0,0,0x01,0x00,0x00,0x000001,0x00,0x00,0x0000,0x0C,0x00,0x00,0x00,0x02,0x00000,0x000000,0,0x00000,1,0,
0.245170,10812,0x017C5D,0x0096,0x96,2,ctrl,0x02,1,1,0x01,0x00,0x00,0x000001,0x00,0x00,0x0000,0x0C,0x00,0x00,0x00,0x02,0x00000,0x000000,0,0x00000,1,0,control_active
0.245624,10832,0x017C63,0x0028,0x28,5,cur_low,0x03,0,0,0x03,0x00,0x00,0x000003,0x00,0x00,0x0000,0x00,0x00,0x00,0x00,0x00,0x00000,0x000000,0,0x00000,1,0,
0.245646,10833,0x017C68,0x002A,0x2A,5,vol_l,0x1E,0,0,0x03,0x00,0x00,0x000003,0x00,0x00,0x0000,0x00,0x00,0x1E,0x00,0x00,0x00000,0x000000,0,0x00000,1,1,volume_on
0.245646,10833,0x017C6C,0x002B,0x2B,5,vol_r,0x0D,1,1,0x03,0x00,0x00,0x000003,0x00,0x00,0x0000,0x00,0x00,0x1E,0x0D,0x00,0x00000,0x000000,0,0x00000,1,1,
0.245669,10834,0x017C71,0x002C,0x2C,5,loop_mid,0x00,0,0,0x03,0x00,0x00,0x000003,0x00,0x00,0x0000,0x00,0x00,0x1E,0x0D,0x00,0x00000,0x000000,0,0x00000,1,1,
0.245669,10834,0x017C75,0x00AC,0xAC,5,cur_mid,0x00,1,1,0x03,0x00,0x00,0x000003,0x00,0x00,0x0000,0x00,0x00,0x1E,0x0D,0x00,0x00000,0x000000,0,0x00000,1,1,current_low_write
0.245669,10834,0x017C79,0x002D,0x2D,5,loop_high,0xEA,2,2,0x03,0x00,0x00,0x000003,0x00,0xEA,0xEA00,0x00,0x00,0x1E,0x0D,0x00,0x00000,0x000000,0,0x00000,1,1,
0.245669,10834,0x017C7D,0x00AD,0xAD,5,cur_high,0xEA,3,3,0x03,0x00,0xEA,0xEA0003,0x00,0xEA,0xEA00,0x00,0x00,0x1E,0x0D,0x00,0x00000,0x00EA00,2,0x03C00,1,1,current_pair_complete
0.245692,10835,0x017C82,0x002E,0x2E,5,end,0xF1,0,0,0x03,0x00,0xEA,0xEA0003,0x00,0xEA,0xEA00,0xF1,0x00,0x1E,0x0D,0x00,0x00000,0x00EA00,2,0x03C00,1,1,
0.245692,10835,0x017C86,0x002F,0x2F,5,delta,0xA0,1,1,0x03,0x00,0xEA,0xEA0003,0x00,0xEA,0xEA00,0xF1,0xA0,0x1E,0x0D,0x00,0x00000,0x00EA00,2,0x03C00,1,1,
0.245714,10836,0x017C8B,0x00AE,0xAE,5,ctrl,0x02,0,0,0x03,0x00,0xEA,0xEA0003,0x00,0xEA,0xEA00,0xF1,0xA0,0x1E,0x0D,0x02,0x00000,0x00EA00,2,0x03C00,1,1,retrigger_commit
0.262290,11567,0x017C92,0x0014,0x14,2,loop_mid,0x00,0,0,0x01,0x00,0x00,0x000001,0x00,0x00,0x0000,0x0C,0x00,0x00,0x00,0x02,0x00000,0x000000,0,0x00000,1,0,
0.262290,11567,0x017C96,0x0094,0x94,2,cur_mid,0x00,1,1,0x01,0x00,0x00,0x000001,0x00,0x00,0x0000,0x0C,0x00,0x00,0x00,0x02,0x00000,0x000000,0,0x00000,1,0,current_low_write
0.262313,11568,0x017C9B,0x0015,0x15,2,loop_high,0x00,0,0,0x01,0x00,0x00,0x000001,0x00,0x00,0x0000,0x0C,0x00,0x00,0x00,0x02,0x00000,0x000000,0,0x00000,1,0,
0.262313,11568,0x017C9F,0x0095,0x95,2,cur_high,0x00,1,1,0x01,0x00,0x00,0x000001,0x00,0x00,0x0000,0x0C,0x00,0x00,0x00,0x02,0x00000,0x000000,0,0x00000,1,0,current_pair_complete
0.331769,14631,0x017CA6,0x0026,0x26,4,end,0x36,0,0,0x08,0x00,0x00,0x000008,0x00,0x00,0x0000,0x36,0x00,0x00,0x00,0x0A,0x10000,0x010000,3,0x04400,1,0,
0.331769,14631,0x017CAA,0x0027,0x27,4,delta,0x00,1,1,0x08,0x00,0x00,0x000008,0x00,0x00,0x0000,0x36,0x00,0x00,0x00,0x0A,0x10000,0x010000,3,0x04400,1,0,
0.331769,14631,0x017CAE,0x00A6,0xA6,4,ctrl,0x0A,2,2,0x08,0x00,0x00,0x000008,0x00,0x00,0x0000,0x36,0x00,0x00,0x00,0x0A,0x10000,0x010000,3,0x04400,1,0,control_active
0.347982,15346,0x017CFF,0x0010,0x10,2,cur_low,0x01,0,0,0x01,0x00,0x00,0x000001,0x00,0x00,0x0000,0x0C,0x00,0x00,0x00,0x02,0x00000,0x000000,0,0x00000,1,0,
0.348005,15347,0x017D04,0x0012,0x12,2,vol_l,0x00,0,0,0x01,0x00,0x00,0x000001,0x00,0x00,0x0000,0x0C,0x00,0x00,0x00,0x02,0x00000,0x000000,0,0x00000,1,0,
0.348005,15347,0x017D08,0x0013,0x13,2,vol_r,0x00,1,1,0x01,0x00,0x00,0x000001,0x00,0x00,0x0000,0x0C,0x00,0x00,0x00,0x02,0x00000,0x000000,0,0x00000,1,0,
0.348027,15348,0x017D0D,0x0014,0x14,2,loop_mid,0x00,0,0,0x01,0x00,0x00,0x000001,0x00,0x00,0x0000,0x0C,0x00,0x00,0x00,0x02,0x00000,0x000000,0,0x00000,1,0,
0.348027,15348,0x017D11,0x0094,0x94,2,cur_mid,0x00,1,1,0x01,0x00,0x00,0x000001,0x00,0x00,0x0000,0x0C,0x00,0x00,0x00,0x02,0x00000,0x000000,0,0x00000,1,0,current_low_write
0.348050,15349,0x017D16,0x0015,0x15,2,loop_high,0x00,0,0,0x01,0x00,0x00,0x000001,0x00,0x00,0x0000,0x0C,0x00,0x00,0x00,0x02,0x00000,0x000000,0,0x00000,1,0,
0.348050,15349,0x017D1A,0x0095,0x95,2,cur_high,0x00,1,1,0x01,0x00,0x00,0x000001,0x00,0x00,0x0000,0x0C,0x00,0x00,0x00,0x02,0x00000,0x000000,0,0x00000,1,0,current_pair_complete
0.348050,15349,0x017D1E,0x0016,0x16,2,end,0x0C,2,2,0x01,0x00,0x00,0x000001,0x00,0x00,0x0000,0x0C,0x00,0x00,0x00,0x02,0x00000,0x000000,0,0x00000,1,0,
0.348073,15350,0x017D23,0x0017,0x17,2,delta,0x00,0,0,0x01,0x00,0x00,0x000001,0x00,0x00,0x0000,0x0C,0x00,0x00,0x00,0x02,0x00000,0x000000,0,0x00000,1,0,
0.348073,15350,0x017D27,0x0096,0x96,2,ctrl,0x02,1,1,0x01,0x00,0x00,0x000001,0x00,0x00,0x0000,0x0C,0x00,0x00,0x00,0x02,0x00000,0x000000,0,0x00000,1,0,control_active
0.348413,15365,0x017D2C,0x0030,0x30,6,cur_low,0x0B,0,0,0x0B,0x00,0x00,0x00000B,0x00,0x00,0x0000,0x00,0x00,0x00,0x00,0x00,0x00000,0x000000,0,0x00000,1,0,
0.348435,15366,0x017D31,0x0032,0x32,6,vol_l,0x09,0,0,0x0B,0x00,0x00,0x00000B,0x00,0x00,0x0000,0x00,0x00,0x09,0x00,0x00,0x00000,0x000000,0,0x00000,1,1,volume_on
0.348458,15367,0x017D36,0x0033,0x33,6,vol_r,0x09,0,0,0x0B,0x00,0x00,0x00000B,0x00,0x00,0x0000,0x00,0x00,0x09,0x09,0x00,0x00000,0x000000,0,0x00000,1,1,
0.348458,15367,0x017D3A,0x0034,0x34,6,loop_mid,0x00,1,1,0x0B,0x00,0x00,0x00000B,0x00,0x00,0x0000,0x00,0x00,0x09,0x09,0x00,0x00000,0x000000,0,0x00000,1,1,
0.348458,15367,0x017D3E,0x00B4,0xB4,6,cur_mid,0x00,2,2,0x0B,0x00,0x00,0x00000B,0x00,0x00,0x0000,0x00,0x00,0x09,0x09,0x00,0x00000,0x000000,0,0x00000,1,1,current_low_write
0.348481,15368,0x017D43,0x0035,0x35,6,loop_high,0x71,0,0,0x0B,0x00,0x00,0x00000B,0x00,0x71,0x7100,0x00,0x00,0x09,0x09,0x00,0x00000,0x000000,0,0x00000,1,1,
0.348481,15368,0x017D47,0x00B5,0xB5,6,cur_high,0x71,1,1,0x0B,0x00,0x71,0x71000B,0x00,0x71,0x7100,0x00,0x00,0x09,0x09,0x00,0x00000,0x007100,,,1,1,current_pair_complete
0.348481,15368,0x017D4B,0x0036,0x36,6,end,0x82,2,2,0x0B,0x00,0x71,0x71000B,0x00,0x71,0x7100,0x82,0x00,0x09,0x09,0x00,0x00000,0x007100,,,1,1,
0.348503,15369,0x017D50,0x0037,0x37,6,delta,0xA0,0,0,0x0B,0x00,0x71,0x71000B,0x00,0x71,0x7100,0x82,0xA0,0x09,0x09,0x00,0x00000,0x007100,,,1,1,
0.348503,15369,0x017D54,0x00B6,0xB6,6,ctrl,0x0A,1,1,0x0B,0x00,0x71,0x71000B,0x00,0x71,0x7100,0x82,0xA0,0x09,0x09,0x0A,0x10000,0x017100,4,0x07B00,1,1,retrigger_commit
0.349138,15397,0x017D5A,0x0020,0x20,4,cur_low,0x08,0,0,0x08,0x00,0x00,0x000008,0x00,0x00,0x0000,0x36,0x00,0x00,0x00,0x0A,0x10000,0x010000,3,0x04400,1,0,
0.349161,15398,0x017D5F,0x0022,0x22,4,vol_l,0x00,0,0,0x08,0x00,0x00,0x000008,0x00,0x00,0x0000,0x36,0x00,0x00,0x00,0x0A,0x10000,0x010000,3,0x04400,1,0,
0.349184,15399,0x017D64,0x0023,0x23,4,vol_r,0x00,0,0,0x08,0x00,0x00,0x000008,0x00,0x00,0x0000,0x36,0x00,0x00,0x00,0x0A,0x10000,0x010000,3,0x04400,1,0,
0.349184,15399,0x017D68,0x0024,0x24,4,loop_mid,0x00,1,1,0x08,0x00,0x00,0x000008,0x00,0x00,0x0000,0x36,0x00,0x00,0x00,0x0A,0x10000,0x010000,3,0x04400,1,0,
0.349206,15400,0x017D6D,0x00A4,0xA4,4,cur_mid,0x00,0,0,0x08,0x00,0x00,0x000008,0x00,0x00,0x0000,0x36,0x00,0x00,0x00,0x0A,0x10000,0x010000,3,0x04400,1,0,current_low_write
0.349206,15400,0x017D71,0x0025,0x25,4,loop_high,0x00,1,1,0x08,0x00,0x00,0x000008,0x00,0x00,0x0000,0x36,0x00,0x00,0x00,0x0A,0x10000,0x010000,3,0x04400,1,0,
0.349206,15400,0x017D75,0x00A5,0xA5,4,cur_high,0x00,2,2,0x08,0x00,0x00,0x000008,0x00,0x00,0x0000,0x36,0x00,0x00,0x00,0x0A,0x10000,0x010000,3,0x04400,1,0,current_pair_complete
0.451224,19899,0x017D82,0x0034,0x34,6,loop_mid,0x00,0,0,0x0B,0x00,0x71,0x71000B,0x00,0x71,0x7100,0x82,0xA0,0x09,0x09,0x0A,0x10000,0x017100,4,0x07B00,1,1,
0.451224,19899,0x017D86,0x00B4,0xB4,6,cur_mid,0x00,1,1,0x0B,0x00,0x71,0x71000B,0x00,0x71,0x7100,0x82,0xA0,0x09,0x09,0x0A,0x10000,0x017100,4,0x07B00,1,1,current_low_write
0.451247,19900,0x017D8B,0x0035,0x35,6,loop_high,0x71,0,0,0x0B,0x00,0x71,0x71000B,0x00,0x71,0x7100,0x82,0xA0,0x09,0x09,0x0A,0x10000,0x017100,4,0x07B00,1,1,
0.451247,19900,0x017D8F,0x00B5,0xB5,6,cur_high,0x71,1,1,0x0B,0x00,0x71,0x71000B,0x00,0x71,0x7100,0x82,0xA0,0x09,0x09,0x0A,0x10000,0x017100,4,0x07B00,1,1,current_pair_complete
0.451270,19901,0x017D94,0x00B6,0xB6,6,ctrl,0x0A,0,0,0x0B,0x00,0x71,0x71000B,0x00,0x71,0x7100,0x82,0xA0,0x09,0x09,0x0A,0x10000,0x017100,4,0x07B00,1,1,retrigger_commit
0.451519,19912,0x017D99,0x0028,0x28,5,cur_low,0x03,0,0,0x03,0x00,0xEA,0xEA0003,0x00,0xEA,0xEA00,0xF1,0xA0,0x1E,0x0D,0x02,0x00000,0x00EA00,2,0x03C00,1,1,
0.451542,19913,0x017D9E,0x002A,0x2A,5,vol_l,0x1E,0,0,0x03,0x00,0xEA,0xEA0003,0x00,0xEA,0xEA00,0xF1,0xA0,0x1E,0x0D,0x02,0x00000,0x00EA00,2,0x03C00,1,1,
0.451565,19914,0x017DA3,0x002B,0x2B,5,vol_r,0x0D,0,0,0x03,0x00,0xEA,0xEA0003,0x00,0xEA,0xEA00,0xF1,0xA0,0x1E,0x0D,0x02,0x00000,0x00EA00,2,0x03C00,1,1,
0.451565,19914,0x017DA7,0x002C,0x2C,5,loop_mid,0x00,1,1,0x03,0x00,0xEA,0xEA0003,0x00,0xEA,0xEA00,0xF1,0xA0,0x1E,0x0D,0x02,0x00000,0x00EA00,2,0x03C00,1,1,
0.451565,19914,0x017DAB,0x00AC,0xAC,5,cur_mid,0x00,2,2,0x03,0x00,0xEA,0xEA0003,0x00,0xEA,0xEA00,0xF1,0xA0,0x1E,0x0D,0x02,0x00000,0x00EA00,2,0x03C00,1,1,current_low_write
0.451587,19915,0x017DB0,0x002D,0x2D,5,loop_high,0xEA,0,0,0x03,0x00,0xEA,0xEA0003,0x00,0xEA,0xEA00,0xF1,0xA0,0x1E,0x0D,0x02,0x00000,0x00EA00,2,0x03C00,1,1,
0.451587,19915,0x017DB4,0x00AD,0xAD,5,cur_high,0xEA,1,1,0x03,0x00,0xEA,0xEA0003,0x00,0xEA,0xEA00,0xF1,0xA0,0x1E,0x0D,0x02,0x00000,0x00EA00,2,0x03C00,1,1,current_pair_complete
0.451587,19915,0x017DB8,0x002E,0x2E,5,end,0xF1,2,2,0x03,0x00,0xEA,0xEA0003,0x00,0xEA,0xEA00,0xF1,0xA0,0x1E,0x0D,0x02,0x00000,0x00EA00,2,0x03C00,1,1,
0.451610,19916,0x017DBD,0x002F,0x2F,5,delta,0xA0,0,0,0x03,0x00,0xEA,0xEA0003,0x00,0xEA,0xEA00,0xF1,0xA0,0x1E,0x0D,0x02,0x00000,0x00EA00,2,0x03C00,1,1,
0.451610,19916,0x017DC1,0x00AE,0xAE,5,ctrl,0x02,1,1,0x03,0x00,0xEA,0xEA0003,0x00,0xEA,0xEA00,0xF1,0xA0,0x1E,0x0D,0x02,0x00000,0x00EA00,2,0x03C00,1,1,retrigger_commit
0.554127,24437,0x017DC8,0x0034,0x34,6,loop_mid,0x00,0,0,0x0B,0x00,0x71,0x71000B,0x00,0x71,0x7100,0x82,0xA0,0x09,0x09,0x0A,0x10000,0x017100,4,0x07B00,1,1,
0.554127,24437,0x017DCC,0x00B4,0xB4,6,cur_mid,0x00,1,1,0x0B,0x00,0x71,0x71000B,0x00,0x71,0x7100,0x82,0xA0,0x09,0x09,0x0A,0x10000,0x017100,4,0x07B00,1,1,current_low_write
0.554150,24438,0x017DD1,0x0035,0x35,6,loop_high,0x71,0,0,0x0B,0x00,0x71,0x71000B,0x00,0x71,0x7100,0x82,0xA0,0x09,0x09,0x0A,0x10000,0x017100,4,0x07B00,1,1,
0.554150,24438,0x017DD5,0x00B5,0xB5,6,cur_high,0x71,1,1,0x0B,0x00,0x71,0x71000B,0x00,0x71,0x7100,0x82,0xA0,0x09,0x09,0x0A,0x10000,0x017100,4,0x07B00,1,1,current_pair_complete
0.554172,24439,0x017DDA,0x00B6,0xB6,6,ctrl,0x0A,0,0,0x0B,0x00,0x71,0x71000B,0x00,0x71,0x7100,0x82,0xA0,0x09,0x09,0x0A,0x10000,0x017100,4,0x07B00,1,1,retrigger_commit
0.657029,28975,0x017DE1,0x0032,0x32,6,vol_l,0x3F,0,0,0x0B,0x00,0x71,0x71000B,0x00,0x71,0x7100,0x82,0xA0,0x3F,0x09,0x0A,0x10000,0x017100,4,0x07B00,1,1,
0.657052,28976,0x017DE6,0x0033,0x33,6,vol_r,0x3F,0,0,0x0B,0x00,0x71,0x71000B,0x00,0x71,0x7100,0x82,0xA0,0x3F,0x3F,0x0A,0x10000,0x017100,4,0x07B00,1,1,
0.657052,28976,0x017DEA,0x0034,0x34,6,loop_mid,0x00,1,1,0x0B,0x00,0x71,0x71000B,0x00,0x71,0x7100,0x82,0xA0,0x3F,0x3F,0x0A,0x10000,0x017100,4,0x07B00,1,1,
0.657052,28976,0x017DEE,0x00B4,0xB4,6,cur_mid,0x00,2,2,0x0B,0x00,0x71,0x71000B,0x00,0x71,0x7100,0x82,0xA0,0x3F,0x3F,0x0A,0x10000,0x017100,4,0x07B00,1,1,current_low_write
0.657075,28977,0x017DF3,0x0035,0x35,6,loop_high,0x71,0,0,0x0B,0x00,0x71,0x71000B,0x00,0x71,0x7100,0x82,0xA0,0x3F,0x3F,0x0A,0x10000,0x017100,4,0x07B00,1,1,
0.657075,28977,0x017DF7,0x00B5,0xB5,6,cur_high,0x71,1,1,0x0B,0x00,0x71,0x71000B,0x00,0x71,0x7100,0x82,0xA0,0x3F,0x3F,0x0A,0x10000,0x017100,4,0x07B00,1,1,current_pair_complete
0.657098,28978,0x017DFC,0x00B6,0xB6,6,ctrl,0x0A,0,0,0x0B,0x00,0x71,0x71000B,0x00,0x71,0x7100,0x82,0xA0,0x3F,0x3F,0x0A,0x10000,0x017100,4,0x07B00,1,1,retrigger_commit
0.657392,28991,0x017E01,0x002C,0x2C,5,loop_mid,0x00,0,0,0x03,0x00,0xEA,0xEA0003,0x00,0xEA,0xEA00,0xF1,0xA0,0x1E,0x0D,0x02,0x00000,0x00EA00,2,0x03C00,1,1,
0.657392,28991,0x017E05,0x00AC,0xAC,5,cur_mid,0x00,1,1,0x03,0x00,0xEA,0xEA0003,0x00,0xEA,0xEA00,0xF1,0xA0,0x1E,0x0D,0x02,0x00000,0x00EA00,2,0x03C00,1,1,current_low_write
0.657415,28992,0x017E0A,0x002D,0x2D,5,loop_high,0xEA,0,0,0x03,0x00,0xEA,0xEA0003,0x00,0xEA,0xEA00,0xF1,0xA0,0x1E,0x0D,0x02,0x00000,0x00EA00,2,0x03C00,1,1,
0.657415,28992,0x017E0E,0x00AD,0xAD,5,cur_high,0xEA,1,1,0x03,0x00,0xEA,0xEA0003,0x00,0xEA,0xEA00,0xF1,0xA0,0x1E,0x0D,0x02,0x00000,0x00EA00,2,0x03C00,1,1,current_pair_complete
0.657438,28993,0x017E13,0x00AE,0xAE,5,ctrl,0x02,0,0,0x03,0x00,0xEA,0xEA0003,0x00,0xEA,0xEA00,0xF1,0xA0,0x1E,0x0D,0x02,0x00000,0x00EA00,2,0x03C00,1,1,retrigger_commit
0.862857,38052,0x017E1A,0x0032,0x32,6,vol_l,0x09,0,0,0x0B,0x00,0x71,0x71000B,0x00,0x71,0x7100,0x82,0xA0,0x09,0x3F,0x0A,0x10000,0x017100,4,0x07B00,1,1,
0.862880,38053,0x017E1F,0x0033,0x33,6,vol_r,0x09,0,0,0x0B,0x00,0x71,0x71000B,0x00,0x71,0x7100,0x82,0xA0,0x09,0x09,0x0A,0x10000,0x017100,4,0x07B00,1,1,
0.862880,38053,0x017E23,0x0034,0x34,6,loop_mid,0x00,1,1,0x0B,0x00,0x71,0x71000B,0x00,0x71,0x7100,0x82,0xA0,0x09,0x09,0x0A,0x10000,0x017100,4,0x07B00,1,1,
0.862880,38053,0x017E27,0x00B4,0xB4,6,cur_mid,0x00,2,2,0x0B,0x00,0x71,0x71000B,0x00,0x71,0x7100,0x82,0xA0,0x09,0x09,0x0A,0x10000,0x017100,4,0x07B00,1,1,current_low_write
0.862902,38054,0x017E2C,0x0035,0x35,6,loop_high,0x71,0,0,0x0B,0x00,0x71,0x71000B,0x00,0x71,0x7100,0x82,0xA0,0x09,0x09,0x0A,0x10000,0x017100,4,0x07B00,1,1,
0.862902,38054,0x017E30,0x00B5,0xB5,6,cur_high,0x71,1,1,0x0B,0x00,0x71,0x71000B,0x00,0x71,0x7100,0x82,0xA0,0x09,0x09,0x0A,0x10000,0x017100,4,0x07B00,1,1,current_pair_complete
0.862925,38055,0x017E35,0x00B6,0xB6,6,ctrl,0x0A,0,0,0x0B,0x00,0x71,0x71000B,0x00,0x71,0x7100,0x82,0xA0,0x09,0x09,0x0A,0x10000,0x017100,4,0x07B00,1,1,retrigger_commit
0.863220,38068,0x017E3A,0x002C,0x2C,5,loop_mid,0x00,0,0,0x03,0x00,0xEA,0xEA0003,0x00,0xEA,0xEA00,0xF1,0xA0,0x1E,0x0D,0x02,0x00000,0x00EA00,2,0x03C00,1,1,
0.863220,38068,0x017E3E,0x00AC,0xAC,5,cur_mid,0x00,1,1,0x03,0x00,0xEA,0xEA0003,0x00,0xEA,0xEA00,0xF1,0xA0,0x1E,0x0D,0x02,0x00000,0x00EA00,2,0x03C00,1,1,current_low_write
0.863243,38069,0x017E43,0x002D,0x2D,5,loop_high,0xEA,0,0,0x03,0x00,0xEA,0xEA0003,0x00,0xEA,0xEA00,0xF1,0xA0,0x1E,0x0D,0x02,0x00000,0x00EA00,2,0x03C00,1,1,
0.863243,38069,0x017E47,0x00AD,0xAD,5,cur_high,0xEA,1,1,0x03,0x00,0xEA,0xEA0003,0x00,0xEA,0xEA00,0xF1,0xA0,0x1E,0x0D,0x02,0x00000,0x00EA00,2,0x03C00,1,1,current_pair_complete
0.863265,38070,0x017E4C,0x00AE,0xAE,5,ctrl,0x02,0,0,0x03,0x00,0xEA,0xEA0003,0x00,0xEA,0xEA00,0xF1,0xA0,0x1E,0x0D,0x02,0x00000,0x00EA00,2,0x03C00,1,1,retrigger_commit
0.965782,42591,0x017E53,0x0034,0x34,6,loop_mid,0x00,0,0,0x0B,0x00,0x71,0x71000B,0x00,0x71,0x7100,0x82,0xA0,0x09,0x09,0x0A,0x10000,0x017100,4,0x07B00,1,1,
0.965782,42591,0x017E57,0x00B4,0xB4,6,cur_mid,0x00,1,1,0x0B,0x00,0x71,0x71000B,0x00,0x71,0x7100,0x82,0xA0,0x09,0x09,0x0A,0x10000,0x017100,4,0x07B00,1,1,current_low_write
0.965805,42592,0x017E5C,0x0035,0x35,6,loop_high,0x71,0,0,0x0B,0x00,0x71,0x71000B,0x00,0x71,0x7100,0x82,0xA0,0x09,0x09,0x0A,0x10000,0x017100,4,0x07B00,1,1,
0.965805,42592,0x017E60,0x00B5,0xB5,6,cur_high,0x71,1,1,0x0B,0x00,0x71,0x71000B,0x00,0x71,0x7100,0x82,0xA0,0x09,0x09,0x0A,0x10000,0x017100,4,0x07B00,1,1,current_pair_complete
0.965828,42593,0x017E65,0x00B6,0xB6,6,ctrl,0x0A,0,0,0x0B,0x00,0x71,0x71000B,0x00,0x71,0x7100,0x82,0xA0,0x09,0x09,0x0A,0x10000,0x017100,4,0x07B00,1,1,retrigger_commit
1.068435,47118,0x017E72,0x0012,0x12,2,vol_l,0x3F,0,0,0x01,0x00,0x00,0x000001,0x00,0x00,0x0000,0x0C,0x00,0x3F,0x00,0x02,0x00000,0x000000,0,0x00000,1,1,volume_on
1.068458,47119,0x017E77,0x0013,0x13,2,vol_r,0x3F,0,0,0x01,0x00,0x00,0x000001,0x00,0x00,0x0000,0x0C,0x00,0x3F,0x3F,0x02,0x00000,0x000000,0,0x00000,1,1,
1.068503,47121,0x017E7C,0x0017,0x17,2,delta,0x80,0,0,0x01,0x00,0x00,0x000001,0x00,0x00,0x0000,0x0C,0x80,0x3F,0x3F,0x02,0x00000,0x000000,0,0x00000,1,1,
1.068503,47121,0x017E80,0x0096,0x96,2,ctrl,0x02,1,1,0x01,0x00,0x00,0x000001,0x00,0x00,0x0000,0x0C,0x80,0x3F,0x3F,0x02,0x00000,0x000000,0,0x00000,1,1,control_active
1.068821,47135,0x017E85,0x0034,0x34,6,loop_mid,0x00,0,0,0x0B,0x00,0x71,0x71000B,0x00,0x71,0x7100,0x82,0xA0,0x09,0x09,0x0A,0x10000,0x017100,4,0x07B00,1,1,
1.068821,47135,0x017E89,0x00B4,0xB4,6,cur_mid,0x00,1,1,0x0B,0x00,0x71,0x71000B,0x00,0x71,0x7100,0x82,0xA0,0x09,0x09,0x0A,0x10000,0x017100,4,0x07B00,1,1,current_low_write
1.068821,47135,0x017E8D,0x0035,0x35,6,loop_high,0x71,2,2,0x0B,0x00,0x71,0x71000B,0x00,0x71,0x7100,0x82,0xA0,0x09,0x09,0x0A,0x10000,0x017100,4,0x07B00,1,1,
1.068844,47136,0x017E92,0x00B5,0xB5,6,cur_high,0x71,0,0,0x0B,0x00,0x71,0x71000B,0x00,0x71,0x7100,0x82,0xA0,0x09,0x09,0x0A,0x10000,0x017100,4,0x07B00,1,1,current_pair_complete
1.068866,47137,0x017E97,0x00B6,0xB6,6,ctrl,0x0A,0,0,0x0B,0x00,0x71,0x71000B,0x00,0x71,0x7100,0x82,0xA0,0x09,0x09,0x0A,0x10000,0x017100,4,0x07B00,1,1,retrigger_commit
1.069161,47150,0x017E9C,0x002C,0x2C,5,loop_mid,0x00,0,0,0x03,0x00,0xEA,0xEA0003,0x00,0xEA,0xEA00,0xF1,0xA0,0x1E,0x0D,0x02,0x00000,0x00EA00,2,0x03C00,1,1,
1.069161,47150,0x017EA0,0x00AC,0xAC,5,cur_mid,0x00,1,1,0x03,0x00,0xEA,0xEA0003,0x00,0xEA,0xEA00,0xF1,0xA0,0x1E,0x0D,0x02,0x00000,0x00EA00,2,0x03C00,1,1,current_low_write
1.069161,47150,0x017EA4,0x002D,0x2D,5,loop_high,0xEA,2,2,0x03,0x00,0xEA,0xEA0003,0x00,0xEA,0xEA00,0xF1,0xA0,0x1E,0x0D,0x02,0x00000,0x00EA00,2,0x03C00,1,1,
1.069184,47151,0x017EA9,0x00AD,0xAD,5,cur_high,0xEA,0,0,0x03,0x00,0xEA,0xEA0003,0x00,0xEA,0xEA00,0xF1,0xA0,0x1E,0x0D,0x02,0x00000,0x00EA00,2,0x03C00,1,1,current_pair_complete
1.069206,47152,0x017EAE,0x00AE,0xAE,5,ctrl,0x02,0,0,0x03,0x00,0xEA,0xEA0003,0x00,0xEA,0xEA00,0xF1,0xA0,0x1E,0x0D,0x02,0x00000,0x00EA00,2,0x03C00,1,1,retrigger_commit
1.069524,47166,0x017EB3,0x0018,0x18,3,cur_low,0x0C,0,0,0x0C,0x00,0x00,0x00000C,0x00,0x00,0x0000,0x5D,0xA0,0x3F,0x20,0x12,0x20000,0x020000,5,0x08D00,1,1,
1.069546,47167,0x017EB8,0x001A,0x1A,3,vol_l,0x00,0,0,0x0C,0x00,0x00,0x00000C,0x00,0x00,0x0000,0x5D,0xA0,0x00,0x20,0x12,0x20000,0x020000,5,0x08D00,1,1,
1.069546,47167,0x017EBC,0x001B,0x1B,3,vol_r,0x00,1,1,0x0C,0x00,0x00,0x00000C,0x00,0x00,0x0000,0x5D,0xA0,0x00,0x00,0x12,0x20000,0x020000,5,0x08D00,1,0,
1.069569,47168,0x017EC1,0x001C,0x1C,3,loop_mid,0x00,0,0,0x0C,0x00,0x00,0x00000C,0x00,0x00,0x0000,0x5D,0xA0,0x00,0x00,0x12,0x20000,0x020000,5,0x08D00,1,0,
1.069569,47168,0x017EC5,0x009C,0x9C,3,cur_mid,0x00,1,1,0x0C,0x00,0x00,0x00000C,0x00,0x00,0x0000,0x5D,0xA0,0x00,0x00,0x12,0x20000,0x020000,5,0x08D00,1,0,current_low_write
1.069569,47168,0x017EC9,0x001D,0x1D,3,loop_high,0x00,2,2,0x0C,0x00,0x00,0x00000C,0x00,0x00,0x0000,0x5D,0xA0,0x00,0x00,0x12,0x20000,0x020000,5,0x08D00,1,0,
1.069569,47168,0x017ECD,0x009D,0x9D,3,cur_high,0x00,3,3,0x0C,0x00,0x00,0x00000C,0x00,0x00,0x0000,0x5D,0xA0,0x00,0x00,0x12,0x20000,0x020000,5,0x08D00,1,0,current_pair_complete
1.069592,47169,0x017ED2,0x001E,0x1E,3,end,0x5D,0,0,0x0C,0x00,0x00,0x00000C,0x00,0x00,0x0000,0x5D,0xA0,0x00,0x00,0x12,0x20000,0x020000,5,0x08D00,1,0,
1.069592,47169,0x017ED6,0x001F,0x1F,3,delta,0x00,1,1,0x0C,0x00,0x00,0x00000C,0x00,0x00,0x0000,0x5D,0x00,0x00,0x00,0x12,0x20000,0x020000,5,0x08D00,1,0,
1.069615,47170,0x017EDB,0x009E,0x9E,3,ctrl,0x12,0,0,0x0C,0x00,0x00,0x00000C,0x00,0x00,0x0000,0x5D,0x00,0x00,0x00,0x12,0x20000,0x020000,5,0x08D00,1,0,control_active
1.171361,51657,0x017EEC,0x0014,0x14,2,loop_mid,0x00,0,0,0x01,0x00,0x00,0x000001,0x00,0x00,0x0000,0x0C,0x80,0x3F,0x3F,0x02,0x00000,0x000000,0,0x00000,1,1,
1.171361,51657,0x017EF0,0x0094,0x94,2,cur_mid,0x00,1,1,0x01,0x00,0x00,0x000001,0x00,0x00,0x0000,0x0C,0x80,0x3F,0x3F,0x02,0x00000,0x000000,0,0x00000,1,1,current_low_write
1.171383,51658,0x017EF5,0x0015,0x15,2,loop_high,0x00,0,0,0x01,0x00,0x00,0x000001,0x00,0x00,0x0000,0x0C,0x80,0x3F,0x3F,0x02,0x00000,0x000000,0,0x00000,1,1,
1.171383,51658,0x017EF9,0x0095,0x95,2,cur_high,0x00,1,1,0x01,0x00,0x00,0x000001,0x00,0x00,0x0000,0x0C,0x80,0x3F,0x3F,0x02,0x00000,0x000000,0,0x00000,1,1,current_pair_complete
1.171406,51659,0x017EFE,0x0096,0x96,2,ctrl,0x02,0,0,0x01,0x00,0x00,0x000001,0x00,0x00,0x0000,0x0C,0x80,0x3F,0x3F,0x02,0x00000,0x000000,0,0x00000,1,1,retrigger_commit
1.171723,51673,0x017F03,0x0034,0x34,6,loop_mid,0x00,0,0,0x0B,0x00,0x71,0x71000B,0x00,0x71,0x7100,0x82,0xA0,0x09,0x09,0x0A,0x10000,0x017100,4,0x07B00,1,1,
1.171723,51673,0x017F07,0x00B4,0xB4,6,cur_mid,0x00,1,1,0x0B,0x00,0x71,0x71000B,0x00,0x71,0x7100,0x82,0xA0,0x09,0x09,0x0A,0x10000,0x017100,4,0x07B00,1,1,current_low_write
1.171723,51673,0x017F0B,0x0035,0x35,6,loop_high,0x71,2,2,0x0B,0x00,0x71,0x71000B,0x00,0x71,0x7100,0x82,0xA0,0x09,0x09,0x0A,0x10000,0x017100,4,0x07B00,1,1,
1.171746,51674,0x017F10,0x00B5,0xB5,6,cur_high,0x71,0,0,0x0B,0x00,0x71,0x71000B,0x00,0x71,0x7100,0x82,0xA0,0x09,0x09,0x0A,0x10000,0x017100,4,0x07B00,1,1,current_pair_complete
1.171769,51675,0x017F15,0x00B6,0xB6,6,ctrl,0x0A,0,0,0x0B,0x00,0x71,0x71000B,0x00,0x71,0x7100,0x82,0xA0,0x09,0x09,0x0A,0x10000,0x017100,4,0x07B00,1,1,retrigger_commit
1.274399,56201,0x017F22,0x0034,0x34,6,loop_mid,0x00,0,0,0x0B,0x00,0x71,0x71000B,0x00,0x71,0x7100,0x82,0xA0,0x09,0x09,0x0A,0x10000,0x017100,4,0x07B00,1,1,
1.274399,56201,0x017F26,0x00B4,0xB4,6,cur_mid,0x00,1,1,0x0B,0x00,0x71,0x71000B,0x00,0x71,0x7100,0x82,0xA0,0x09,0x09,0x0A,0x10000,0x017100,4,0x07B00,1,1,current_low_write
1.274399,56201,0x017F2A,0x0035,0x35,6,loop_high,0x71,2,2,0x0B,0x00,0x71,0x71000B,0x00,0x71,0x7100,0x82,0xA0,0x09,0x09,0x0A,0x10000,0x017100,4,0x07B00,1,1,
1.274399,56201,0x017F2E,0x00B5,0xB5,6,cur_high,0x71,3,3,0x0B,0x00,0x71,0x71000B,0x00,0x71,0x7100,0x82,0xA0,0x09,0x09,0x0A,0x10000,0x017100,4,0x07B00,1,1,current_pair_complete
1.274444,56203,0x017F33,0x00B6,0xB6,6,ctrl,0x0A,0,0,0x0B,0x00,0x71,0x71000B,0x00,0x71,0x7100,0x82,0xA0,0x09,0x09,0x0A,0x10000,0x017100,4,0x07B00,1,1,retrigger_commit
1.274739,56216,0x017F38,0x002C,0x2C,5,loop_mid,0x00,0,0,0x03,0x00,0xEA,0xEA0003,0x00,0xEA,0xEA00,0xF1,0xA0,0x1E,0x0D,0x02,0x00000,0x00EA00,2,0x03C00,1,1,
1.274739,56216,0x017F3C,0x00AC,0xAC,5,cur_mid,0x00,1,1,0x03,0x00,0xEA,0xEA0003,0x00,0xEA,0xEA00,0xF1,0xA0,0x1E,0x0D,0x02,0x00000,0x00EA00,2,0x03C00,1,1,current_low_write
1.274739,56216,0x017F40,0x002D,0x2D,5,loop_high,0xEA,2,2,0x03,0x00,0xEA,0xEA0003,0x00,0xEA,0xEA00,0xF1,0xA0,0x1E,0x0D,0x02,0x00000,0x00EA00,2,0x03C00,1,1,
1.274762,56217,0x017F45,0x00AD,0xAD,5,cur_high,0xEA,0,0,0x03,0x00,0xEA,0xEA0003,0x00,0xEA,0xEA00,0xF1,0xA0,0x1E,0x0D,0x02,0x00000,0x00EA00,2,0x03C00,1,1,current_pair_complete
1.274785,56218,0x017F4A,0x00AE,0xAE,5,ctrl,0x02,0,0,0x03,0x00,0xEA,0xEA0003,0x00,0xEA,0xEA00,0xF1,0xA0,0x1E,0x0D,0x02,0x00000,0x00EA00,2,0x03C00,1,1,retrigger_commit
1.377302,60739,0x017F51,0x0034,0x34,6,loop_mid,0x00,0,0,0x0B,0x00,0x71,0x71000B,0x00,0x71,0x7100,0x82,0xA0,0x09,0x09,0x0A,0x10000,0x017100,4,0x07B00,1,1,
1.377302,60739,0x017F55,0x00B4,0xB4,6,cur_mid,0x00,1,1,0x0B,0x00,0x71,0x71000B,0x00,0x71,0x7100,0x82,0xA0,0x09,0x09,0x0A,0x10000,0x017100,4,0x07B00,1,1,current_low_write
1.377324,60740,0x017F5A,0x0035,0x35,6,loop_high,0x71,0,0,0x0B,0x00,0x71,0x71000B,0x00,0x71,0x7100,0x82,0xA0,0x09,0x09,0x0A,0x10000,0x017100,4,0x07B00,1,1,
1.377324,60740,0x017F5E,0x00B5,0xB5,6,cur_high,0x71,1,1,0x0B,0x00,0x71,0x71000B,0x00,0x71,0x7100,0x82,0xA0,0x09,0x09,0x0A,0x10000,0x017100,4,0x07B00,1,1,current_pair_complete
1.377347,60741,0x017F63,0x00B6,0xB6,6,ctrl,0x0A,0,0,0x0B,0x00,0x71,0x71000B,0x00,0x71,0x7100,0x82,0xA0,0x09,0x09,0x0A,0x10000,0x017100,4,0x07B00,1,1,retrigger_commit
1.479955,65266,0x017F6A,0x0012,0x12,2,vol_l,0x00,0,0,0x01,0x00,0x00,0x000001,0x00,0x00,0x0000,0x0C,0x80,0x00,0x3F,0x02,0x00000,0x000000,0,0x00000,1,1,
1.479977,65267,0x017F6F,0x0013,0x13,2,vol_r,0x00,0,0,0x01,0x00,0x00,0x000001,0x00,0x00,0x0000,0x0C,0x80,0x00,0x00,0x02,0x00000,0x000000,0,0x00000,1,0,
1.479977,65267,0x017F73,0x0014,0x14,2,loop_mid,0x00,1,1,0x01,0x00,0x00,0x000001,0x00,0x00,0x0000,0x0C,0x80,0x00,0x00,0x02,0x00000,0x000000,0,0x00000,1,0,
1.480000,65268,0x017F78,0x0094,0x94,2,cur_mid,0x00,0,0,0x01,0x00,0x00,0x000001,0x00,0x00,0x0000,0x0C,0x80,0x00,0x00,0x02,0x00000,0x000000,0,0x00000,1,0,current_low_write
1.480000,65268,0x017F7C,0x0015,0x15,2,loop_high,0x00,1,1,0x01,0x00,0x00,0x000001,0x00,0x00,0x0000,0x0C,0x80,0x00,0x00,0x02,0x00000,0x000000,0,0x00000,1,0,
1.480000,65268,0x017F80,0x0095,0x95,2,cur_high,0x00,2,2,0x01,0x00,0x00,0x000001,0x00,0x00,0x0000,0x0C,0x80,0x00,0x00,0x02,0x00000,0x000000,0,0x00000,1,0,current_pair_complete
1.480023,65269,0x017F85,0x0017,0x17,2,delta,0x00,0,0,0x01,0x00,0x00,0x000001,0x00,0x00,0x0000,0x0C,0x00,0x00,0x00,0x02,0x00000,0x000000,0,0x00000,1,0,
1.480023,65269,0x017F89,0x0096,0x96,2,ctrl,0x02,1,1,0x01,0x00,0x00,0x000001,0x00,0x00,0x0000,0x0C,0x00,0x00,0x00,0x02,0x00000,0x000000,0,0x00000,1,0,control_active
1.480317,65282,0x017F8E,0x0032,0x32,6,vol_l,0x3F,0,0,0x0B,0x00,0x71,0x71000B,0x00,0x71,0x7100,0x82,0xA0,0x3F,0x09,0x0A,0x10000,0x017100,4,0x07B00,1,1,
1.480340,65283,0x017F93,0x0033,0x33,6,vol_r,0x3F,0,0,0x0B,0x00,0x71,0x71000B,0x00,0x71,0x7100,0x82,0xA0,0x3F,0x3F,0x0A,0x10000,0x017100,4,0x07B00,1,1,
1.480340,65283,0x017F97,0x0034,0x34,6,loop_mid,0x00,1,1,0x0B,0x00,0x71,0x71000B,0x00,0x71,0x7100,0x82,0xA0,0x3F,0x3F,0x0A,0x10000,0x017100,4,0x07B00,1,1,
1.480340,65283,0x017F9B,0x00B4,0xB4,6,cur_mid,0x00,2,2,0x0B,0x00,0x71,0x71000B,0x00,0x71,0x7100,0x82,0xA0,0x3F,0x3F,0x0A,0x10000,0x017100,4,0x07B00,1,1,current_low_write
1.480363,65284,0x017FA0,0x0035,0x35,6,loop_high,0x71,0,0,0x0B,0x00,0x71,0x71000B,0x00,0x71,0x7100,0x82,0xA0,0x3F,0x3F,0x0A,0x10000,0x017100,4,0x07B00,1,1,
1.480363,65284,0x017FA4,0x00B5,0xB5,6,cur_high,0x71,1,1,0x0B,0x00,0x71,0x71000B,0x00,0x71,0x7100,0x82,0xA0,0x3F,0x3F,0x0A,0x10000,0x017100,4,0x07B00,1,1,current_pair_complete
1.480385,65285,0x017FA9,0x00B6,0xB6,6,ctrl,0x0A,0,0,0x0B,0x00,0x71,0x71000B,0x00,0x71,0x7100,0x82,0xA0,0x3F,0x3F,0x0A,0x10000,0x017100,4,0x07B00,1,1,retrigger_commit
1.480680,65298,0x017FAE,0x002C,0x2C,5,loop_mid,0x00,0,0,0x03,0x00,0xEA,0xEA0003,0x00,0xEA,0xEA00,0xF1,0xA0,0x1E,0x0D,0x02,0x00000,0x00EA00,2,0x03C00,1,1,
1.480680,65298,0x017FB2,0x00AC,0xAC,5,cur_mid,0x00,1,1,0x03,0x00,0xEA,0xEA0003,0x00,0xEA,0xEA00,0xF1,0xA0,0x1E,0x0D,0x02,0x00000,0x00EA00,2,0x03C00,1,1,current_low_write
1.480703,65299,0x017FB7,0x002D,0x2D,5,loop_high,0xEA,0,0,0x03,0x00,0xEA,0xEA0003,0x00,0xEA,0xEA00,0xF1,0xA0,0x1E,0x0D,0x02,0x00000,0x00EA00,2,0x03C00,1,1,
1.480703,65299,0x017FBB,0x00AD,0xAD,5,cur_high,0xEA,1,1,0x03,0x00,0xEA,0xEA0003,0x00,0xEA,0xEA00,0xF1,0xA0,0x1E,0x0D,0x02,0x00000,0x00EA00,2,0x03C00,1,1,current_pair_complete
1.480726,65300,0x017FC0,0x00AE,0xAE,5,ctrl,0x02,0,0,0x03,0x00,0xEA,0xEA0003,0x00,0xEA,0xEA00,0xF1,0xA0,0x1E,0x0D,0x02,0x00000,0x00EA00,2,0x03C00,1,1,retrigger_commit
1.497143,66024,0x017FC7,0x0014,0x14,2,loop_mid,0x00,0,0,0x01,0x00,0x00,0x000001,0x00,0x00,0x0000,0x0C,0x00,0x00,0x00,0x02,0x00000,0x000000,0,0x00000,1,0,
1.497143,66024,0x017FCB,0x0094,0x94,2,cur_mid,0x00,1,1,0x01,0x00,0x00,0x000001,0x00,0x00,0x0000,0x0C,0x00,0x00,0x00,0x02,0x00000,0x000000,0,0x00000,1,0,current_low_write
1.497166,66025,0x017FD0,0x0015,0x15,2,loop_high,0x00,0,0,0x01,0x00,0x00,0x000001,0x00,0x00,0x0000,0x0C,0x00,0x00,0x00,0x02,0x00000,0x000000,0,0x00000,1,0,
1.497166,66025,0x017FD4,0x0095,0x95,2,cur_high,0x00,1,1,0x01,0x00,0x00,0x000001,0x00,0x00,0x0000,0x0C,0x00,0x00,0x00,0x02,0x00000,0x000000,0,0x00000,1,0,current_pair_complete
1.686145,74359,0x017FDB,0x0032,0x32,6,vol_l,0x09,0,0,0x0B,0x00,0x71,0x71000B,0x00,0x71,0x7100,0x82,0xA0,0x09,0x3F,0x0A,0x10000,0x017100,4,0x07B00,1,1,
1.686168,74360,0x017FE0,0x0033,0x33,6,vol_r,0x09,0,0,0x0B,0x00,0x71,0x71000B,0x00,0x71,0x7100,0x82,0xA0,0x09,0x09,0x0A,0x10000,0x017100,4,0x07B00,1,1,
1.686168,74360,0x017FE4,0x0034,0x34,6,loop_mid,0x00,1,1,0x0B,0x00,0x71,0x71000B,0x00,0x71,0x7100,0x82,0xA0,0x09,0x09,0x0A,0x10000,0x017100,4,0x07B00,1,1,
1.686168,74360,0x017FE8,0x00B4,0xB4,6,cur_mid,0x00,2,2,0x0B,0x00,0x71,0x71000B,0x00,0x71,0x7100,0x82,0xA0,0x09,0x09,0x0A,0x10000,0x017100,4,0x07B00,1,1,current_low_write
1.686190,74361,0x017FED,0x0035,0x35,6,loop_high,0x71,0,0,0x0B,0x00,0x71,0x71000B,0x00,0x71,0x7100,0x82,0xA0,0x09,0x09,0x0A,0x10000,0x017100,4,0x07B00,1,1,
1.686190,74361,0x017FF1,0x00B5,0xB5,6,cur_high,0x71,1,1,0x0B,0x00,0x71,0x71000B,0x00,0x71,0x7100,0x82,0xA0,0x09,0x09,0x0A,0x10000,0x017100,4,0x07B00,1,1,current_pair_complete
1.686213,74362,0x017FF6,0x00B6,0xB6,6,ctrl,0x0A,0,0,0x0B,0x00,0x71,0x71000B,0x00,0x71,0x7100,0x82,0xA0,0x09,0x09,0x0A,0x10000,0x017100,4,0x07B00,1,1,retrigger_commit
1.686508,74375,0x017FFB,0x002C,0x2C,5,loop_mid,0x00,0,0,0x03,0x00,0xEA,0xEA0003,0x00,0xEA,0xEA00,0xF1,0xA0,0x1E,0x0D,0x02,0x00000,0x00EA00,2,0x03C00,1,1,
1.686508,74375,0x017FFF,0x00AC,0xAC,5,cur_mid,0x00,1,1,0x03,0x00,0xEA,0xEA0003,0x00,0xEA,0xEA00,0xF1,0xA0,0x1E,0x0D,0x02,0x00000,0x00EA00,2,0x03C00,1,1,current_low_write
1.686531,74376,0x018004,0x002D,0x2D,5,loop_high,0xEA,0,0,0x03,0x00,0xEA,0xEA0003,0x00,0xEA,0xEA00,0xF1,0xA0,0x1E,0x0D,0x02,0x00000,0x00EA00,2,0x03C00,1,1,
1.686531,74376,0x018008,0x00AD,0xAD,5,cur_high,0xEA,1,1,0x03,0x00,0xEA,0xEA0003,0x00,0xEA,0xEA00,0xF1,0xA0,0x1E,0x0D,0x02,0x00000,0x00EA00,2,0x03C00,1,1,current_pair_complete
1.686553,74377,0x01800D,0x00AE,0xAE,5,ctrl,0x02,0,0,0x03,0x00,0xEA,0xEA0003,0x00,0xEA,0xEA00,0xF1,0xA0,0x1E,0x0D,0x02,0x00000,0x00EA00,2,0x03C00,1,1,retrigger_commit
1.789070,78898,0x018014,0x0034,0x34,6,loop_mid,0x00,0,0,0x0B,0x00,0x71,0x71000B,0x00,0x71,0x7100,0x82,0xA0,0x09,0x09,0x0A,0x10000,0x017100,4,0x07B00,1,1,
1.789070,78898,0x018018,0x00B4,0xB4,6,cur_mid,0x00,1,1,0x0B,0x00,0x71,0x71000B,0x00,0x71,0x7100,0x82,0xA0,0x09,0x09,0x0A,0x10000,0x017100,4,0x07B00,1,1,current_low_write
1.789093,78899,0x01801D,0x0035,0x35,6,loop_high,0x71,0,0,0x0B,0x00,0x71,0x71000B,0x00,0x71,0x7100,0x82,0xA0,0x09,0x09,0x0A,0x10000,0x017100,4,0x07B00,1,1,
1.789093,78899,0x018021,0x00B5,0xB5,6,cur_high,0x71,1,1,0x0B,0x00,0x71,0x71000B,0x00,0x71,0x7100,0x82,0xA0,0x09,0x09,0x0A,0x10000,0x017100,4,0x07B00,1,1,current_pair_complete
1.789116,78900,0x018026,0x00B6,0xB6,6,ctrl,0x0A,0,0,0x0B,0x00,0x71,0x71000B,0x00,0x71,0x7100,0x82,0xA0,0x09,0x09,0x0A,0x10000,0x017100,4,0x07B00,1,1,retrigger_commit
1.891655,83422,0x01802D,0x0012,0x12,2,vol_l,0x3F,0,0,0x01,0x00,0x00,0x000001,0x00,0x00,0x0000,0x0C,0x00,0x3F,0x00,0x02,0x00000,0x000000,0,0x00000,1,1,volume_on
1.891655,83422,0x018031,0x0013,0x13,2,vol_r,0x3F,1,1,0x01,0x00,0x00,0x000001,0x00,0x00,0x0000,0x0C,0x00,0x3F,0x3F,0x02,0x00000,0x000000,0,0x00000,1,1,
1.891701,83424,0x018036,0x0017,0x17,2,delta,0x80,0,0,0x01,0x00,0x00,0x000001,0x00,0x00,0x0000,0x0C,0x80,0x3F,0x3F,0x02,0x00000,0x000000,0,0x00000,1,1,
1.891723,83425,0x01803B,0x0096,0x96,2,ctrl,0x02,0,0,0x01,0x00,0x00,0x000001,0x00,0x00,0x0000,0x0C,0x80,0x3F,0x3F,0x02,0x00000,0x000000,0,0x00000,1,1,retrigger_commit
1.892018,83438,0x018040,0x0034,0x34,6,loop_mid,0x00,0,0,0x0B,0x00,0x71,0x71000B,0x00,0x71,0x7100,0x82,0xA0,0x09,0x09,0x0A,0x10000,0x017100,4,0x07B00,1,1,
1.892018,83438,0x018044,0x00B4,0xB4,6,cur_mid,0x00,1,1,0x0B,0x00,0x71,0x71000B,0x00,0x71,0x7100,0x82,0xA0,0x09,0x09,0x0A,0x10000,0x017100,4,0x07B00,1,1,current_low_write
1.892041,83439,0x018049,0x0035,0x35,6,loop_high,0x71,0,0,0x0B,0x00,0x71,0x71000B,0x00,0x71,0x7100,0x82,0xA0,0x09,0x09,0x0A,0x10000,0x017100,4,0x07B00,1,1,
1.892041,83439,0x01804D,0x00B5,0xB5,6,cur_high,0x71,1,1,0x0B,0x00,0x71,0x71000B,0x00,0x71,0x7100,0x82,0xA0,0x09,0x09,0x0A,0x10000,0x017100,4,0x07B00,1,1,current_pair_complete
1.892063,83440,0x018052,0x00B6,0xB6,6,ctrl,0x0A,0,0,0x0B,0x00,0x71,0x71000B,0x00,0x71,0x7100,0x82,0xA0,0x09,0x09,0x0A,0x10000,0x017100,4,0x07B00,1,1,retrigger_commit
1.892358,83453,0x018057,0x002C,0x2C,5,loop_mid,0x00,0,0,0x03,0x00,0xEA,0xEA0003,0x00,0xEA,0xEA00,0xF1,0xA0,0x1E,0x0D,0x02,0x00000,0x00EA00,2,0x03C00,1,1,
1.892358,83453,0x01805B,0x00AC,0xAC,5,cur_mid,0x00,1,1,0x03,0x00,0xEA,0xEA0003,0x00,0xEA,0xEA00,0xF1,0xA0,0x1E,0x0D,0x02,0x00000,0x00EA00,2,0x03C00,1,1,current_low_write
1.892381,83454,0x018060,0x002D,0x2D,5,loop_high,0xEA,0,0,0x03,0x00,0xEA,0xEA0003,0x00,0xEA,0xEA00,0xF1,0xA0,0x1E,0x0D,0x02,0x00000,0x00EA00,2,0x03C00,1,1,
1.892381,83454,0x018064,0x00AD,0xAD,5,cur_high,0xEA,1,1,0x03,0x00,0xEA,0xEA0003,0x00,0xEA,0xEA00,0xF1,0xA0,0x1E,0x0D,0x02,0x00000,0x00EA00,2,0x03C00,1,1,current_pair_complete
1.892404,83455,0x018069,0x00AE,0xAE,5,ctrl,0x02,0,0,0x03,0x00,0xEA,0xEA0003,0x00,0xEA,0xEA00,0xF1,0xA0,0x1E,0x0D,0x02,0x00000,0x00EA00,2,0x03C00,1,1,retrigger_commit
1.994580,87961,0x018070,0x0014,0x14,2,loop_mid,0x00,0,0,0x01,0x00,0x00,0x000001,0x00,0x00,0x0000,0x0C,0x80,0x3F,0x3F,0x02,0x00000,0x000000,0,0x00000,1,1,
1.994580,87961,0x018074,0x0094,0x94,2,cur_mid,0x00,1,1,0x01,0x00,0x00,0x000001,0x00,0x00,0x0000,0x0C,0x80,0x3F,0x3F,0x02,0x00000,0x000000,0,0x00000,1,1,current_low_write
1.994580,87961,0x018078,0x0015,0x15,2,loop_high,0x00,2,2,0x01,0x00,0x00,0x000001,0x00,0x00,0x0000,0x0C,0x80,0x3F,0x3F,0x02,0x00000,0x000000,0,0x00000,1,1,
1.994580,87961,0x01807C,0x0095,0x95,2,cur_high,0x00,3,3,0x01,0x00,0x00,0x000001,0x00,0x00,0x0000,0x0C,0x80,0x3F,0x3F,0x02,0x00000,0x000000,0,0x00000,1,1,current_pair_complete
1.994626,87963,0x018081,0x0096,0x96,2,ctrl,0x02,0,0,0x01,0x00,0x00,0x000001,0x00,0x00,0x0000,0x0C,0x80,0x3F,0x3F,0x02,0x00000,0x000000,0,0x00000,1,1,retrigger_commit
1.994921,87976,0x018086,0x0034,0x34,6,loop_mid,0x00,0,0,0x0B,0x00,0x71,0x71000B,0x00,0x71,0x7100,0x82,0xA0,0x09,0x09,0x0A,0x10000,0x017100,4,0x07B00,1,1,
1.994921,87976,0x01808A,0x00B4,0xB4,6,cur_mid,0x00,1,1,0x0B,0x00,0x71,0x71000B,0x00,0x71,0x7100,0x82,0xA0,0x09,0x09,0x0A,0x10000,0x017100,4,0x07B00,1,1,current_low_write
1.994943,87977,0x01808F,0x0035,0x35,6,loop_high,0x71,0,0,0x0B,0x00,0x71,0x71000B,0x00,0x71,0x7100,0x82,0xA0,0x09,0x09,0x0A,0x10000,0x017100,4,0x07B00,1,1,
1.994943,87977,0x018093,0x00B5,0xB5,6,cur_high,0x71,1,1,0x0B,0x00,0x71,0x71000B,0x00,0x71,0x7100,0x82,0xA0,0x09,0x09,0x0A,0x10000,0x017100,4,0x07B00,1,1,current_pair_complete
1.994966,87978,0x018098,0x00B6,0xB6,6,ctrl,0x0A,0,0,0x0B,0x00,0x71,0x71000B,0x00,0x71,0x7100,0x82,0xA0,0x09,0x09,0x0A,0x10000,0x017100,4,0x07B00,1,1,retrigger_commit
2.097687,92508,0x01809F,0x0034,0x34,6,loop_mid,0x00,0,0,0x0B,0x00,0x71,0x71000B,0x00,0x71,0x7100,0x82,0xA0,0x09,0x09,0x0A,0x10000,0x017100,4,0x07B00,1,1,
2.097687,92508,0x0180A3,0x00B4,0xB4,6,cur_mid,0x00,1,1,0x0B,0x00,0x71,0x71000B,0x00,0x71,0x7100,0x82,0xA0,0x09,0x09,0x0A,0x10000,0x017100,4,0x07B00,1,1,current_low_write
2.097710,92509,0x0180A8,0x0035,0x35,6,loop_high,0x71,0,0,0x0B,0x00,0x71,0x71000B,0x00,0x71,0x7100,0x82,0xA0,0x09,0x09,0x0A,0x10000,0x017100,4,0x07B00,1,1,
2.097710,92509,0x0180AC,0x00B5,0xB5,6,cur_high,0x71,1,1,0x0B,0x00,0x71,0x71000B,0x00,0x71,0x7100,0x82,0xA0,0x09,0x09,0x0A,0x10000,0x017100,4,0x07B00,1,1,current_pair_complete
2.097732,92510,0x0180B1,0x00B6,0xB6,6,ctrl,0x0A,0,0,0x0B,0x00,0x71,0x71000B,0x00,0x71,0x7100,0x82,0xA0,0x09,0x09,0x0A,0x10000,0x017100,4,0x07B00,1,1,retrigger_commit
2.098027,92523,0x0180B6,0x002C,0x2C,5,loop_mid,0x00,0,0,0x03,0x00,0xEA,0xEA0003,0x00,0xEA,0xEA00,0xF1,0xA0,0x1E,0x0D,0x02,0x00000,0x00EA00,2,0x03C00,1,1,
2.098027,92523,0x0180BA,0x00AC,0xAC,5,cur_mid,0x00,1,1,0x03,0x00,0xEA,0xEA0003,0x00,0xEA,0xEA00,0xF1,0xA0,0x1E,0x0D,0x02,0x00000,0x00EA00,2,0x03C00,1,1,current_low_write
2.098050,92524,0x0180BF,0x002D,0x2D,5,loop_high,0xEA,0,0,0x03,0x00,0xEA,0xEA0003,0x00,0xEA,0xEA00,0xF1,0xA0,0x1E,0x0D,0x02,0x00000,0x00EA00,2,0x03C00,1,1,
2.098050,92524,0x0180C3,0x00AD,0xAD,5,cur_high,0xEA,1,1,0x03,0x00,0xEA,0xEA0003,0x00,0xEA,0xEA00,0xF1,0xA0,0x1E,0x0D,0x02,0x00000,0x00EA00,2,0x03C00,1,1,current_pair_complete
2.098073,92525,0x0180C8,0x00AE,0xAE,5,ctrl,0x02,0,0,0x03,0x00,0xEA,0xEA0003,0x00,0xEA,0xEA00,0xF1,0xA0,0x1E,0x0D,0x02,0x00000,0x00EA00,2,0x03C00,1,1,retrigger_commit
2.200612,97047,0x0180CF,0x0034,0x34,6,loop_mid,0x00,0,0,0x0B,0x00,0x71,0x71000B,0x00,0x71,0x7100,0x82,0xA0,0x09,0x09,0x0A,0x10000,0x017100,4,0x07B00,1,1,
2.200612,97047,0x0180D3,0x00B4,0xB4,6,cur_mid,0x00,1,1,0x0B,0x00,0x71,0x71000B,0x00,0x71,0x7100,0x82,0xA0,0x09,0x09,0x0A,0x10000,0x017100,4,0x07B00,1,1,current_low_write
2.200612,97047,0x0180D7,0x0035,0x35,6,loop_high,0x71,2,2,0x0B,0x00,0x71,0x71000B,0x00,0x71,0x7100,0x82,0xA0,0x09,0x09,0x0A,0x10000,0x017100,4,0x07B00,1,1,
2.200612,97047,0x0180DB,0x00B5,0xB5,6,cur_high,0x71,3,3,0x0B,0x00,0x71,0x71000B,0x00,0x71,0x7100,0x82,0xA0,0x09,0x09,0x0A,0x10000,0x017100,4,0x07B00,1,1,current_pair_complete
2.200658,97049,0x0180E0,0x00B6,0xB6,6,ctrl,0x0A,0,0,0x0B,0x00,0x71,0x71000B,0x00,0x71,0x7100,0x82,0xA0,0x09,0x09,0x0A,0x10000,0x017100,4,0x07B00,1,1,retrigger_commit
2.303311,101576,0x0180E7,0x0014,0x14,2,loop_mid,0x00,0,0,0x01,0x00,0x00,0x000001,0x00,0x00,0x0000,0x0C,0x80,0x3F,0x3F,0x02,0x00000,0x000000,0,0x00000,1,1,
2.303311,101576,0x0180EB,0x0094,0x94,2,cur_mid,0x00,1,1,0x01,0x00,0x00,0x000001,0x00,0x00,0x0000,0x0C,0x80,0x3F,0x3F,0x02,0x00000,0x000000,0,0x00000,1,1,current_low_write
2.303333,101577,0x0180F0,0x0015,0x15,2,loop_high,0x00,0,0,0x01,0x00,0x00,0x000001,0x00,0x00,0x0000,0x0C,0x80,0x3F,0x3F,0x02,0x00000,0x000000,0,0x00000,1,1,
2.303333,101577,0x0180F4,0x0095,0x95,2,cur_high,0x00,1,1,0x01,0x00,0x00,0x000001,0x00,0x00,0x0000,0x0C,0x80,0x3F,0x3F,0x02,0x00000,0x000000,0,0x00000,1,1,current_pair_complete
2.303356,101578,0x0180F9,0x0096,0x96,2,ctrl,0x02,0,0,0x01,0x00,0x00,0x000001,0x00,0x00,0x0000,0x0C,0x80,0x3F,0x3F,0x02,0x00000,0x000000,0,0x00000,1,1,retrigger_commit
2.303651,101591,0x0180FE,0x0032,0x32,6,vol_l,0x3F,0,0,0x0B,0x00,0x71,0x71000B,0x00,0x71,0x7100,0x82,0xA0,0x3F,0x09,0x0A,0x10000,0x017100,4,0x07B00,1,1,
2.303651,101591,0x018102,0x0033,0x33,6,vol_r,0x3F,1,1,0x0B,0x00,0x71,0x71000B,0x00,0x71,0x7100,0x82,0xA0,0x3F,0x3F,0x0A,0x10000,0x017100,4,0x07B00,1,1,
2.303673,101592,0x018107,0x0034,0x34,6,loop_mid,0x00,0,0,0x0B,0x00,0x71,0x71000B,0x00,0x71,0x7100,0x82,0xA0,0x3F,0x3F,0x0A,0x10000,0x017100,4,0x07B00,1,1,
2.303673,101592,0x01810B,0x00B4,0xB4,6,cur_mid,0x00,1,1,0x0B,0x00,0x71,0x71000B,0x00,0x71,0x7100,0x82,0xA0,0x3F,0x3F,0x0A,0x10000,0x017100,4,0x07B00,1,1,current_low_write
2.303673,101592,0x01810F,0x0035,0x35,6,loop_high,0x71,2,2,0x0B,0x00,0x71,0x71000B,0x00,0x71,0x7100,0x82,0xA0,0x3F,0x3F,0x0A,0x10000,0x017100,4,0x07B00,1,1,
2.303696,101593,0x018114,0x00B5,0xB5,6,cur_high,0x71,0,0,0x0B,0x00,0x71,0x71000B,0x00,0x71,0x7100,0x82,0xA0,0x3F,0x3F,0x0A,0x10000,0x017100,4,0x07B00,1,1,current_pair_complete
2.303719,101594,0x018119,0x00B6,0xB6,6,ctrl,0x0A,0,0,0x0B,0x00,0x71,0x71000B,0x00,0x71,0x7100,0x82,0xA0,0x3F,0x3F,0x0A,0x10000,0x017100,4,0x07B00,1,1,retrigger_commit
2.304014,101607,0x01811E,0x002C,0x2C,5,loop_mid,0x00,0,0,0x03,0x00,0xEA,0xEA0003,0x00,0xEA,0xEA00,0xF1,0xA0,0x1E,0x0D,0x02,0x00000,0x00EA00,2,0x03C00,1,1,
2.304014,101607,0x018122,0x00AC,0xAC,5,cur_mid,0x00,1,1,0x03,0x00,0xEA,0xEA0003,0x00,0xEA,0xEA00,0xF1,0xA0,0x1E,0x0D,0x02,0x00000,0x00EA00,2,0x03C00,1,1,current_low_write
2.304014,101607,0x018126,0x002D,0x2D,5,loop_high,0xEA,2,2,0x03,0x00,0xEA,0xEA0003,0x00,0xEA,0xEA00,0xF1,0xA0,0x1E,0x0D,0x02,0x00000,0x00EA00,2,0x03C00,1,1,
2.304036,101608,0x01812B,0x00AD,0xAD,5,cur_high,0xEA,0,0,0x03,0x00,0xEA,0xEA0003,0x00,0xEA,0xEA00,0xF1,0xA0,0x1E,0x0D,0x02,0x00000,0x00EA00,2,0x03C00,1,1,current_pair_complete
2.304059,101609,0x018130,0x00AE,0xAE,5,ctrl,0x02,0,0,0x03,0x00,0xEA,0xEA0003,0x00,0xEA,0xEA00,0xF1,0xA0,0x1E,0x0D,0x02,0x00000,0x00EA00,2,0x03C00,1,1,retrigger_commit
2.304966,101649,0x018137,0x0000,0x00,0,cur_low,0x42,0,0,0x42,0x00,0x00,0x000042,0x00,0x00,0x0000,0x00,0x00,0x00,0x00,0x00,0x00000,0x000000,0,0x00000,1,0,
2.304989,101650,0x01813C,0x0002,0x02,0,vol_l,0x26,0,0,0x42,0x00,0x00,0x000042,0x00,0x00,0x0000,0x00,0x00,0x26,0x00,0x00,0x00000,0x000000,0,0x00000,1,1,volume_on
2.305011,101651,0x018141,0x0003,0x03,0,vol_r,0x26,0,0,0x42,0x00,0x00,0x000042,0x00,0x00,0x0000,0x00,0x00,0x26,0x26,0x00,0x00000,0x000000,0,0x00000,1,1,
2.305011,101651,0x018145,0x0004,0x04,0,loop_mid,0x00,1,1,0x42,0x00,0x00,0x000042,0x00,0x00,0x0000,0x00,0x00,0x26,0x26,0x00,0x00000,0x000000,0,0x00000,1,1,
2.305034,101652,0x01814A,0x0084,0x84,0,cur_mid,0x00,0,0,0x42,0x00,0x00,0x000042,0x00,0x00,0x0000,0x00,0x00,0x26,0x26,0x00,0x00000,0x000000,0,0x00000,1,1,current_low_write
2.305034,101652,0x01814E,0x0005,0x05,0,loop_high,0xD1,1,1,0x42,0x00,0x00,0x000042,0x00,0xD1,0xD100,0x00,0x00,0x26,0x26,0x00,0x00000,0x000000,0,0x00000,1,1,
2.305034,101652,0x018152,0x0085,0x85,0,cur_high,0xD1,2,2,0x42,0x00,0xD1,0xD10042,0x00,0xD1,0xD100,0x00,0x00,0x26,0x26,0x00,0x00000,0x00D100,,,1,1,current_pair_complete
2.305057,101653,0x018157,0x0006,0x06,0,end,0xE1,0,0,0x42,0x00,0xD1,0xD10042,0x00,0xD1,0xD100,0xE1,0x00,0x26,0x26,0x00,0x00000,0x00D100,,,1,1,
2.305057,101653,0x01815B,0x0007,0x07,0,delta,0x85,1,1,0x42,0x00,0xD1,0xD10042,0x00,0xD1,0xD100,0xE1,0x85,0x26,0x26,0x00,0x00000,0x00D100,,,1,1,
2.305057,101653,0x01815F,0x0086,0x86,0,ctrl,0x8A,2,2,0x42,0x00,0xD1,0xD10042,0x00,0xD1,0xD100,0xE1,0x85,0x26,0x26,0x8A,0x110000,0x11D100,8,0x14B00,1,1,retrigger_commit
2.406236,106115,0x018166,0x0014,0x14,2,loop_mid,0x00,0,0,0x01,0x00,0x00,0x000001,0x00,0x00,0x0000,0x0C,0x80,0x3F,0x3F,0x02,0x00000,0x000000,0,0x00000,1,1,
2.406236,106115,0x01816A,0x0094,0x94,2,cur_mid,0x00,1,1,0x01,0x00,0x00,0x000001,0x00,0x00,0x0000,0x0C,0x80,0x3F,0x3F,0x02,0x00000,0x000000,0,0x00000,1,1,current_low_write
2.406236,106115,0x01816E,0x0015,0x15,2,loop_high,0x00,2,2,0x01,0x00,0x00,0x000001,0x00,0x00,0x0000,0x0C,0x80,0x3F,0x3F,0x02,0x00000,0x000000,0,0x00000,1,1,
2.406236,106115,0x018172,0x0095,0x95,2,cur_high,0x00,3,3,0x01,0x00,0x00,0x000001,0x00,0x00,0x0000,0x0C,0x80,0x3F,0x3F,0x02,0x00000,0x000000,0,0x00000,1,1,current_pair_complete
2.406281,106117,0x018177,0x0096,0x96,2,ctrl,0x02,0,0,0x01,0x00,0x00,0x000001,0x00,0x00,0x0000,0x0C,0x80,0x3F,0x3F,0x02,0x00000,0x000000,0,0x00000,1,1,retrigger_commit
2.406553,106129,0x01817C,0x0032,0x32,6,vol_l,0x09,0,0,0x0B,0x00,0x71,0x71000B,0x00,0x71,0x7100,0x82,0xA0,0x09,0x3F,0x0A,0x10000,0x017100,4,0x07B00,1,1,
2.406576,106130,0x018181,0x0033,0x33,6,vol_r,0x09,0,0,0x0B,0x00,0x71,0x71000B,0x00,0x71,0x7100,0x82,0xA0,0x09,0x09,0x0A,0x10000,0x017100,4,0x07B00,1,1,
2.406576,106130,0x018185,0x0034,0x34,6,loop_mid,0x00,1,1,0x0B,0x00,0x71,0x71000B,0x00,0x71,0x7100,0x82,0xA0,0x09,0x09,0x0A,0x10000,0x017100,4,0x07B00,1,1,
2.406576,106130,0x018189,0x00B4,0xB4,6,cur_mid,0x00,2,2,0x0B,0x00,0x71,0x71000B,0x00,0x71,0x7100,0x82,0xA0,0x09,0x09,0x0A,0x10000,0x017100,4,0x07B00,1,1,current_low_write
2.406599,106131,0x01818E,0x0035,0x35,6,loop_high,0x71,0,0,0x0B,0x00,0x71,0x71000B,0x00,0x71,0x7100,0x82,0xA0,0x09,0x09,0x0A,0x10000,0x017100,4,0x07B00,1,1,
2.406599,106131,0x018192,0x00B5,0xB5,6,cur_high,0x71,1,1,0x0B,0x00,0x71,0x71000B,0x00,0x71,0x7100,0x82,0xA0,0x09,0x09,0x0A,0x10000,0x017100,4,0x07B00,1,1,current_pair_complete
2.406621,106132,0x018197,0x00B6,0xB6,6,ctrl,0x0A,0,0,0x0B,0x00,0x71,0x71000B,0x00,0x71,0x7100,0x82,0xA0,0x09,0x09,0x0A,0x10000,0x017100,4,0x07B00,1,1,retrigger_commit
2.407710,106180,0x01819E,0x0000,0x00,0,cur_low,0x43,0,0,0x43,0x00,0xD1,0xD10043,0x00,0xD1,0xD100,0xE1,0x85,0x26,0x26,0x8A,0x110000,0x11D100,8,0x14B00,1,1,
2.407732,106181,0x0181A3,0x0002,0x02,0,vol_l,0x2C,0,0,0x43,0x00,0xD1,0xD10043,0x00,0xD1,0xD100,0xE1,0x85,0x2C,0x26,0x8A,0x110000,0x11D100,8,0x14B00,1,1,
2.407732,106181,0x0181A7,0x0003,0x03,0,vol_r,0x2C,1,1,0x43,0x00,0xD1,0xD10043,0x00,0xD1,0xD100,0xE1,0x85,0x2C,0x2C,0x8A,0x110000,0x11D100,8,0x14B00,1,1,
2.407755,106182,0x0181AC,0x0004,0x04,0,loop_mid,0x00,0,0,0x43,0x00,0xD1,0xD10043,0x00,0xD1,0xD100,0xE1,0x85,0x2C,0x2C,0x8A,0x110000,0x11D100,8,0x14B00,1,1,
2.407755,106182,0x0181B0,0x0084,0x84,0,cur_mid,0x00,1,1,0x43,0x00,0xD1,0xD10043,0x00,0xD1,0xD100,0xE1,0x85,0x2C,0x2C,0x8A,0x110000,0x11D100,8,0x14B00,1,1,current_low_write
2.407778,106183,0x0181B5,0x0005,0x05,0,loop_high,0xE2,0,0,0x43,0x00,0xD1,0xD10043,0x00,0xE2,0xE200,0xE1,0x85,0x2C,0x2C,0x8A,0x110000,0x11D100,8,0x14B00,1,1,
2.407778,106183,0x0181B9,0x0085,0x85,0,cur_high,0xE2,1,1,0x43,0x00,0xE2,0xE20043,0x00,0xE2,0xE200,0xE1,0x85,0x2C,0x2C,0x8A,0x110000,0x11E200,8,0x15C00,1,1,current_pair_complete
2.407778,106183,0x0181BD,0x0006,0x06,0,end,0xED,2,2,0x43,0x00,0xE2,0xE20043,0x00,0xE2,0xE200,0xED,0x85,0x2C,0x2C,0x8A,0x110000,0x11E200,8,0x15C00,1,1,
2.407800,106184,0x0181C2,0x0086,0x86,0,ctrl,0x8A,0,0,0x43,0x00,0xE2,0xE20043,0x00,0xE2,0xE200,0xED,0x85,0x2C,0x2C,0x8A,0x110000,0x11E200,8,0x15C00,1,1,retrigger_commit
2.509342,110662,0x0181C9,0x0034,0x34,6,loop_mid,0x00,0,0,0x0B,0x00,0x71,0x71000B,0x00,0x71,0x7100,0x82,0xA0,0x09,0x09,0x0A,0x10000,0x017100,4,0x07B00,1,1,
2.509342,110662,0x0181CD,0x00B4,0xB4,6,cur_mid,0x00,1,1,0x0B,0x00,0x71,0x71000B,0x00,0x71,0x7100,0x82,0xA0,0x09,0x09,0x0A,0x10000,0x017100,4,0x07B00,1,1,current_low_write
2.509342,110662,0x0181D1,0x0035,0x35,6,loop_high,0x71,2,2,0x0B,0x00,0x71,0x71000B,0x00,0x71,0x7100,0x82,0xA0,0x09,0x09,0x0A,0x10000,0x017100,4,0x07B00,1,1,
2.509342,110662,0x0181D5,0x00B5,0xB5,6,cur_high,0x71,3,3,0x0B,0x00,0x71,0x71000B,0x00,0x71,0x7100,0x82,0xA0,0x09,0x09,0x0A,0x10000,0x017100,4,0x07B00,1,1,current_pair_complete
2.509388,110664,0x0181DA,0x00B6,0xB6,6,ctrl,0x0A,0,0,0x0B,0x00,0x71,0x71000B,0x00,0x71,0x7100,0x82,0xA0,0x09,0x09,0x0A,0x10000,0x017100,4,0x07B00,1,1,retrigger_commit
2.509683,110677,0x0181DF,0x002C,0x2C,5,loop_mid,0x00,0,0,0x03,0x00,0xEA,0xEA0003,0x00,0xEA,0xEA00,0xF1,0xA0,0x1E,0x0D,0x02,0x00000,0x00EA00,2,0x03C00,1,1,
2.509683,110677,0x0181E3,0x00AC,0xAC,5,cur_mid,0x00,1,1,0x03,0x00,0xEA,0xEA0003,0x00,0xEA,0xEA00,0xF1,0xA0,0x1E,0x0D,0x02,0x00000,0x00EA00,2,0x03C00,1,1,current_low_write
2.509683,110677,0x0181E7,0x002D,0x2D,5,loop_high,0xEA,2,2,0x03,0x00,0xEA,0xEA0003,0x00,0xEA,0xEA00,0xF1,0xA0,0x1E,0x0D,0x02,0x00000,0x00EA00,2,0x03C00,1,1,
2.509705,110678,0x0181EC,0x00AD,0xAD,5,cur_high,0xEA,0,0,0x03,0x00,0xEA,0xEA0003,0x00,0xEA,0xEA00,0xF1,0xA0,0x1E,0x0D,0x02,0x00000,0x00EA00,2,0x03C00,1,1,current_pair_complete
2.509728,110679,0x0181F1,0x00AE,0xAE,5,ctrl,0x02,0,0,0x03,0x00,0xEA,0xEA0003,0x00,0xEA,0xEA00,0xF1,0xA0,0x1E,0x0D,0x02,0x00000,0x00EA00,2,0x03C00,1,1,retrigger_commit
2.510635,110719,0x0181F8,0x0000,0x00,0,cur_low,0x46,0,0,0x46,0x00,0xE2,0xE20046,0x00,0xE2,0xE200,0xED,0x85,0x2C,0x2C,0x8A,0x110000,0x11E200,8,0x15C00,1,1,
2.510658,110720,0x0181FD,0x0002,0x02,0,vol_l,0x39,0,0,0x46,0x00,0xE2,0xE20046,0x00,0xE2,0xE200,0xED,0x85,0x39,0x2C,0x8A,0x110000,0x11E200,8,0x15C00,1,1,
2.510680,110721,0x018202,0x0003,0x03,0,vol_r,0x39,0,0,0x46,0x00,0xE2,0xE20046,0x00,0xE2,0xE200,0xED,0x85,0x39,0x39,0x8A,0x110000,0x11E200,8,0x15C00,1,1,
2.510680,110721,0x018206,0x0004,0x04,0,loop_mid,0x00,1,1,0x46,0x00,0xE2,0xE20046,0x00,0xE2,0xE200,0xED,0x85,0x39,0x39,0x8A,0x110000,0x11E200,8,0x15C00,1,1,
2.510703,110722,0x01820B,0x0084,0x84,0,cur_mid,0x00,0,0,0x46,0x00,0xE2,0xE20046,0x00,0xE2,0xE200,0xED,0x85,0x39,0x39,0x8A,0x110000,0x11E200,8,0x15C00,1,1,current_low_write
2.510703,110722,0x01820F,0x0005,0x05,0,loop_high,0x3A,1,1,0x46,0x00,0xE2,0xE20046,0x00,0x3A,0x3A00,0xED,0x85,0x39,0x39,0x8A,0x110000,0x11E200,8,0x15C00,1,1,
2.510703,110722,0x018213,0x0085,0x85,0,cur_high,0x3A,2,2,0x46,0x00,0x3A,0x3A0046,0x00,0x3A,0x3A00,0xED,0x85,0x39,0x39,0x8A,0x110000,0x113A00,6,0x0EB00,1,1,current_pair_complete
2.510726,110723,0x018218,0x0006,0x06,0,end,0x3B,0,0,0x46,0x00,0x3A,0x3A0046,0x00,0x3A,0x3A00,0x3B,0x85,0x39,0x39,0x8A,0x110000,0x113A00,6,0x0EB00,1,1,
2.510726,110723,0x01821C,0x0007,0x07,0,delta,0xA6,1,1,0x46,0x00,0x3A,0x3A0046,0x00,0x3A,0x3A00,0x3B,0xA6,0x39,0x39,0x8A,0x110000,0x113A00,6,0x0EB00,1,1,
2.510726,110723,0x018220,0x0086,0x86,0,ctrl,0x8A,2,2,0x46,0x00,0x3A,0x3A0046,0x00,0x3A,0x3A00,0x3B,0xA6,0x39,0x39,0x8A,0x110000,0x113A00,6,0x0EB00,1,1,retrigger_commit
2.612268,115201,0x018227,0x0034,0x34,6,loop_mid,0x00,0,0,0x0B,0x00,0x71,0x71000B,0x00,0x71,0x7100,0x82,0xA0,0x09,0x09,0x0A,0x10000,0x017100,4,0x07B00,1,1,
2.612268,115201,0x01822B,0x00B4,0xB4,6,cur_mid,0x00,1,1,0x0B,0x00,0x71,0x71000B,0x00,0x71,0x7100,0x82,0xA0,0x09,0x09,0x0A,0x10000,0x017100,4,0x07B00,1,1,current_low_write
2.612268,115201,0x01822F,0x0035,0x35,6,loop_high,0x71,2,2,0x0B,0x00,0x71,0x71000B,0x00,0x71,0x7100,0x82,0xA0,0x09,0x09,0x0A,0x10000,0x017100,4,0x07B00,1,1,
2.612268,115201,0x018233,0x00B5,0xB5,6,cur_high,0x71,3,3,0x0B,0x00,0x71,0x71000B,0x00,0x71,0x7100,0x82,0xA0,0x09,0x09,0x0A,0x10000,0x017100,4,0x07B00,1,1,current_pair_complete
2.612313,115203,0x018238,0x00B6,0xB6,6,ctrl,0x0A,0,0,0x0B,0x00,0x71,0x71000B,0x00,0x71,0x7100,0x82,0xA0,0x09,0x09,0x0A,0x10000,0x017100,4,0x07B00,1,1,retrigger_commit
2.613379,115250,0x01823F,0x0000,0x00,0,cur_low,0x3F,0,0,0x3F,0x00,0x3A,0x3A003F,0x00,0x3A,0x3A00,0x3B,0xA6,0x39,0x39,0x8A,0x110000,0x113A00,6,0x0EB00,1,1,
2.613401,115251,0x018244,0x0002,0x02,0,vol_l,0x26,0,0,0x3F,0x00,0x3A,0x3A003F,0x00,0x3A,0x3A00,0x3B,0xA6,0x26,0x39,0x8A,0x110000,0x113A00,6,0x0EB00,1,1,
2.613424,115252,0x018249,0x0003,0x03,0,vol_r,0x26,0,0,0x3F,0x00,0x3A,0x3A003F,0x00,0x3A,0x3A00,0x3B,0xA6,0x26,0x26,0x8A,0x110000,0x113A00,6,0x0EB00,1,1,
2.613424,115252,0x01824D,0x0004,0x04,0,loop_mid,0x00,1,1,0x3F,0x00,0x3A,0x3A003F,0x00,0x3A,0x3A00,0x3B,0xA6,0x26,0x26,0x8A,0x110000,0x113A00,6,0x0EB00,1,1,
2.613447,115253,0x018252,0x0084,0x84,0,cur_mid,0x00,0,0,0x3F,0x00,0x3A,0x3A003F,0x00,0x3A,0x3A00,0x3B,0xA6,0x26,0x26,0x8A,0x110000,0x113A00,6,0x0EB00,1,1,current_low_write
2.613447,115253,0x018256,0x0005,0x05,0,loop_high,0x84,1,1,0x3F,0x00,0x3A,0x3A003F,0x00,0x84,0x8400,0x3B,0xA6,0x26,0x26,0x8A,0x110000,0x113A00,6,0x0EB00,1,1,
2.613447,115253,0x01825A,0x0085,0x85,0,cur_high,0x84,2,2,0x3F,0x00,0x84,0x84003F,0x00,0x84,0x8400,0x3B,0xA6,0x26,0x26,0x8A,0x110000,0x118400,8,0x0FE00,1,1,current_pair_complete
2.613469,115254,0x01825F,0x0006,0x06,0,end,0xA4,0,0,0x3F,0x00,0x84,0x84003F,0x00,0x84,0x8400,0xA4,0xA6,0x26,0x26,0x8A,0x110000,0x118400,8,0x0FE00,1,1,
2.613469,115254,0x018263,0x0007,0x07,0,delta,0x85,1,1,0x3F,0x00,0x84,0x84003F,0x00,0x84,0x8400,0xA4,0x85,0x26,0x26,0x8A,0x110000,0x118400,8,0x0FE00,1,1,
2.613469,115254,0x018267,0x0086,0x86,0,ctrl,0x8A,2,2,0x3F,0x00,0x84,0x84003F,0x00,0x84,0x8400,0xA4,0x85,0x26,0x26,0x8A,0x110000,0x118400,8,0x0FE00,1,1,retrigger_commit
2.714898,119727,0x01826E,0x0012,0x12,2,vol_l,0x00,0,0,0x01,0x00,0x00,0x000001,0x00,0x00,0x0000,0x0C,0x80,0x00,0x3F,0x02,0x00000,0x000000,0,0x00000,1,1,
2.714921,119728,0x018273,0x0013,0x13,2,vol_r,0x00,0,0,0x01,0x00,0x00,0x000001,0x00,0x00,0x0000,0x0C,0x80,0x00,0x00,0x02,0x00000,0x000000,0,0x00000,1,0,
2.714921,119728,0x018277,0x0014,0x14,2,loop_mid,0x00,1,1,0x01,0x00,0x00,0x000001,0x00,0x00,0x0000,0x0C,0x80,0x00,0x00,0x02,0x00000,0x000000,0,0x00000,1,0,
2.714943,119729,0x01827C,0x0094,0x94,2,cur_mid,0x00,0,0,0x01,0x00,0x00,0x000001,0x00,0x00,0x0000,0x0C,0x80,0x00,0x00,0x02,0x00000,0x000000,0,0x00000,1,0,current_low_write
2.714943,119729,0x018280,0x0015,0x15,2,loop_high,0x00,1,1,0x01,0x00,0x00,0x000001,0x00,0x00,0x0000,0x0C,0x80,0x00,0x00,0x02,0x00000,0x000000,0,0x00000,1,0,
2.714943,119729,0x018284,0x0095,0x95,2,cur_high,0x00,2,2,0x01,0x00,0x00,0x000001,0x00,0x00,0x0000,0x0C,0x80,0x00,0x00,0x02,0x00000,0x000000,0,0x00000,1,0,current_pair_complete
2.714966,119730,0x018289,0x0017,0x17,2,delta,0x00,0,0,0x01,0x00,0x00,0x000001,0x00,0x00,0x0000,0x0C,0x00,0x00,0x00,0x02,0x00000,0x000000,0,0x00000,1,0,
2.714966,119730,0x01828D,0x0096,0x96,2,ctrl,0x02,1,1,0x01,0x00,0x00,0x000001,0x00,0x00,0x0000,0x0C,0x00,0x00,0x00,0x02,0x00000,0x000000,0,0x00000,1,0,control_active
2.715283,119744,0x018292,0x0034,0x34,6,loop_mid,0x00,0,0,0x0B,0x00,0x71,0x71000B,0x00,0x71,0x7100,0x82,0xA0,0x09,0x09,0x0A,0x10000,0x017100,4,0x07B00,1,1,
2.715283,119744,0x018296,0x00B4,0xB4,6,cur_mid,0x00,1,1,0x0B,0x00,0x71,0x71000B,0x00,0x71,0x7100,0x82,0xA0,0x09,0x09,0x0A,0x10000,0x017100,4,0x07B00,1,1,current_low_write
2.715306,119745,0x01829B,0x0035,0x35,6,loop_high,0x71,0,0,0x0B,0x00,0x71,0x71000B,0x00,0x71,0x7100,0x82,0xA0,0x09,0x09,0x0A,0x10000,0x017100,4,0x07B00,1,1,
2.715306,119745,0x01829F,0x00B5,0xB5,6,cur_high,0x71,1,1,0x0B,0x00,0x71,0x71000B,0x00,0x71,0x7100,0x82,0xA0,0x09,0x09,0x0A,0x10000,0x017100,4,0x07B00,1,1,current_pair_complete
2.715329,119746,0x0182A4,0x00B6,0xB6,6,ctrl,0x0A,0,0,0x0B,0x00,0x71,0x71000B,0x00,0x71,0x7100,0x82,0xA0,0x09,0x09,0x0A,0x10000,0x017100,4,0x07B00,1,1,retrigger_commit
2.715624,119759,0x0182A9,0x002C,0x2C,5,loop_mid,0x00,0,0,0x03,0x00,0xEA,0xEA0003,0x00,0xEA,0xEA00,0xF1,0xA0,0x1E,0x0D,0x02,0x00000,0x00EA00,2,0x03C00,1,1,
2.715624,119759,0x0182AD,0x00AC,0xAC,5,cur_mid,0x00,1,1,0x03,0x00,0xEA,0xEA0003,0x00,0xEA,0xEA00,0xF1,0xA0,0x1E,0x0D,0x02,0x00000,0x00EA00,2,0x03C00,1,1,current_low_write
2.715646,119760,0x0182B2,0x002D,0x2D,5,loop_high,0xEA,0,0,0x03,0x00,0xEA,0xEA0003,0x00,0xEA,0xEA00,0xF1,0xA0,0x1E,0x0D,0x02,0x00000,0x00EA00,2,0x03C00,1,1,
2.715646,119760,0x0182B6,0x00AD,0xAD,5,cur_high,0xEA,1,1,0x03,0x00,0xEA,0xEA0003,0x00,0xEA,0xEA00,0xF1,0xA0,0x1E,0x0D,0x02,0x00000,0x00EA00,2,0x03C00,1,1,current_pair_complete
2.715669,119761,0x0182BB,0x00AE,0xAE,5,ctrl,0x02,0,0,0x03,0x00,0xEA,0xEA0003,0x00,0xEA,0xEA00,0xF1,0xA0,0x1E,0x0D,0x02,0x00000,0x00EA00,2,0x03C00,1,1,retrigger_commit
2.716599,119802,0x0182C2,0x0000,0x00,0,cur_low,0x40,0,0,0x40,0x00,0x84,0x840040,0x00,0x84,0x8400,0xA4,0x85,0x26,0x26,0x8A,0x110000,0x118400,8,0x0FE00,1,1,
2.716621,119803,0x0182C7,0x0002,0x02,0,vol_l,0x2C,0,0,0x40,0x00,0x84,0x840040,0x00,0x84,0x8400,0xA4,0x85,0x2C,0x26,0x8A,0x110000,0x118400,8,0x0FE00,1,1,
2.716621,119803,0x0182CB,0x0003,0x03,0,vol_r,0x2C,1,1,0x40,0x00,0x84,0x840040,0x00,0x84,0x8400,0xA4,0x85,0x2C,0x2C,0x8A,0x110000,0x118400,8,0x0FE00,1,1,
2.716644,119804,0x0182D0,0x0004,0x04,0,loop_mid,0x00,0,0,0x40,0x00,0x84,0x840040,0x00,0x84,0x8400,0xA4,0x85,0x2C,0x2C,0x8A,0x110000,0x118400,8,0x0FE00,1,1,
2.716644,119804,0x0182D4,0x0084,0x84,0,cur_mid,0x00,1,1,0x40,0x00,0x84,0x840040,0x00,0x84,0x8400,0xA4,0x85,0x2C,0x2C,0x8A,0x110000,0x118400,8,0x0FE00,1,1,current_low_write
2.716667,119805,0x0182D9,0x0005,0x05,0,loop_high,0xA5,0,0,0x40,0x00,0x84,0x840040,0x00,0xA5,0xA500,0xA4,0x85,0x2C,0x2C,0x8A,0x110000,0x118400,8,0x0FE00,1,1,
2.716667,119805,0x0182DD,0x0085,0x85,0,cur_high,0xA5,1,1,0x40,0x00,0xA5,0xA50040,0x00,0xA5,0xA500,0xA4,0x85,0x2C,0x2C,0x8A,0x110000,0x11A500,8,0x11F00,1,1,current_pair_complete
2.716667,119805,0x0182E1,0x0006,0x06,0,end,0xBA,2,2,0x40,0x00,0xA5,0xA50040,0x00,0xA5,0xA500,0xBA,0x85,0x2C,0x2C,0x8A,0x110000,0x11A500,8,0x11F00,1,1,
2.716689,119806,0x0182E6,0x0086,0x86,0,ctrl,0x8A,0,0,0x40,0x00,0xA5,0xA50040,0x00,0xA5,0xA500,0xBA,0x85,0x2C,0x2C,0x8A,0x110000,0x11A500,8,0x11F00,1,1,retrigger_commit
2.732086,120485,0x0182ED,0x0014,0x14,2,loop_mid,0x00,0,0,0x01,0x00,0x00,0x000001,0x00,0x00,0x0000,0x0C,0x00,0x00,0x00,0x02,0x00000,0x000000,0,0x00000,1,0,
2.732086,120485,0x0182F1,0x0094,0x94,2,cur_mid,0x00,1,1,0x01,0x00,0x00,0x000001,0x00,0x00,0x0000,0x0C,0x00,0x00,0x00,0x02,0x00000,0x000000,0,0x00000,1,0,current_low_write
2.732109,120486,0x0182F6,0x0015,0x15,2,loop_high,0x00,0,0,0x01,0x00,0x00,0x000001,0x00,0x00,0x0000,0x0C,0x00,0x00,0x00,0x02,0x00000,0x000000,0,0x00000,1,0,
2.732109,120486,0x0182FA,0x0095,0x95,2,cur_high,0x00,1,1,0x01,0x00,0x00,0x000001,0x00,0x00,0x0000,0x0C,0x00,0x00,0x00,0x02,0x00000,0x000000,0,0x00000,1,0,current_pair_complete
2.818209,124283,0x018301,0x0034,0x34,6,loop_mid,0x00,0,0,0x0B,0x00,0x71,0x71000B,0x00,0x71,0x7100,0x82,0xA0,0x09,0x09,0x0A,0x10000,0x017100,4,0x07B00,1,1,
2.818209,124283,0x018305,0x00B4,0xB4,6,cur_mid,0x00,1,1,0x0B,0x00,0x71,0x71000B,0x00,0x71,0x7100,0x82,0xA0,0x09,0x09,0x0A,0x10000,0x017100,4,0x07B00,1,1,current_low_write
2.818231,124284,0x01830A,0x0035,0x35,6,loop_high,0x71,0,0,0x0B,0x00,0x71,0x71000B,0x00,0x71,0x7100,0x82,0xA0,0x09,0x09,0x0A,0x10000,0x017100,4,0x07B00,1,1,
2.818231,124284,0x01830E,0x00B5,0xB5,6,cur_high,0x71,1,1,0x0B,0x00,0x71,0x71000B,0x00,0x71,0x7100,0x82,0xA0,0x09,0x09,0x0A,0x10000,0x017100,4,0x07B00,1,1,current_pair_complete
2.818254,124285,0x018313,0x00B6,0xB6,6,ctrl,0x0A,0,0,0x0B,0x00,0x71,0x71000B,0x00,0x71,0x7100,0x82,0xA0,0x09,0x09,0x0A,0x10000,0x017100,4,0x07B00,1,1,retrigger_commit
2.819342,124333,0x01831A,0x0000,0x00,0,cur_low,0x46,0,0,0x46,0x00,0xA5,0xA50046,0x00,0xA5,0xA500,0xBA,0x85,0x2C,0x2C,0x8A,0x110000,0x11A500,8,0x11F00,1,1,
2.819365,124334,0x01831F,0x0002,0x02,0,vol_l,0x39,0,0,0x46,0x00,0xA5,0xA50046,0x00,0xA5,0xA500,0xBA,0x85,0x39,0x2C,0x8A,0x110000,0x11A500,8,0x11F00,1,1,
2.819365,124334,0x018323,0x0003,0x03,0,vol_r,0x39,1,1,0x46,0x00,0xA5,0xA50046,0x00,0xA5,0xA500,0xBA,0x85,0x39,0x39,0x8A,0x110000,0x11A500,8,0x11F00,1,1,
2.819388,124335,0x018328,0x0004,0x04,0,loop_mid,0x00,0,0,0x46,0x00,0xA5,0xA50046,0x00,0xA5,0xA500,0xBA,0x85,0x39,0x39,0x8A,0x110000,0x11A500,8,0x11F00,1,1,
2.819388,124335,0x01832C,0x0084,0x84,0,cur_mid,0x00,1,1,0x46,0x00,0xA5,0xA50046,0x00,0xA5,0xA500,0xBA,0x85,0x39,0x39,0x8A,0x110000,0x11A500,8,0x11F00,1,1,current_low_write
2.819410,124336,0x018331,0x0005,0x05,0,loop_high,0x3A,0,0,0x46,0x00,0xA5,0xA50046,0x00,0x3A,0x3A00,0xBA,0x85,0x39,0x39,0x8A,0x110000,0x11A500,8,0x11F00,1,1,
2.819410,124336,0x018335,0x0085,0x85,0,cur_high,0x3A,1,1,0x46,0x00,0x3A,0x3A0046,0x00,0x3A,0x3A00,0xBA,0x85,0x39,0x39,0x8A,0x110000,0x113A00,6,0x0EB00,1,1,current_pair_complete
2.819410,124336,0x018339,0x0006,0x06,0,end,0x3B,2,2,0x46,0x00,0x3A,0x3A0046,0x00,0x3A,0x3A00,0x3B,0x85,0x39,0x39,0x8A,0x110000,0x113A00,6,0x0EB00,1,1,
2.819433,124337,0x01833E,0x0007,0x07,0,delta,0xA6,0,0,0x46,0x00,0x3A,0x3A0046,0x00,0x3A,0x3A00,0x3B,0xA6,0x39,0x39,0x8A,0x110000,0x113A00,6,0x0EB00,1,1,
2.819433,124337,0x018342,0x0086,0x86,0,ctrl,0x8A,1,1,0x46,0x00,0x3A,0x3A0046,0x00,0x3A,0x3A00,0x3B,0xA6,0x39,0x39,0x8A,0x110000,0x113A00,6,0x0EB00,1,1,retrigger_commit
2.921111,128821,0x018349,0x0034,0x34,6,loop_mid,0x00,0,0,0x0B,0x00,0x71,0x71000B,0x00,0x71,0x7100,0x82,0xA0,0x09,0x09,0x0A,0x10000,0x017100,4,0x07B00,1,1,
2.921111,128821,0x01834D,0x00B4,0xB4,6,cur_mid,0x00,1,1,0x0B,0x00,0x71,0x71000B,0x00,0x71,0x7100,0x82,0xA0,0x09,0x09,0x0A,0x10000,0x017100,4,0x07B00,1,1,current_low_write
2.921134,128822,0x018352,0x0035,0x35,6,loop_high,0x71,0,0,0x0B,0x00,0x71,0x71000B,0x00,0x71,0x7100,0x82,0xA0,0x09,0x09,0x0A,0x10000,0x017100,4,0x07B00,1,1,
2.921134,128822,0x018356,0x00B5,0xB5,6,cur_high,0x71,1,1,0x0B,0x00,0x71,0x71000B,0x00,0x71,0x7100,0x82,0xA0,0x09,0x09,0x0A,0x10000,0x017100,4,0x07B00,1,1,current_pair_complete
2.921156,128823,0x01835B,0x00B6,0xB6,6,ctrl,0x0A,0,0,0x0B,0x00,0x71,0x71000B,0x00,0x71,0x7100,0x82,0xA0,0x09,0x09,0x0A,0x10000,0x017100,4,0x07B00,1,1,retrigger_commit
2.921451,128836,0x018360,0x002C,0x2C,5,loop_mid,0x00,0,0,0x03,0x00,0xEA,0xEA0003,0x00,0xEA,0xEA00,0xF1,0xA0,0x1E,0x0D,0x02,0x00000,0x00EA00,2,0x03C00,1,1,
2.921451,128836,0x018364,0x00AC,0xAC,5,cur_mid,0x00,1,1,0x03,0x00,0xEA,0xEA0003,0x00,0xEA,0xEA00,0xF1,0xA0,0x1E,0x0D,0x02,0x00000,0x00EA00,2,0x03C00,1,1,current_low_write
2.921474,128837,0x018369,0x002D,0x2D,5,loop_high,0xEA,0,0,0x03,0x00,0xEA,0xEA0003,0x00,0xEA,0xEA00,0xF1,0xA0,0x1E,0x0D,0x02,0x00000,0x00EA00,2,0x03C00,1,1,
2.921474,128837,0x01836D,0x00AD,0xAD,5,cur_high,0xEA,1,1,0x03,0x00,0xEA,0xEA0003,0x00,0xEA,0xEA00,0xF1,0xA0,0x1E,0x0D,0x02,0x00000,0x00EA00,2,0x03C00,1,1,current_pair_complete
2.921497,128838,0x018372,0x00AE,0xAE,5,ctrl,0x02,0,0,0x03,0x00,0xEA,0xEA0003,0x00,0xEA,0xEA00,0xF1,0xA0,0x1E,0x0D,0x02,0x00000,0x00EA00,2,0x03C00,1,1,retrigger_commit
2.922426,128879,0x018379,0x0000,0x00,0,cur_low,0x41,0,0,0x41,0x00,0x3A,0x3A0041,0x00,0x3A,0x3A00,0x3B,0xA6,0x39,0x39,0x8A,0x110000,0x113A00,6,0x0EB00,1,1,
2.922449,128880,0x01837E,0x0002,0x02,0,vol_l,0x26,0,0,0x41,0x00,0x3A,0x3A0041,0x00,0x3A,0x3A00,0x3B,0xA6,0x26,0x39,0x8A,0x110000,0x113A00,6,0x0EB00,1,1,
2.922449,128880,0x018382,0x0003,0x03,0,vol_r,0x26,1,1,0x41,0x00,0x3A,0x3A0041,0x00,0x3A,0x3A00,0x3B,0xA6,0x26,0x26,0x8A,0x110000,0x113A00,6,0x0EB00,1,1,
2.922472,128881,0x018387,0x0004,0x04,0,loop_mid,0x00,0,0,0x41,0x00,0x3A,0x3A0041,0x00,0x3A,0x3A00,0x3B,0xA6,0x26,0x26,0x8A,0x110000,0x113A00,6,0x0EB00,1,1,
2.922472,128881,0x01838B,0x0084,0x84,0,cur_mid,0x00,1,1,0x41,0x00,0x3A,0x3A0041,0x00,0x3A,0x3A00,0x3B,0xA6,0x26,0x26,0x8A,0x110000,0x113A00,6,0x0EB00,1,1,current_low_write
2.922494,128882,0x018390,0x0005,0x05,0,loop_high,0xBB,0,0,0x41,0x00,0x3A,0x3A0041,0x00,0xBB,0xBB00,0x3B,0xA6,0x26,0x26,0x8A,0x110000,0x113A00,6,0x0EB00,1,1,
2.922494,128882,0x018394,0x0085,0x85,0,cur_high,0xBB,1,1,0x41,0x00,0xBB,0xBB0041,0x00,0xBB,0xBB00,0x3B,0xA6,0x26,0x26,0x8A,0x110000,0x11BB00,8,0x13500,1,1,current_pair_complete
2.922494,128882,0x018398,0x0006,0x06,0,end,0xD0,2,2,0x41,0x00,0xBB,0xBB0041,0x00,0xBB,0xBB00,0xD0,0xA6,0x26,0x26,0x8A,0x110000,0x11BB00,8,0x13500,1,1,
2.922517,128883,0x01839D,0x0007,0x07,0,delta,0x75,0,0,0x41,0x00,0xBB,0xBB0041,0x00,0xBB,0xBB00,0xD0,0x75,0x26,0x26,0x8A,0x110000,0x11BB00,8,0x13500,1,1,
2.922517,128883,0x0183A1,0x0086,0x86,0,ctrl,0x8A,1,1,0x41,0x00,0xBB,0xBB0041,0x00,0xBB,0xBB00,0xD0,0x75,0x26,0x26,0x8A,0x110000,0x11BB00,8,0x13500,1,1,retrigger_commit
3.024014,133359,0x0183A8,0x0034,0x34,6,loop_mid,0x00,0,0,0x0B,0x00,0x71,0x71000B,0x00,0x71,0x7100,0x82,0xA0,0x09,0x09,0x0A,0x10000,0x017100,4,0x07B00,1,1,
3.024014,133359,0x0183AC,0x00B4,0xB4,6,cur_mid,0x00,1,1,0x0B,0x00,0x71,0x71000B,0x00,0x71,0x7100,0x82,0xA0,0x09,0x09,0x0A,0x10000,0x017100,4,0x07B00,1,1,current_low_write
3.024036,133360,0x0183B1,0x0035,0x35,6,loop_high,0x71,0,0,0x0B,0x00,0x71,0x71000B,0x00,0x71,0x7100,0x82,0xA0,0x09,0x09,0x0A,0x10000,0x017100,4,0x07B00,1,1,
3.024036,133360,0x0183B5,0x00B5,0xB5,6,cur_high,0x71,1,1,0x0B,0x00,0x71,0x71000B,0x00,0x71,0x7100,0x82,0xA0,0x09,0x09,0x0A,0x10000,0x017100,4,0x07B00,1,1,current_pair_complete
3.024059,133361,0x0183BA,0x00B6,0xB6,6,ctrl,0x0A,0,0,0x0B,0x00,0x71,0x71000B,0x00,0x71,0x7100,0x82,0xA0,0x09,0x09,0x0A,0x10000,0x017100,4,0x07B00,1,1,retrigger_commit
3.025147,133409,0x0183C1,0x0000,0x00,0,cur_low,0x44,0,0,0x44,0x00,0xBB,0xBB0044,0x00,0xBB,0xBB00,0xD0,0x75,0x26,0x26,0x8A,0x110000,0x11BB00,8,0x13500,1,1,
3.025170,133410,0x0183C6,0x0002,0x02,0,vol_l,0x2C,0,0,0x44,0x00,0xBB,0xBB0044,0x00,0xBB,0xBB00,0xD0,0x75,0x2C,0x26,0x8A,0x110000,0x11BB00,8,0x13500,1,1,
3.025170,133410,0x0183CA,0x0003,0x03,0,vol_r,0x2C,1,1,0x44,0x00,0xBB,0xBB0044,0x00,0xBB,0xBB00,0xD0,0x75,0x2C,0x2C,0x8A,0x110000,0x11BB00,8,0x13500,1,1,
3.025193,133411,0x0183CF,0x0004,0x04,0,loop_mid,0x00,0,0,0x44,0x00,0xBB,0xBB0044,0x00,0xBB,0xBB00,0xD0,0x75,0x2C,0x2C,0x8A,0x110000,0x11BB00,8,0x13500,1,1,
3.025193,133411,0x0183D3,0x0084,0x84,0,cur_mid,0x00,1,1,0x44,0x00,0xBB,0xBB0044,0x00,0xBB,0xBB00,0xD0,0x75,0x2C,0x2C,0x8A,0x110000,0x11BB00,8,0x13500,1,1,current_low_write
3.025215,133412,0x0183D8,0x0005,0x05,0,loop_high,0xEE,0,0,0x44,0x00,0xBB,0xBB0044,0x00,0xEE,0xEE00,0xD0,0x75,0x2C,0x2C,0x8A,0x110000,0x11BB00,8,0x13500,1,1,
3.025215,133412,0x0183DC,0x0085,0x85,0,cur_high,0xEE,1,1,0x44,0x00,0xEE,0xEE0044,0x00,0xEE,0xEE00,0xD0,0x75,0x2C,0x2C,0x8A,0x110000,0x11EE00,8,0x16800,1,1,current_pair_complete
3.025215,133412,0x0183E0,0x0006,0x06,0,end,0xFC,2,2,0x44,0x00,0xEE,0xEE0044,0x00,0xEE,0xEE00,0xFC,0x75,0x2C,0x2C,0x8A,0x110000,0x11EE00,8,0x16800,1,1,
3.025238,133413,0x0183E5,0x0086,0x86,0,ctrl,0x8A,0,0,0x44,0x00,0xEE,0xEE0044,0x00,0xEE,0xEE00,0xFC,0x75,0x2C,0x2C,0x8A,0x110000,0x11EE00,8,0x16800,1,1,retrigger_commit
3.126916,137897,0x0183EC,0x0032,0x32,6,vol_l,0x3F,0,0,0x0B,0x00,0x71,0x71000B,0x00,0x71,0x7100,0x82,0xA0,0x3F,0x09,0x0A,0x10000,0x017100,4,0x07B00,1,1,
3.126939,137898,0x0183F1,0x0033,0x33,6,vol_r,0x3F,0,0,0x0B,0x00,0x71,0x71000B,0x00,0x71,0x7100,0x82,0xA0,0x3F,0x3F,0x0A,0x10000,0x017100,4,0x07B00,1,1,
3.126939,137898,0x0183F5,0x0034,0x34,6,loop_mid,0x00,1,1,0x0B,0x00,0x71,0x71000B,0x00,0x71,0x7100,0x82,0xA0,0x3F,0x3F,0x0A,0x10000,0x017100,4,0x07B00,1,1,
3.126939,137898,0x0183F9,0x00B4,0xB4,6,cur_mid,0x00,2,2,0x0B,0x00,0x71,0x71000B,0x00,0x71,0x7100,0x82,0xA0,0x3F,0x3F,0x0A,0x10000,0x017100,4,0x07B00,1,1,current_low_write
3.126961,137899,0x0183FE,0x0035,0x35,6,loop_high,0x71,0,0,0x0B,0x00,0x71,0x71000B,0x00,0x71,0x7100,0x82,0xA0,0x3F,0x3F,0x0A,0x10000,0x017100,4,0x07B00,1,1,
3.126961,137899,0x018402,0x00B5,0xB5,6,cur_high,0x71,1,1,0x0B,0x00,0x71,0x71000B,0x00,0x71,0x7100,0x82,0xA0,0x3F,0x3F,0x0A,0x10000,0x017100,4,0x07B00,1,1,current_pair_complete
3.126984,137900,0x018407,0x00B6,0xB6,6,ctrl,0x0A,0,0,0x0B,0x00,0x71,0x71000B,0x00,0x71,0x7100,0x82,0xA0,0x3F,0x3F,0x0A,0x10000,0x017100,4,0x07B00,1,1,retrigger_commit
3.127279,137913,0x01840C,0x002C,0x2C,5,loop_mid,0x00,0,0,0x03,0x00,0xEA,0xEA0003,0x00,0xEA,0xEA00,0xF1,0xA0,0x1E,0x0D,0x02,0x00000,0x00EA00,2,0x03C00,1,1,
3.127279,137913,0x018410,0x00AC,0xAC,5,cur_mid,0x00,1,1,0x03,0x00,0xEA,0xEA0003,0x00,0xEA,0xEA00,0xF1,0xA0,0x1E,0x0D,0x02,0x00000,0x00EA00,2,0x03C00,1,1,current_low_write
3.127302,137914,0x018415,0x002D,0x2D,5,loop_high,0xEA,0,0,0x03,0x00,0xEA,0xEA0003,0x00,0xEA,0xEA00,0xF1,0xA0,0x1E,0x0D,0x02,0x00000,0x00EA00,2,0x03C00,1,1,
3.127302,137914,0x018419,0x00AD,0xAD,5,cur_high,0xEA,1,1,0x03,0x00,0xEA,0xEA0003,0x00,0xEA,0xEA00,0xF1,0xA0,0x1E,0x0D,0x02,0x00000,0x00EA00,2,0x03C00,1,1,current_pair_complete
3.127324,137915,0x01841E,0x00AE,0xAE,5,ctrl,0x02,0,0,0x03,0x00,0xEA,0xEA0003,0x00,0xEA,0xEA00,0xF1,0xA0,0x1E,0x0D,0x02,0x00000,0x00EA00,2,0x03C00,1,1,retrigger_commit
3.128254,137956,0x018425,0x0000,0x00,0,cur_low,0x3F,0,0,0x3F,0x00,0xEE,0xEE003F,0x00,0xEE,0xEE00,0xFC,0x75,0x2C,0x2C,0x8A,0x110000,0x11EE00,8,0x16800,1,1,
3.128277,137957,0x01842A,0x0002,0x02,0,vol_l,0x26,0,0,0x3F,0x00,0xEE,0xEE003F,0x00,0xEE,0xEE00,0xFC,0x75,0x26,0x2C,0x8A,0x110000,0x11EE00,8,0x16800,1,1,
3.128277,137957,0x01842E,0x0003,0x03,0,vol_r,0x26,1,1,0x3F,0x00,0xEE,0xEE003F,0x00,0xEE,0xEE00,0xFC,0x75,0x26,0x26,0x8A,0x110000,0x11EE00,8,0x16800,1,1,
3.128299,137958,0x018433,0x0004,0x04,0,loop_mid,0x00,0,0,0x3F,0x00,0xEE,0xEE003F,0x00,0xEE,0xEE00,0xFC,0x75,0x26,0x26,0x8A,0x110000,0x11EE00,8,0x16800,1,1,
3.128299,137958,0x018437,0x0084,0x84,0,cur_mid,0x00,1,1,0x3F,0x00,0xEE,0xEE003F,0x00,0xEE,0xEE00,0xFC,0x75,0x26,0x26,0x8A,0x110000,0x11EE00,8,0x16800,1,1,current_low_write
3.128322,137959,0x01843C,0x0005,0x05,0,loop_high,0x84,0,0,0x3F,0x00,0xEE,0xEE003F,0x00,0x84,0x8400,0xFC,0x75,0x26,0x26,0x8A,0x110000,0x11EE00,8,0x16800,1,1,
3.128322,137959,0x018440,0x0085,0x85,0,cur_high,0x84,1,1,0x3F,0x00,0x84,0x84003F,0x00,0x84,0x8400,0xFC,0x75,0x26,0x26,0x8A,0x110000,0x118400,8,0x0FE00,1,1,current_pair_complete
3.128322,137959,0x018444,0x0006,0x06,0,end,0xA4,2,2,0x3F,0x00,0x84,0x84003F,0x00,0x84,0x8400,0xA4,0x75,0x26,0x26,0x8A,0x110000,0x118400,8,0x0FE00,1,1,
3.128345,137960,0x018449,0x0086,0x86,0,ctrl,0x8A,0,0,0x3F,0x00,0x84,0x84003F,0x00,0x84,0x8400,0xA4,0x75,0x26,0x26,0x8A,0x110000,0x118400,8,0x0FE00,1,1,retrigger_commit
3.230771,142477,0x018450,0x0000,0x00,0,cur_low,0x40,0,0,0x40,0x00,0x84,0x840040,0x00,0x84,0x8400,0xA4,0x75,0x26,0x26,0x8A,0x110000,0x118400,8,0x0FE00,1,1,
3.230794,142478,0x018455,0x0002,0x02,0,vol_l,0x2C,0,0,0x40,0x00,0x84,0x840040,0x00,0x84,0x8400,0xA4,0x75,0x2C,0x26,0x8A,0x110000,0x118400,8,0x0FE00,1,1,
3.230816,142479,0x01845A,0x0003,0x03,0,vol_r,0x2C,0,0,0x40,0x00,0x84,0x840040,0x00,0x84,0x8400,0xA4,0x75,0x2C,0x2C,0x8A,0x110000,0x118400,8,0x0FE00,1,1,
3.230816,142479,0x01845E,0x0004,0x04,0,loop_mid,0x00,1,1,0x40,0x00,0x84,0x840040,0x00,0x84,0x8400,0xA4,0x75,0x2C,0x2C,0x8A,0x110000,0x118400,8,0x0FE00,1,1,
3.230839,142480,0x018463,0x0084,0x84,0,cur_mid,0x00,0,0,0x40,0x00,0x84,0x840040,0x00,0x84,0x8400,0xA4,0x75,0x2C,0x2C,0x8A,0x110000,0x118400,8,0x0FE00,1,1,current_low_write
3.230839,142480,0x018467,0x0005,0x05,0,loop_high,0xA5,1,1,0x40,0x00,0x84,0x840040,0x00,0xA5,0xA500,0xA4,0x75,0x2C,0x2C,0x8A,0x110000,0x118400,8,0x0FE00,1,1,
3.230839,142480,0x01846B,0x0085,0x85,0,cur_high,0xA5,2,2,0x40,0x00,0xA5,0xA50040,0x00,0xA5,0xA500,0xA4,0x75,0x2C,0x2C,0x8A,0x110000,0x11A500,8,0x11F00,1,1,current_pair_complete
3.230862,142481,0x018470,0x0006,0x06,0,end,0xBA,0,0,0x40,0x00,0xA5,0xA50040,0x00,0xA5,0xA500,0xBA,0x75,0x2C,0x2C,0x8A,0x110000,0x11A500,8,0x11F00,1,1,
3.230862,142481,0x018474,0x0086,0x86,0,ctrl,0x8A,1,1,0x40,0x00,0xA5,0xA50040,0x00,0xA5,0xA500,0xBA,0x75,0x2C,0x2C,0x8A,0x110000,0x11A500,8,0x11F00,1,1,retrigger_commit
3.332540,146965,0x0184D3,0x0012,0x12,2,vol_l,0x3F,0,0,0x01,0x00,0x00,0x000001,0x00,0x00,0x0000,0x0C,0x00,0x3F,0x00,0x02,0x00000,0x000000,0,0x00000,1,1,volume_on
3.332562,146966,0x0184D8,0x0013,0x13,2,vol_r,0x3F,0,0,0x01,0x00,0x00,0x000001,0x00,0x00,0x0000,0x0C,0x00,0x3F,0x3F,0x02,0x00000,0x000000,0,0x00000,1,1,
3.332608,146968,0x0184DD,0x0017,0x17,2,delta,0x80,0,0,0x01,0x00,0x00,0x000001,0x00,0x00,0x0000,0x0C,0x80,0x3F,0x3F,0x02,0x00000,0x000000,0,0x00000,1,1,
3.332608,146968,0x0184E1,0x0096,0x96,2,ctrl,0x02,1,1,0x01,0x00,0x00,0x000001,0x00,0x00,0x0000,0x0C,0x80,0x3F,0x3F,0x02,0x00000,0x000000,0,0x00000,1,1,retrigger_commit
3.332902,146981,0x0184E6,0x0032,0x32,6,vol_l,0x09,0,0,0x0B,0x00,0x71,0x71000B,0x00,0x71,0x7100,0x82,0xA0,0x09,0x3F,0x0A,0x10000,0x017100,4,0x07B00,1,1,
3.332902,146981,0x0184EA,0x0033,0x33,6,vol_r,0x09,1,1,0x0B,0x00,0x71,0x71000B,0x00,0x71,0x7100,0x82,0xA0,0x09,0x09,0x0A,0x10000,0x017100,4,0x07B00,1,1,
3.332925,146982,0x0184EF,0x0034,0x34,6,loop_mid,0x00,0,0,0x0B,0x00,0x71,0x71000B,0x00,0x71,0x7100,0x82,0xA0,0x09,0x09,0x0A,0x10000,0x017100,4,0x07B00,1,1,
3.332925,146982,0x0184F3,0x00B4,0xB4,6,cur_mid,0x00,1,1,0x0B,0x00,0x71,0x71000B,0x00,0x71,0x7100,0x82,0xA0,0x09,0x09,0x0A,0x10000,0x017100,4,0x07B00,1,1,current_low_write
3.332925,146982,0x0184F7,0x0035,0x35,6,loop_high,0x71,2,2,0x0B,0x00,0x71,0x71000B,0x00,0x71,0x7100,0x82,0xA0,0x09,0x09,0x0A,0x10000,0x017100,4,0x07B00,1,1,
3.332948,146983,0x0184FC,0x00B5,0xB5,6,cur_high,0x71,0,0,0x0B,0x00,0x71,0x71000B,0x00,0x71,0x7100,0x82,0xA0,0x09,0x09,0x0A,0x10000,0x017100,4,0x07B00,1,1,current_pair_complete
3.332971,146984,0x018501,0x00B6,0xB6,6,ctrl,0x0A,0,0,0x0B,0x00,0x71,0x71000B,0x00,0x71,0x7100,0x82,0xA0,0x09,0x09,0x0A,0x10000,0x017100,4,0x07B00,1,1,retrigger_commit
3.333265,146997,0x018506,0x002C,0x2C,5,loop_mid,0x00,0,0,0x03,0x00,0xEA,0xEA0003,0x00,0xEA,0xEA00,0xF1,0xA0,0x1E,0x0D,0x02,0x00000,0x00EA00,2,0x03C00,1,1,
3.333265,146997,0x01850A,0x00AC,0xAC,5,cur_mid,0x00,1,1,0x03,0x00,0xEA,0xEA0003,0x00,0xEA,0xEA00,0xF1,0xA0,0x1E,0x0D,0x02,0x00000,0x00EA00,2,0x03C00,1,1,current_low_write
3.333265,146997,0x01850E,0x002D,0x2D,5,loop_high,0xEA,2,2,0x03,0x00,0xEA,0xEA0003,0x00,0xEA,0xEA00,0xF1,0xA0,0x1E,0x0D,0x02,0x00000,0x00EA00,2,0x03C00,1,1,
3.333288,146998,0x018513,0x00AD,0xAD,5,cur_high,0xEA,0,0,0x03,0x00,0xEA,0xEA0003,0x00,0xEA,0xEA00,0xF1,0xA0,0x1E,0x0D,0x02,0x00000,0x00EA00,2,0x03C00,1,1,current_pair_complete
3.333311,146999,0x018518,0x00AE,0xAE,5,ctrl,0x02,0,0,0x03,0x00,0xEA,0xEA0003,0x00,0xEA,0xEA00,0xF1,0xA0,0x1E,0x0D,0x02,0x00000,0x00EA00,2,0x03C00,1,1,retrigger_commit
3.333673,147015,0x01851D,0x001A,0x1A,3,vol_l,0x3F,0,0,0x0C,0x00,0x00,0x00000C,0x00,0x00,0x0000,0x5D,0x00,0x3F,0x00,0x12,0x20000,0x020000,5,0x08D00,1,1,volume_on
3.333673,147015,0x018521,0x001B,0x1B,3,vol_r,0x20,1,1,0x0C,0x00,0x00,0x00000C,0x00,0x00,0x0000,0x5D,0x00,0x3F,0x20,0x12,0x20000,0x020000,5,0x08D00,1,1,
3.333719,147017,0x018526,0x001F,0x1F,3,delta,0xA0,0,0,0x0C,0x00,0x00,0x00000C,0x00,0x00,0x0000,0x5D,0xA0,0x3F,0x20,0x12,0x20000,0x020000,5,0x08D00,1,1,
3.333741,147018,0x01852B,0x009E,0x9E,3,ctrl,0x12,0,0,0x0C,0x00,0x00,0x00000C,0x00,0x00,0x0000,0x5D,0xA0,0x3F,0x20,0x12,0x20000,0x020000,5,0x08D00,1,1,control_active
3.538299,156039,0x01854E,0x0012,0x12,2,vol_l,0x00,0,0,0x01,0x00,0x00,0x000001,0x00,0x00,0x0000,0x0C,0x80,0x00,0x3F,0x02,0x00000,0x000000,0,0x00000,1,1,
3.538299,156039,0x018552,0x0013,0x13,2,vol_r,0x00,1,1,0x01,0x00,0x00,0x000001,0x00,0x00,0x0000,0x0C,0x80,0x00,0x00,0x02,0x00000,0x000000,0,0x00000,1,0,
3.538322,156040,0x018557,0x0014,0x14,2,loop_mid,0x00,0,0,0x01,0x00,0x00,0x000001,0x00,0x00,0x0000,0x0C,0x80,0x00,0x00,0x02,0x00000,0x000000,0,0x00000,1,0,
3.538322,156040,0x01855B,0x0094,0x94,2,cur_mid,0x00,1,1,0x01,0x00,0x00,0x000001,0x00,0x00,0x0000,0x0C,0x80,0x00,0x00,0x02,0x00000,0x000000,0,0x00000,1,0,current_low_write
3.538345,156041,0x018560,0x0015,0x15,2,loop_high,0x00,0,0,0x01,0x00,0x00,0x000001,0x00,0x00,0x0000,0x0C,0x80,0x00,0x00,0x02,0x00000,0x000000,0,0x00000,1,0,
3.538345,156041,0x018564,0x0095,0x95,2,cur_high,0x00,1,1,0x01,0x00,0x00,0x000001,0x00,0x00,0x0000,0x0C,0x80,0x00,0x00,0x02,0x00000,0x000000,0,0x00000,1,0,current_pair_complete
3.538367,156042,0x018569,0x0017,0x17,2,delta,0x00,0,0,0x01,0x00,0x00,0x000001,0x00,0x00,0x0000,0x0C,0x00,0x00,0x00,0x02,0x00000,0x000000,0,0x00000,1,0,
3.538367,156042,0x01856D,0x0096,0x96,2,ctrl,0x02,1,1,0x01,0x00,0x00,0x000001,0x00,0x00,0x0000,0x0C,0x00,0x00,0x00,0x02,0x00000,0x000000,0,0x00000,1,0,control_active
3.538662,156055,0x018572,0x0032,0x32,6,vol_l,0x13,0,0,0x0B,0x00,0x71,0x71000B,0x00,0x71,0x7100,0x82,0xA0,0x13,0x09,0x0A,0x10000,0x017100,4,0x07B00,1,1,
3.538662,156055,0x018576,0x0033,0x33,6,vol_r,0x13,1,1,0x0B,0x00,0x71,0x71000B,0x00,0x71,0x7100,0x82,0xA0,0x13,0x13,0x0A,0x10000,0x017100,4,0x07B00,1,1,
3.538685,156056,0x01857B,0x0034,0x34,6,loop_mid,0x00,0,0,0x0B,0x00,0x71,0x71000B,0x00,0x71,0x7100,0x82,0xA0,0x13,0x13,0x0A,0x10000,0x017100,4,0x07B00,1,1,
3.538685,156056,0x01857F,0x00B4,0xB4,6,cur_mid,0x00,1,1,0x0B,0x00,0x71,0x71000B,0x00,0x71,0x7100,0x82,0xA0,0x13,0x13,0x0A,0x10000,0x017100,4,0x07B00,1,1,current_low_write
3.538685,156056,0x018583,0x0035,0x35,6,loop_high,0x71,2,2,0x0B,0x00,0x71,0x71000B,0x00,0x71,0x7100,0x82,0xA0,0x13,0x13,0x0A,0x10000,0x017100,4,0x07B00,1,1,
3.538707,156057,0x018588,0x00B5,0xB5,6,cur_high,0x71,0,0,0x0B,0x00,0x71,0x71000B,0x00,0x71,0x7100,0x82,0xA0,0x13,0x13,0x0A,0x10000,0x017100,4,0x07B00,1,1,current_pair_complete
3.538730,156058,0x01858D,0x00B6,0xB6,6,ctrl,0x0A,0,0,0x0B,0x00,0x71,0x71000B,0x00,0x71,0x7100,0x82,0xA0,0x13,0x13,0x0A,0x10000,0x017100,4,0x07B00,1,1,retrigger_commit
3.539025,156071,0x018592,0x002C,0x2C,5,loop_mid,0x00,0,0,0x03,0x00,0xEA,0xEA0003,0x00,0xEA,0xEA00,0xF1,0xA0,0x1E,0x0D,0x02,0x00000,0x00EA00,2,0x03C00,1,1,
3.539025,156071,0x018596,0x00AC,0xAC,5,cur_mid,0x00,1,1,0x03,0x00,0xEA,0xEA0003,0x00,0xEA,0xEA00,0xF1,0xA0,0x1E,0x0D,0x02,0x00000,0x00EA00,2,0x03C00,1,1,current_low_write
3.539025,156071,0x01859A,0x002D,0x2D,5,loop_high,0xEA,2,2,0x03,0x00,0xEA,0xEA0003,0x00,0xEA,0xEA00,0xF1,0xA0,0x1E,0x0D,0x02,0x00000,0x00EA00,2,0x03C00,1,1,
3.539048,156072,0x01859F,0x00AD,0xAD,5,cur_high,0xEA,0,0,0x03,0x00,0xEA,0xEA0003,0x00,0xEA,0xEA00,0xF1,0xA0,0x1E,0x0D,0x02,0x00000,0x00EA00,2,0x03C00,1,1,current_pair_complete
3.539070,156073,0x0185A4,0x00AE,0xAE,5,ctrl,0x02,0,0,0x03,0x00,0xEA,0xEA0003,0x00,0xEA,0xEA00,0xF1,0xA0,0x1E,0x0D,0x02,0x00000,0x00EA00,2,0x03C00,1,1,retrigger_commit
3.555465,156796,0x0185AB,0x0014,0x14,2,loop_mid,0x00,0,0,0x01,0x00,0x00,0x000001,0x00,0x00,0x0000,0x0C,0x00,0x00,0x00,0x02,0x00000,0x000000,0,0x00000,1,0,
3.555465,156796,0x0185AF,0x0094,0x94,2,cur_mid,0x00,1,1,0x01,0x00,0x00,0x000001,0x00,0x00,0x0000,0x0C,0x00,0x00,0x00,0x02,0x00000,0x000000,0,0x00000,1,0,current_low_write
3.555488,156797,0x0185B4,0x0015,0x15,2,loop_high,0x00,0,0,0x01,0x00,0x00,0x000001,0x00,0x00,0x0000,0x0C,0x00,0x00,0x00,0x02,0x00000,0x000000,0,0x00000,1,0,
3.555488,156797,0x0185B8,0x0095,0x95,2,cur_high,0x00,1,1,0x01,0x00,0x00,0x000001,0x00,0x00,0x0000,0x0C,0x00,0x00,0x00,0x02,0x00000,0x000000,0,0x00000,1,0,current_pair_complete
3.641565,160593,0x0185C9,0x0032,0x32,6,vol_l,0x09,0,0,0x0B,0x00,0x71,0x71000B,0x00,0x71,0x7100,0x82,0xA0,0x09,0x13,0x0A,0x10000,0x017100,4,0x07B00,1,1,
3.641565,160593,0x0185CD,0x0033,0x33,6,vol_r,0x09,1,1,0x0B,0x00,0x71,0x71000B,0x00,0x71,0x7100,0x82,0xA0,0x09,0x09,0x0A,0x10000,0x017100,4,0x07B00,1,1,
3.641587,160594,0x0185D2,0x0034,0x34,6,loop_mid,0x00,0,0,0x0B,0x00,0x71,0x71000B,0x00,0x71,0x7100,0x82,0xA0,0x09,0x09,0x0A,0x10000,0x017100,4,0x07B00,1,1,
3.641587,160594,0x0185D6,0x00B4,0xB4,6,cur_mid,0x00,1,1,0x0B,0x00,0x71,0x71000B,0x00,0x71,0x7100,0x82,0xA0,0x09,0x09,0x0A,0x10000,0x017100,4,0x07B00,1,1,current_low_write
3.641587,160594,0x0185DA,0x0035,0x35,6,loop_high,0x71,2,2,0x0B,0x00,0x71,0x71000B,0x00,0x71,0x7100,0x82,0xA0,0x09,0x09,0x0A,0x10000,0x017100,4,0x07B00,1,1,
3.641610,160595,0x0185DF,0x00B5,0xB5,6,cur_high,0x71,0,0,0x0B,0x00,0x71,0x71000B,0x00,0x71,0x7100,0x82,0xA0,0x09,0x09,0x0A,0x10000,0x017100,4,0x07B00,1,1,current_pair_complete
3.641633,160596,0x0185E4,0x00B6,0xB6,6,ctrl,0x0A,0,0,0x0B,0x00,0x71,0x71000B,0x00,0x71,0x7100,0x82,0xA0,0x09,0x09,0x0A,0x10000,0x017100,4,0x07B00,1,1,retrigger_commit
3.744399,165128,0x0185F1,0x0034,0x34,6,loop_mid,0x00,0,0,0x0B,0x00,0x71,0x71000B,0x00,0x71,0x7100,0x82,0xA0,0x09,0x09,0x0A,0x10000,0x017100,4,0x07B00,1,1,
3.744399,165128,0x0185F5,0x00B4,0xB4,6,cur_mid,0x00,1,1,0x0B,0x00,0x71,0x71000B,0x00,0x71,0x7100,0x82,0xA0,0x09,0x09,0x0A,0x10000,0x017100,4,0x07B00,1,1,current_low_write
3.744422,165129,0x0185FA,0x0035,0x35,6,loop_high,0x71,0,0,0x0B,0x00,0x71,0x71000B,0x00,0x71,0x7100,0x82,0xA0,0x09,0x09,0x0A,0x10000,0x017100,4,0x07B00,1,1,
3.744422,165129,0x0185FE,0x00B5,0xB5,6,cur_high,0x71,1,1,0x0B,0x00,0x71,0x71000B,0x00,0x71,0x7100,0x82,0xA0,0x09,0x09,0x0A,0x10000,0x017100,4,0x07B00,1,1,current_pair_complete
3.744444,165130,0x018603,0x00B6,0xB6,6,ctrl,0x0A,0,0,0x0B,0x00,0x71,0x71000B,0x00,0x71,0x7100,0x82,0xA0,0x09,0x09,0x0A,0x10000,0x017100,4,0x07B00,1,1,retrigger_commit
3.744739,165143,0x018608,0x002C,0x2C,5,loop_mid,0x00,0,0,0x03,0x00,0xEA,0xEA0003,0x00,0xEA,0xEA00,0xF1,0xA0,0x1E,0x0D,0x02,0x00000,0x00EA00,2,0x03C00,1,1,
3.744739,165143,0x01860C,0x00AC,0xAC,5,cur_mid,0x00,1,1,0x03,0x00,0xEA,0xEA0003,0x00,0xEA,0xEA00,0xF1,0xA0,0x1E,0x0D,0x02,0x00000,0x00EA00,2,0x03C00,1,1,current_low_write
3.744762,165144,0x018611,0x002D,0x2D,5,loop_high,0xEA,0,0,0x03,0x00,0xEA,0xEA0003,0x00,0xEA,0xEA00,0xF1,0xA0,0x1E,0x0D,0x02,0x00000,0x00EA00,2,0x03C00,1,1,
3.744762,165144,0x018615,0x00AD,0xAD,5,cur_high,0xEA,1,1,0x03,0x00,0xEA,0xEA0003,0x00,0xEA,0xEA00,0xF1,0xA0,0x1E,0x0D,0x02,0x00000,0x00EA00,2,0x03C00,1,1,current_pair_complete
3.744785,165145,0x01861A,0x00AE,0xAE,5,ctrl,0x02,0,0,0x03,0x00,0xEA,0xEA0003,0x00,0xEA,0xEA00,0xF1,0xA0,0x1E,0x0D,0x02,0x00000,0x00EA00,2,0x03C00,1,1,retrigger_commit
3.847324,169667,0x018621,0x0034,0x34,6,loop_mid,0x00,0,0,0x0B,0x00,0x71,0x71000B,0x00,0x71,0x7100,0x82,0xA0,0x09,0x09,0x0A,0x10000,0x017100,4,0x07B00,1,1,
3.847324,169667,0x018625,0x00B4,0xB4,6,cur_mid,0x00,1,1,0x0B,0x00,0x71,0x71000B,0x00,0x71,0x7100,0x82,0xA0,0x09,0x09,0x0A,0x10000,0x017100,4,0x07B00,1,1,current_low_write
3.847324,169667,0x018629,0x0035,0x35,6,loop_high,0x71,2,2,0x0B,0x00,0x71,0x71000B,0x00,0x71,0x7100,0x82,0xA0,0x09,0x09,0x0A,0x10000,0x017100,4,0x07B00,1,1,
3.847347,169668,0x01862E,0x00B5,0xB5,6,cur_high,0x71,0,0,0x0B,0x00,0x71,0x71000B,0x00,0x71,0x7100,0x82,0xA0,0x09,0x09,0x0A,0x10000,0x017100,4,0x07B00,1,1,current_pair_complete
3.847370,169669,0x018633,0x00B6,0xB6,6,ctrl,0x0A,0,0,0x0B,0x00,0x71,0x71000B,0x00,0x71,0x7100,0x82,0xA0,0x09,0x09,0x0A,0x10000,0x017100,4,0x07B00,1,1,retrigger_commit
3.950204,174204,0x01863A,0x0032,0x32,6,vol_l,0x3F,0,0,0x0B,0x00,0x71,0x71000B,0x00,0x71,0x7100,0x82,0xA0,0x3F,0x09,0x0A,0x10000,0x017100,4,0x07B00,1,1,
3.950227,174205,0x01863F,0x0033,0x33,6,vol_r,0x3F,0,0,0x0B,0x00,0x71,0x71000B,0x00,0x71,0x7100,0x82,0xA0,0x3F,0x3F,0x0A,0x10000,0x017100,4,0x07B00,1,1,
3.950227,174205,0x018643,0x0034,0x34,6,loop_mid,0x00,1,1,0x0B,0x00,0x71,0x71000B,0x00,0x71,0x7100,0x82,0xA0,0x3F,0x3F,0x0A,0x10000,0x017100,4,0x07B00,1,1,
3.950227,174205,0x018647,0x00B4,0xB4,6,cur_mid,0x00,2,2,0x0B,0x00,0x71,0x71000B,0x00,0x71,0x7100,0x82,0xA0,0x3F,0x3F,0x0A,0x10000,0x017100,4,0x07B00,1,1,current_low_write
3.950249,174206,0x01864C,0x0035,0x35,6,loop_high,0x71,0,0,0x0B,0x00,0x71,0x71000B,0x00,0x71,0x7100,0x82,0xA0,0x3F,0x3F,0x0A,0x10000,0x017100,4,0x07B00,1,1,
3.950249,174206,0x018650,0x00B5,0xB5,6,cur_high,0x71,1,1,0x0B,0x00,0x71,0x71000B,0x00,0x71,0x7100,0x82,0xA0,0x3F,0x3F,0x0A,0x10000,0x017100,4,0x07B00,1,1,current_pair_complete
3.950272,174207,0x018655,0x00B6,0xB6,6,ctrl,0x0A,0,0,0x0B,0x00,0x71,0x71000B,0x00,0x71,0x7100,0x82,0xA0,0x3F,0x3F,0x0A,0x10000,0x017100,4,0x07B00,1,1,retrigger_commit
3.950567,174220,0x01865A,0x002C,0x2C,5,loop_mid,0x00,0,0,0x03,0x00,0xEA,0xEA0003,0x00,0xEA,0xEA00,0xF1,0xA0,0x1E,0x0D,0x02,0x00000,0x00EA00,2,0x03C00,1,1,
3.950567,174220,0x01865E,0x00AC,0xAC,5,cur_mid,0x00,1,1,0x03,0x00,0xEA,0xEA0003,0x00,0xEA,0xEA00,0xF1,0xA0,0x1E,0x0D,0x02,0x00000,0x00EA00,2,0x03C00,1,1,current_low_write
3.950590,174221,0x018663,0x002D,0x2D,5,loop_high,0xEA,0,0,0x03,0x00,0xEA,0xEA0003,0x00,0xEA,0xEA00,0xF1,0xA0,0x1E,0x0D,0x02,0x00000,0x00EA00,2,0x03C00,1,1,
3.950590,174221,0x018667,0x00AD,0xAD,5,cur_high,0xEA,1,1,0x03,0x00,0xEA,0xEA0003,0x00,0xEA,0xEA00,0xF1,0xA0,0x1E,0x0D,0x02,0x00000,0x00EA00,2,0x03C00,1,1,current_pair_complete
3.950612,174222,0x01866C,0x00AE,0xAE,5,ctrl,0x02,0,0,0x03,0x00,0xEA,0xEA0003,0x00,0xEA,0xEA00,0xF1,0xA0,0x1E,0x0D,0x02,0x00000,0x00EA00,2,0x03C00,1,1,retrigger_commit
4.156032,183281,0x018673,0x0032,0x32,6,vol_l,0x09,0,0,0x0B,0x00,0x71,0x71000B,0x00,0x71,0x7100,0x82,0xA0,0x09,0x3F,0x0A,0x10000,0x017100,4,0x07B00,1,1,
4.156054,183282,0x018678,0x0033,0x33,6,vol_r,0x09,0,0,0x0B,0x00,0x71,0x71000B,0x00,0x71,0x7100,0x82,0xA0,0x09,0x09,0x0A,0x10000,0x017100,4,0x07B00,1,1,
4.156054,183282,0x01867C,0x0034,0x34,6,loop_mid,0x00,1,1,0x0B,0x00,0x71,0x71000B,0x00,0x71,0x7100,0x82,0xA0,0x09,0x09,0x0A,0x10000,0x017100,4,0x07B00,1,1,
4.156054,183282,0x018680,0x00B4,0xB4,6,cur_mid,0x00,2,2,0x0B,0x00,0x71,0x71000B,0x00,0x71,0x7100,0x82,0xA0,0x09,0x09,0x0A,0x10000,0x017100,4,0x07B00,1,1,current_low_write
4.156077,183283,0x018685,0x0035,0x35,6,loop_high,0x71,0,0,0x0B,0x00,0x71,0x71000B,0x00,0x71,0x7100,0x82,0xA0,0x09,0x09,0x0A,0x10000,0x017100,4,0x07B00,1,1,
4.156077,183283,0x018689,0x00B5,0xB5,6,cur_high,0x71,1,1,0x0B,0x00,0x71,0x71000B,0x00,0x71,0x7100,0x82,0xA0,0x09,0x09,0x0A,0x10000,0x017100,4,0x07B00,1,1,current_pair_complete
4.156100,183284,0x01868E,0x00B6,0xB6,6,ctrl,0x0A,0,0,0x0B,0x00,0x71,0x71000B,0x00,0x71,0x7100,0x82,0xA0,0x09,0x09,0x0A,0x10000,0x017100,4,0x07B00,1,1,retrigger_commit
4.156395,183297,0x018693,0x002C,0x2C,5,loop_mid,0x00,0,0,0x03,0x00,0xEA,0xEA0003,0x00,0xEA,0xEA00,0xF1,0xA0,0x1E,0x0D,0x02,0x00000,0x00EA00,2,0x03C00,1,1,
4.156395,183297,0x018697,0x00AC,0xAC,5,cur_mid,0x00,1,1,0x03,0x00,0xEA,0xEA0003,0x00,0xEA,0xEA00,0xF1,0xA0,0x1E,0x0D,0x02,0x00000,0x00EA00,2,0x03C00,1,1,current_low_write
4.156417,183298,0x01869C,0x002D,0x2D,5,loop_high,0xEA,0,0,0x03,0x00,0xEA,0xEA0003,0x00,0xEA,0xEA00,0xF1,0xA0,0x1E,0x0D,0x02,0x00000,0x00EA00,2,0x03C00,1,1,
4.156417,183298,0x0186A0,0x00AD,0xAD,5,cur_high,0xEA,1,1,0x03,0x00,0xEA,0xEA0003,0x00,0xEA,0xEA00,0xF1,0xA0,0x1E,0x0D,0x02,0x00000,0x00EA00,2,0x03C00,1,1,current_pair_complete
4.156440,183299,0x0186A5,0x00AE,0xAE,5,ctrl,0x02,0,0,0x03,0x00,0xEA,0xEA0003,0x00,0xEA,0xEA00,0xF1,0xA0,0x1E,0x0D,0x02,0x00000,0x00EA00,2,0x03C00,1,1,retrigger_commit
4.258980,187821,0x0186AC,0x0034,0x34,6,loop_mid,0x00,0,0,0x0B,0x00,0x71,0x71000B,0x00,0x71,0x7100,0x82,0xA0,0x09,0x09,0x0A,0x10000,0x017100,4,0x07B00,1,1,
4.258980,187821,0x0186B0,0x00B4,0xB4,6,cur_mid,0x00,1,1,0x0B,0x00,0x71,0x71000B,0x00,0x71,0x7100,0x82,0xA0,0x09,0x09,0x0A,0x10000,0x017100,4,0x07B00,1,1,current_low_write
4.258980,187821,0x0186B4,0x0035,0x35,6,loop_high,0x71,2,2,0x0B,0x00,0x71,0x71000B,0x00,0x71,0x7100,0x82,0xA0,0x09,0x09,0x0A,0x10000,0x017100,4,0x07B00,1,1,
4.259002,187822,0x0186B9,0x00B5,0xB5,6,cur_high,0x71,0,0,0x0B,0x00,0x71,0x71000B,0x00,0x71,0x7100,0x82,0xA0,0x09,0x09,0x0A,0x10000,0x017100,4,0x07B00,1,1,current_pair_complete
4.259025,187823,0x0186BE,0x00B6,0xB6,6,ctrl,0x0A,0,0,0x0B,0x00,0x71,0x71000B,0x00,0x71,0x7100,0x82,0xA0,0x09,0x09,0x0A,0x10000,0x017100,4,0x07B00,1,1,retrigger_commit
4.361610,192347,0x0186CB,0x0012,0x12,2,vol_l,0x3F,0,0,0x01,0x00,0x00,0x000001,0x00,0x00,0x0000,0x0C,0x00,0x3F,0x00,0x02,0x00000,0x000000,0,0x00000,1,1,volume_on
4.361633,192348,0x0186D0,0x0013,0x13,2,vol_r,0x3F,0,0,0x01,0x00,0x00,0x000001,0x00,0x00,0x0000,0x0C,0x00,0x3F,0x3F,0x02,0x00000,0x000000,0,0x00000,1,1,
4.361678,192350,0x0186D5,0x0017,0x17,2,delta,0x80,0,0,0x01,0x00,0x00,0x000001,0x00,0x00,0x0000,0x0C,0x80,0x3F,0x3F,0x02,0x00000,0x000000,0,0x00000,1,1,
4.361678,192350,0x0186D9,0x0096,0x96,2,ctrl,0x02,1,1,0x01,0x00,0x00,0x000001,0x00,0x00,0x0000,0x0C,0x80,0x3F,0x3F,0x02,0x00000,0x000000,0,0x00000,1,1,retrigger_commit
4.361995,192364,0x0186DE,0x0034,0x34,6,loop_mid,0x00,0,0,0x0B,0x00,0x71,0x71000B,0x00,0x71,0x7100,0x82,0xA0,0x09,0x09,0x0A,0x10000,0x017100,4,0x07B00,1,1,
4.361995,192364,0x0186E2,0x00B4,0xB4,6,cur_mid,0x00,1,1,0x0B,0x00,0x71,0x71000B,0x00,0x71,0x7100,0x82,0xA0,0x09,0x09,0x0A,0x10000,0x017100,4,0x07B00,1,1,current_low_write
4.361995,192364,0x0186E6,0x0035,0x35,6,loop_high,0x71,2,2,0x0B,0x00,0x71,0x71000B,0x00,0x71,0x7100,0x82,0xA0,0x09,0x09,0x0A,0x10000,0x017100,4,0x07B00,1,1,
4.362018,192365,0x0186EB,0x00B5,0xB5,6,cur_high,0x71,0,0,0x0B,0x00,0x71,0x71000B,0x00,0x71,0x7100,0x82,0xA0,0x09,0x09,0x0A,0x10000,0x017100,4,0x07B00,1,1,current_pair_complete
4.362041,192366,0x0186F0,0x00B6,0xB6,6,ctrl,0x0A,0,0,0x0B,0x00,0x71,0x71000B,0x00,0x71,0x7100,0x82,0xA0,0x09,0x09,0x0A,0x10000,0x017100,4,0x07B00,1,1,retrigger_commit
4.362336,192379,0x0186F5,0x002C,0x2C,5,loop_mid,0x00,0,0,0x03,0x00,0xEA,0xEA0003,0x00,0xEA,0xEA00,0xF1,0xA0,0x1E,0x0D,0x02,0x00000,0x00EA00,2,0x03C00,1,1,
4.362336,192379,0x0186F9,0x00AC,0xAC,5,cur_mid,0x00,1,1,0x03,0x00,0xEA,0xEA0003,0x00,0xEA,0xEA00,0xF1,0xA0,0x1E,0x0D,0x02,0x00000,0x00EA00,2,0x03C00,1,1,current_low_write
4.362336,192379,0x0186FD,0x002D,0x2D,5,loop_high,0xEA,2,2,0x03,0x00,0xEA,0xEA0003,0x00,0xEA,0xEA00,0xF1,0xA0,0x1E,0x0D,0x02,0x00000,0x00EA00,2,0x03C00,1,1,
4.362358,192380,0x018702,0x00AD,0xAD,5,cur_high,0xEA,0,0,0x03,0x00,0xEA,0xEA0003,0x00,0xEA,0xEA00,0xF1,0xA0,0x1E,0x0D,0x02,0x00000,0x00EA00,2,0x03C00,1,1,current_pair_complete
4.362381,192381,0x018707,0x00AE,0xAE,5,ctrl,0x02,0,0,0x03,0x00,0xEA,0xEA0003,0x00,0xEA,0xEA00,0xF1,0xA0,0x1E,0x0D,0x02,0x00000,0x00EA00,2,0x03C00,1,1,retrigger_commit
4.362721,192396,0x01870C,0x001A,0x1A,3,vol_l,0x00,0,0,0x0C,0x00,0x00,0x00000C,0x00,0x00,0x0000,0x5D,0xA0,0x00,0x20,0x12,0x20000,0x020000,5,0x08D00,1,1,
4.362721,192396,0x018710,0x001B,0x1B,3,vol_r,0x00,1,1,0x0C,0x00,0x00,0x00000C,0x00,0x00,0x0000,0x5D,0xA0,0x00,0x00,0x12,0x20000,0x020000,5,0x08D00,1,0,
4.362744,192397,0x018715,0x001C,0x1C,3,loop_mid,0x00,0,0,0x0C,0x00,0x00,0x00000C,0x00,0x00,0x0000,0x5D,0xA0,0x00,0x00,0x12,0x20000,0x020000,5,0x08D00,1,0,
4.362744,192397,0x018719,0x009C,0x9C,3,cur_mid,0x00,1,1,0x0C,0x00,0x00,0x00000C,0x00,0x00,0x0000,0x5D,0xA0,0x00,0x00,0x12,0x20000,0x020000,5,0x08D00,1,0,current_low_write
4.362744,192397,0x01871D,0x001D,0x1D,3,loop_high,0x00,2,2,0x0C,0x00,0x00,0x00000C,0x00,0x00,0x0000,0x5D,0xA0,0x00,0x00,0x12,0x20000,0x020000,5,0x08D00,1,0,
4.362744,192397,0x018721,0x009D,0x9D,3,cur_high,0x00,3,3,0x0C,0x00,0x00,0x00000C,0x00,0x00,0x0000,0x5D,0xA0,0x00,0x00,0x12,0x20000,0x020000,5,0x08D00,1,0,current_pair_complete
4.362766,192398,0x018726,0x001F,0x1F,3,delta,0x00,0,0,0x0C,0x00,0x00,0x00000C,0x00,0x00,0x0000,0x5D,0x00,0x00,0x00,0x12,0x20000,0x020000,5,0x08D00,1,0,
4.362789,192399,0x01872B,0x009E,0x9E,3,ctrl,0x12,0,0,0x0C,0x00,0x00,0x00000C,0x00,0x00,0x0000,0x5D,0x00,0x00,0x00,0x12,0x20000,0x020000,5,0x08D00,1,0,control_active
4.379365,193130,0x018732,0x001C,0x1C,3,loop_mid,0x00,0,0,0x0C,0x00,0x00,0x00000C,0x00,0x00,0x0000,0x5D,0x00,0x00,0x00,0x12,0x20000,0x020000,5,0x08D00,1,0,
4.379365,193130,0x018736,0x009C,0x9C,3,cur_mid,0x00,1,1,0x0C,0x00,0x00,0x00000C,0x00,0x00,0x0000,0x5D,0x00,0x00,0x00,0x12,0x20000,0x020000,5,0x08D00,1,0,current_low_write
4.379365,193130,0x01873A,0x001D,0x1D,3,loop_high,0x00,2,2,0x0C,0x00,0x00,0x00000C,0x00,0x00,0x0000,0x5D,0x00,0x00,0x00,0x12,0x20000,0x020000,5,0x08D00,1,0,
4.379365,193130,0x01873E,0x009D,0x9D,3,cur_high,0x00,3,3,0x0C,0x00,0x00,0x00000C,0x00,0x00,0x0000,0x5D,0x00,0x00,0x00,0x12,0x20000,0x020000,5,0x08D00,1,0,current_pair_complete
4.464535,196886,0x01874F,0x0014,0x14,2,loop_mid,0x00,0,0,0x01,0x00,0x00,0x000001,0x00,0x00,0x0000,0x0C,0x80,0x3F,0x3F,0x02,0x00000,0x000000,0,0x00000,1,1,
4.464535,196886,0x018753,0x0094,0x94,2,cur_mid,0x00,1,1,0x01,0x00,0x00,0x000001,0x00,0x00,0x0000,0x0C,0x80,0x3F,0x3F,0x02,0x00000,0x000000,0,0x00000,1,1,current_low_write
4.464558,196887,0x018758,0x0015,0x15,2,loop_high,0x00,0,0,0x01,0x00,0x00,0x000001,0x00,0x00,0x0000,0x0C,0x80,0x3F,0x3F,0x02,0x00000,0x000000,0,0x00000,1,1,
4.464558,196887,0x01875C,0x0095,0x95,2,cur_high,0x00,1,1,0x01,0x00,0x00,0x000001,0x00,0x00,0x0000,0x0C,0x80,0x3F,0x3F,0x02,0x00000,0x000000,0,0x00000,1,1,current_pair_complete
4.464580,196888,0x018761,0x0096,0x96,2,ctrl,0x02,0,0,0x01,0x00,0x00,0x000001,0x00,0x00,0x0000,0x0C,0x80,0x3F,0x3F,0x02,0x00000,0x000000,0,0x00000,1,1,retrigger_commit
4.464898,196902,0x018766,0x0034,0x34,6,loop_mid,0x00,0,0,0x0B,0x00,0x71,0x71000B,0x00,0x71,0x7100,0x82,0xA0,0x09,0x09,0x0A,0x10000,0x017100,4,0x07B00,1,1,
4.464898,196902,0x01876A,0x00B4,0xB4,6,cur_mid,0x00,1,1,0x0B,0x00,0x71,0x71000B,0x00,0x71,0x7100,0x82,0xA0,0x09,0x09,0x0A,0x10000,0x017100,4,0x07B00,1,1,current_low_write
4.464898,196902,0x01876E,0x0035,0x35,6,loop_high,0x71,2,2,0x0B,0x00,0x71,0x71000B,0x00,0x71,0x7100,0x82,0xA0,0x09,0x09,0x0A,0x10000,0x017100,4,0x07B00,1,1,
4.464921,196903,0x018773,0x00B5,0xB5,6,cur_high,0x71,0,0,0x0B,0x00,0x71,0x71000B,0x00,0x71,0x7100,0x82,0xA0,0x09,0x09,0x0A,0x10000,0x017100,4,0x07B00,1,1,current_pair_complete
4.464943,196904,0x018778,0x00B6,0xB6,6,ctrl,0x0A,0,0,0x0B,0x00,0x71,0x71000B,0x00,0x71,0x7100,0x82,0xA0,0x09,0x09,0x0A,0x10000,0x017100,4,0x07B00,1,1,retrigger_commit
4.567574,201430,0x018785,0x0034,0x34,6,loop_mid,0x00,0,0,0x0B,0x00,0x71,0x71000B,0x00,0x71,0x7100,0x82,0xA0,0x09,0x09,0x0A,0x10000,0x017100,4,0x07B00,1,1,
4.567574,201430,0x018789,0x00B4,0xB4,6,cur_mid,0x00,1,1,0x0B,0x00,0x71,0x71000B,0x00,0x71,0x7100,0x82,0xA0,0x09,0x09,0x0A,0x10000,0x017100,4,0x07B00,1,1,current_low_write
4.567596,201431,0x01878E,0x0035,0x35,6,loop_high,0x71,0,0,0x0B,0x00,0x71,0x71000B,0x00,0x71,0x7100,0x82,0xA0,0x09,0x09,0x0A,0x10000,0x017100,4,0x07B00,1,1,
4.567596,201431,0x018792,0x00B5,0xB5,6,cur_high,0x71,1,1,0x0B,0x00,0x71,0x71000B,0x00,0x71,0x7100,0x82,0xA0,0x09,0x09,0x0A,0x10000,0x017100,4,0x07B00,1,1,current_pair_complete
4.567619,201432,0x018797,0x00B6,0xB6,6,ctrl,0x0A,0,0,0x0B,0x00,0x71,0x71000B,0x00,0x71,0x7100,0x82,0xA0,0x09,0x09,0x0A,0x10000,0x017100,4,0x07B00,1,1,retrigger_commit
4.567914,201445,0x01879C,0x002C,0x2C,5,loop_mid,0x00,0,0,0x03,0x00,0xEA,0xEA0003,0x00,0xEA,0xEA00,0xF1,0xA0,0x1E,0x0D,0x02,0x00000,0x00EA00,2,0x03C00,1,1,
4.567914,201445,0x0187A0,0x00AC,0xAC,5,cur_mid,0x00,1,1,0x03,0x00,0xEA,0xEA0003,0x00,0xEA,0xEA00,0xF1,0xA0,0x1E,0x0D,0x02,0x00000,0x00EA00,2,0x03C00,1,1,current_low_write
4.567937,201446,0x0187A5,0x002D,0x2D,5,loop_high,0xEA,0,0,0x03,0x00,0xEA,0xEA0003,0x00,0xEA,0xEA00,0xF1,0xA0,0x1E,0x0D,0x02,0x00000,0x00EA00,2,0x03C00,1,1,
4.567937,201446,0x0187A9,0x00AD,0xAD,5,cur_high,0xEA,1,1,0x03,0x00,0xEA,0xEA0003,0x00,0xEA,0xEA00,0xF1,0xA0,0x1E,0x0D,0x02,0x00000,0x00EA00,2,0x03C00,1,1,current_pair_complete
4.567959,201447,0x0187AE,0x00AE,0xAE,5,ctrl,0x02,0,0,0x03,0x00,0xEA,0xEA0003,0x00,0xEA,0xEA00,0xF1,0xA0,0x1E,0x0D,0x02,0x00000,0x00EA00,2,0x03C00,1,1,retrigger_commit
4.670499,205969,0x0187B5,0x0034,0x34,6,loop_mid,0x00,0,0,0x0B,0x00,0x71,0x71000B,0x00,0x71,0x7100,0x82,0xA0,0x09,0x09,0x0A,0x10000,0x017100,4,0x07B00,1,1,
4.670499,205969,0x0187B9,0x00B4,0xB4,6,cur_mid,0x00,1,1,0x0B,0x00,0x71,0x71000B,0x00,0x71,0x7100,0x82,0xA0,0x09,0x09,0x0A,0x10000,0x017100,4,0x07B00,1,1,current_low_write
4.670499,205969,0x0187BD,0x0035,0x35,6,loop_high,0x71,2,2,0x0B,0x00,0x71,0x71000B,0x00,0x71,0x7100,0x82,0xA0,0x09,0x09,0x0A,0x10000,0x017100,4,0x07B00,1,1,
4.670499,205969,0x0187C1,0x00B5,0xB5,6,cur_high,0x71,3,3,0x0B,0x00,0x71,0x71000B,0x00,0x71,0x7100,0x82,0xA0,0x09,0x09,0x0A,0x10000,0x017100,4,0x07B00,1,1,current_pair_complete
4.670544,205971,0x0187C6,0x00B6,0xB6,6,ctrl,0x0A,0,0,0x0B,0x00,0x71,0x71000B,0x00,0x71,0x7100,0x82,0xA0,0x09,0x09,0x0A,0x10000,0x017100,4,0x07B00,1,1,retrigger_commit
4.773152,210496,0x0187CD,0x0012,0x12,2,vol_l,0x00,0,0,0x01,0x00,0x00,0x000001,0x00,0x00,0x0000,0x0C,0x80,0x00,0x3F,0x02,0x00000,0x000000,0,0x00000,1,1,
4.773152,210496,0x0187D1,0x0013,0x13,2,vol_r,0x00,1,1,0x01,0x00,0x00,0x000001,0x00,0x00,0x0000,0x0C,0x80,0x00,0x00,0x02,0x00000,0x000000,0,0x00000,1,0,
4.773175,210497,0x0187D6,0x0014,0x14,2,loop_mid,0x00,0,0,0x01,0x00,0x00,0x000001,0x00,0x00,0x0000,0x0C,0x80,0x00,0x00,0x02,0x00000,0x000000,0,0x00000,1,0,
4.773175,210497,0x0187DA,0x0094,0x94,2,cur_mid,0x00,1,1,0x01,0x00,0x00,0x000001,0x00,0x00,0x0000,0x0C,0x80,0x00,0x00,0x02,0x00000,0x000000,0,0x00000,1,0,current_low_write
4.773197,210498,0x0187DF,0x0015,0x15,2,loop_high,0x00,0,0,0x01,0x00,0x00,0x000001,0x00,0x00,0x0000,0x0C,0x80,0x00,0x00,0x02,0x00000,0x000000,0,0x00000,1,0,
4.773197,210498,0x0187E3,0x0095,0x95,2,cur_high,0x00,1,1,0x01,0x00,0x00,0x000001,0x00,0x00,0x0000,0x0C,0x80,0x00,0x00,0x02,0x00000,0x000000,0,0x00000,1,0,current_pair_complete
4.773220,210499,0x0187E8,0x0017,0x17,2,delta,0x00,0,0,0x01,0x00,0x00,0x000001,0x00,0x00,0x0000,0x0C,0x00,0x00,0x00,0x02,0x00000,0x000000,0,0x00000,1,0,
4.773220,210499,0x0187EC,0x0096,0x96,2,ctrl,0x02,1,1,0x01,0x00,0x00,0x000001,0x00,0x00,0x0000,0x0C,0x00,0x00,0x00,0x02,0x00000,0x000000,0,0x00000,1,0,control_active
4.773515,210512,0x0187F1,0x0032,0x32,6,vol_l,0x3F,0,0,0x0B,0x00,0x71,0x71000B,0x00,0x71,0x7100,0x82,0xA0,0x3F,0x09,0x0A,0x10000,0x017100,4,0x07B00,1,1,
4.773515,210512,0x0187F5,0x0033,0x33,6,vol_r,0x3F,1,1,0x0B,0x00,0x71,0x71000B,0x00,0x71,0x7100,0x82,0xA0,0x3F,0x3F,0x0A,0x10000,0x017100,4,0x07B00,1,1,
4.773537,210513,0x0187FA,0x0034,0x34,6,loop_mid,0x00,0,0,0x0B,0x00,0x71,0x71000B,0x00,0x71,0x7100,0x82,0xA0,0x3F,0x3F,0x0A,0x10000,0x017100,4,0x07B00,1,1,
4.773537,210513,0x0187FE,0x00B4,0xB4,6,cur_mid,0x00,1,1,0x0B,0x00,0x71,0x71000B,0x00,0x71,0x7100,0x82,0xA0,0x3F,0x3F,0x0A,0x10000,0x017100,4,0x07B00,1,1,current_low_write
4.773537,210513,0x018802,0x0035,0x35,6,loop_high,0x71,2,2,0x0B,0x00,0x71,0x71000B,0x00,0x71,0x7100,0x82,0xA0,0x3F,0x3F,0x0A,0x10000,0x017100,4,0x07B00,1,1,
4.773560,210514,0x018807,0x00B5,0xB5,6,cur_high,0x71,0,0,0x0B,0x00,0x71,0x71000B,0x00,0x71,0x7100,0x82,0xA0,0x3F,0x3F,0x0A,0x10000,0x017100,4,0x07B00,1,1,current_pair_complete
4.773583,210515,0x01880C,0x00B6,0xB6,6,ctrl,0x0A,0,0,0x0B,0x00,0x71,0x71000B,0x00,0x71,0x7100,0x82,0xA0,0x3F,0x3F,0x0A,0x10000,0x017100,4,0x07B00,1,1,retrigger_commit
4.773878,210528,0x018811,0x002C,0x2C,5,loop_mid,0x00,0,0,0x03,0x00,0xEA,0xEA0003,0x00,0xEA,0xEA00,0xF1,0xA0,0x1E,0x0D,0x02,0x00000,0x00EA00,2,0x03C00,1,1,
4.773878,210528,0x018815,0x00AC,0xAC,5,cur_mid,0x00,1,1,0x03,0x00,0xEA,0xEA0003,0x00,0xEA,0xEA00,0xF1,0xA0,0x1E,0x0D,0x02,0x00000,0x00EA00,2,0x03C00,1,1,current_low_write
4.773878,210528,0x018819,0x002D,0x2D,5,loop_high,0xEA,2,2,0x03,0x00,0xEA,0xEA0003,0x00,0xEA,0xEA00,0xF1,0xA0,0x1E,0x0D,0x02,0x00000,0x00EA00,2,0x03C00,1,1,
4.773900,210529,0x01881E,0x00AD,0xAD,5,cur_high,0xEA,0,0,0x03,0x00,0xEA,0xEA0003,0x00,0xEA,0xEA00,0xF1,0xA0,0x1E,0x0D,0x02,0x00000,0x00EA00,2,0x03C00,1,1,current_pair_complete
4.773923,210530,0x018823,0x00AE,0xAE,5,ctrl,0x02,0,0,0x03,0x00,0xEA,0xEA0003,0x00,0xEA,0xEA00,0xF1,0xA0,0x1E,0x0D,0x02,0x00000,0x00EA00,2,0x03C00,1,1,retrigger_commit
4.790317,211253,0x01882A,0x0014,0x14,2,loop_mid,0x00,0,0,0x01,0x00,0x00,0x000001,0x00,0x00,0x0000,0x0C,0x00,0x00,0x00,0x02,0x00000,0x000000,0,0x00000,1,0,
4.790340,211254,0x01882F,0x0094,0x94,2,cur_mid,0x00,0,0,0x01,0x00,0x00,0x000001,0x00,0x00,0x0000,0x0C,0x00,0x00,0x00,0x02,0x00000,0x000000,0,0x00000,1,0,current_low_write
4.790340,211254,0x018833,0x0015,0x15,2,loop_high,0x00,1,1,0x01,0x00,0x00,0x000001,0x00,0x00,0x0000,0x0C,0x00,0x00,0x00,0x02,0x00000,0x000000,0,0x00000,1,0,
4.790340,211254,0x018837,0x0095,0x95,2,cur_high,0x00,2,2,0x01,0x00,0x00,0x000001,0x00,0x00,0x0000,0x0C,0x00,0x00,0x00,0x02,0x00000,0x000000,0,0x00000,1,0,current_pair_complete
4.979342,219589,0x01883E,0x0032,0x32,6,vol_l,0x09,0,0,0x0B,0x00,0x71,0x71000B,0x00,0x71,0x7100,0x82,0xA0,0x09,0x3F,0x0A,0x10000,0x017100,4,0x07B00,1,1,
4.979342,219589,0x018842,0x0033,0x33,6,vol_r,0x09,1,1,0x0B,0x00,0x71,0x71000B,0x00,0x71,0x7100,0x82,0xA0,0x09,0x09,0x0A,0x10000,0x017100,4,0x07B00,1,1,
4.979365,219590,0x018847,0x0034,0x34,6,loop_mid,0x00,0,0,0x0B,0x00,0x71,0x71000B,0x00,0x71,0x7100,0x82,0xA0,0x09,0x09,0x0A,0x10000,0x017100,4,0x07B00,1,1,
4.979365,219590,0x01884B,0x00B4,0xB4,6,cur_mid,0x00,1,1,0x0B,0x00,0x71,0x71000B,0x00,0x71,0x7100,0x82,0xA0,0x09,0x09,0x0A,0x10000,0x017100,4,0x07B00,1,1,current_low_write
4.979365,219590,0x01884F,0x0035,0x35,6,loop_high,0x71,2,2,0x0B,0x00,0x71,0x71000B,0x00,0x71,0x7100,0x82,0xA0,0x09,0x09,0x0A,0x10000,0x017100,4,0x07B00,1,1,
4.979388,219591,0x018854,0x00B5,0xB5,6,cur_high,0x71,0,0,0x0B,0x00,0x71,0x71000B,0x00,0x71,0x7100,0x82,0xA0,0x09,0x09,0x0A,0x10000,0x017100,4,0x07B00,1,1,current_pair_complete
4.979410,219592,0x018859,0x00B6,0xB6,6,ctrl,0x0A,0,0,0x0B,0x00,0x71,0x71000B,0x00,0x71,0x7100,0x82,0xA0,0x09,0x09,0x0A,0x10000,0x017100,4,0x07B00,1,1,retrigger_commit
4.979705,219605,0x01885E,0x002C,0x2C,5,loop_mid,0x00,0,0,0x03,0x00,0xEA,0xEA0003,0x00,0xEA,0xEA00,0xF1,0xA0,0x1E,0x0D,0x02,0x00000,0x00EA00,2,0x03C00,1,1,
4.979705,219605,0x018862,0x00AC,0xAC,5,cur_mid,0x00,1,1,0x03,0x00,0xEA,0xEA0003,0x00,0xEA,0xEA00,0xF1,0xA0,0x1E,0x0D,0x02,0x00000,0x00EA00,2,0x03C00,1,1,current_low_write
4.979705,219605,0x018866,0x002D,0x2D,5,loop_high,0xEA,2,2,0x03,0x00,0xEA,0xEA0003,0x00,0xEA,0xEA00,0xF1,0xA0,0x1E,0x0D,0x02,0x00000,0x00EA00,2,0x03C00,1,1,
4.979728,219606,0x01886B,0x00AD,0xAD,5,cur_high,0xEA,0,0,0x03,0x00,0xEA,0xEA0003,0x00,0xEA,0xEA00,0xF1,0xA0,0x1E,0x0D,0x02,0x00000,0x00EA00,2,0x03C00,1,1,current_pair_complete
4.979751,219607,0x018870,0x00AE,0xAE,5,ctrl,0x02,0,0,0x03,0x00,0xEA,0xEA0003,0x00,0xEA,0xEA00,0xF1,0xA0,0x1E,0x0D,0x02,0x00000,0x00EA00,2,0x03C00,1,1,retrigger_commit
5.082268,224128,0x018877,0x0034,0x34,6,loop_mid,0x00,0,0,0x0B,0x00,0x71,0x71000B,0x00,0x71,0x7100,0x82,0xA0,0x09,0x09,0x0A,0x10000,0x017100,4,0x07B00,1,1,
5.082268,224128,0x01887B,0x00B4,0xB4,6,cur_mid,0x00,1,1,0x0B,0x00,0x71,0x71000B,0x00,0x71,0x7100,0x82,0xA0,0x09,0x09,0x0A,0x10000,0x017100,4,0x07B00,1,1,current_low_write
5.082290,224129,0x018880,0x0035,0x35,6,loop_high,0x71,0,0,0x0B,0x00,0x71,0x71000B,0x00,0x71,0x7100,0x82,0xA0,0x09,0x09,0x0A,0x10000,0x017100,4,0x07B00,1,1,
5.082290,224129,0x018884,0x00B5,0xB5,6,cur_high,0x71,1,1,0x0B,0x00,0x71,0x71000B,0x00,0x71,0x7100,0x82,0xA0,0x09,0x09,0x0A,0x10000,0x017100,4,0x07B00,1,1,current_pair_complete
5.082313,224130,0x018889,0x00B6,0xB6,6,ctrl,0x0A,0,0,0x0B,0x00,0x71,0x71000B,0x00,0x71,0x7100,0x82,0xA0,0x09,0x09,0x0A,0x10000,0x017100,4,0x07B00,1,1,retrigger_commit
5.184830,228651,0x018890,0x0012,0x12,2,vol_l,0x3F,0,0,0x01,0x00,0x00,0x000001,0x00,0x00,0x0000,0x0C,0x00,0x3F,0x00,0x02,0x00000,0x000000,0,0x00000,1,1,volume_on
5.184830,228651,0x018894,0x0013,0x13,2,vol_r,0x3F,1,1,0x01,0x00,0x00,0x000001,0x00,0x00,0x0000,0x0C,0x00,0x3F,0x3F,0x02,0x00000,0x000000,0,0x00000,1,1,
5.184875,228653,0x018899,0x0017,0x17,2,delta,0x80,0,0,0x01,0x00,0x00,0x000001,0x00,0x00,0x0000,0x0C,0x80,0x3F,0x3F,0x02,0x00000,0x000000,0,0x00000,1,1,
5.184898,228654,0x01889E,0x0096,0x96,2,ctrl,0x02,0,0,0x01,0x00,0x00,0x000001,0x00,0x00,0x0000,0x0C,0x80,0x3F,0x3F,0x02,0x00000,0x000000,0,0x00000,1,1,retrigger_commit
5.185170,228666,0x0188A3,0x0032,0x32,6,vol_l,0x13,0,0,0x0B,0x00,0x71,0x71000B,0x00,0x71,0x7100,0x82,0xA0,0x13,0x09,0x0A,0x10000,0x017100,4,0x07B00,1,1,
5.185193,228667,0x0188A8,0x0033,0x33,6,vol_r,0x13,0,0,0x0B,0x00,0x71,0x71000B,0x00,0x71,0x7100,0x82,0xA0,0x13,0x13,0x0A,0x10000,0x017100,4,0x07B00,1,1,
5.185193,228667,0x0188AC,0x0034,0x34,6,loop_mid,0x00,1,1,0x0B,0x00,0x71,0x71000B,0x00,0x71,0x7100,0x82,0xA0,0x13,0x13,0x0A,0x10000,0x017100,4,0x07B00,1,1,
5.185193,228667,0x0188B0,0x00B4,0xB4,6,cur_mid,0x00,2,2,0x0B,0x00,0x71,0x71000B,0x00,0x71,0x7100,0x82,0xA0,0x13,0x13,0x0A,0x10000,0x017100,4,0x07B00,1,1,current_low_write
5.185215,228668,0x0188B5,0x0035,0x35,6,loop_high,0x71,0,0,0x0B,0x00,0x71,0x71000B,0x00,0x71,0x7100,0x82,0xA0,0x13,0x13,0x0A,0x10000,0x017100,4,0x07B00,1,1,
5.185215,228668,0x0188B9,0x00B5,0xB5,6,cur_high,0x71,1,1,0x0B,0x00,0x71,0x71000B,0x00,0x71,0x7100,0x82,0xA0,0x13,0x13,0x0A,0x10000,0x017100,4,0x07B00,1,1,current_pair_complete
5.185238,228669,0x0188BE,0x00B6,0xB6,6,ctrl,0x0A,0,0,0x0B,0x00,0x71,0x71000B,0x00,0x71,0x7100,0x82,0xA0,0x13,0x13,0x0A,0x10000,0x017100,4,0x07B00,1,1,retrigger_commit
5.185533,228682,0x0188C3,0x002C,0x2C,5,loop_mid,0x00,0,0,0x03,0x00,0xEA,0xEA0003,0x00,0xEA,0xEA00,0xF1,0xA0,0x1E,0x0D,0x02,0x00000,0x00EA00,2,0x03C00,1,1,
5.185533,228682,0x0188C7,0x00AC,0xAC,5,cur_mid,0x00,1,1,0x03,0x00,0xEA,0xEA0003,0x00,0xEA,0xEA00,0xF1,0xA0,0x1E,0x0D,0x02,0x00000,0x00EA00,2,0x03C00,1,1,current_low_write
5.185556,228683,0x0188CC,0x002D,0x2D,5,loop_high,0xEA,0,0,0x03,0x00,0xEA,0xEA0003,0x00,0xEA,0xEA00,0xF1,0xA0,0x1E,0x0D,0x02,0x00000,0x00EA00,2,0x03C00,1,1,
5.185556,228683,0x0188D0,0x00AD,0xAD,5,cur_high,0xEA,1,1,0x03,0x00,0xEA,0xEA0003,0x00,0xEA,0xEA00,0xF1,0xA0,0x1E,0x0D,0x02,0x00000,0x00EA00,2,0x03C00,1,1,current_pair_complete
5.185578,228684,0x0188D5,0x00AE,0xAE,5,ctrl,0x02,0,0,0x03,0x00,0xEA,0xEA0003,0x00,0xEA,0xEA00,0xF1,0xA0,0x1E,0x0D,0x02,0x00000,0x00EA00,2,0x03C00,1,1,retrigger_commit
5.287755,233190,0x0188DC,0x0014,0x14,2,loop_mid,0x00,0,0,0x01,0x00,0x00,0x000001,0x00,0x00,0x0000,0x0C,0x80,0x3F,0x3F,0x02,0x00000,0x000000,0,0x00000,1,1,
5.287755,233190,0x0188E0,0x0094,0x94,2,cur_mid,0x00,1,1,0x01,0x00,0x00,0x000001,0x00,0x00,0x0000,0x0C,0x80,0x3F,0x3F,0x02,0x00000,0x000000,0,0x00000,1,1,current_low_write
5.287778,233191,0x0188E5,0x0015,0x15,2,loop_high,0x00,0,0,0x01,0x00,0x00,0x000001,0x00,0x00,0x0000,0x0C,0x80,0x3F,0x3F,0x02,0x00000,0x000000,0,0x00000,1,1,
5.287778,233191,0x0188E9,0x0095,0x95,2,cur_high,0x00,1,1,0x01,0x00,0x00,0x000001,0x00,0x00,0x0000,0x0C,0x80,0x3F,0x3F,0x02,0x00000,0x000000,0,0x00000,1,1,current_pair_complete
5.287800,233192,0x0188EE,0x0096,0x96,2,ctrl,0x02,0,0,0x01,0x00,0x00,0x000001,0x00,0x00,0x0000,0x0C,0x80,0x3F,0x3F,0x02,0x00000,0x000000,0,0x00000,1,1,retrigger_commit
5.288095,233205,0x0188F3,0x0032,0x32,6,vol_l,0x09,0,0,0x0B,0x00,0x71,0x71000B,0x00,0x71,0x7100,0x82,0xA0,0x09,0x13,0x0A,0x10000,0x017100,4,0x07B00,1,1,
5.288095,233205,0x0188F7,0x0033,0x33,6,vol_r,0x09,1,1,0x0B,0x00,0x71,0x71000B,0x00,0x71,0x7100,0x82,0xA0,0x09,0x09,0x0A,0x10000,0x017100,4,0x07B00,1,1,
5.288118,233206,0x0188FC,0x0034,0x34,6,loop_mid,0x00,0,0,0x0B,0x00,0x71,0x71000B,0x00,0x71,0x7100,0x82,0xA0,0x09,0x09,0x0A,0x10000,0x017100,4,0x07B00,1,1,
5.288118,233206,0x018900,0x00B4,0xB4,6,cur_mid,0x00,1,1,0x0B,0x00,0x71,0x71000B,0x00,0x71,0x7100,0x82,0xA0,0x09,0x09,0x0A,0x10000,0x017100,4,0x07B00,1,1,current_low_write
5.288118,233206,0x018904,0x0035,0x35,6,loop_high,0x71,2,2,0x0B,0x00,0x71,0x71000B,0x00,0x71,0x7100,0x82,0xA0,0x09,0x09,0x0A,0x10000,0x017100,4,0x07B00,1,1,
5.288141,233207,0x018909,0x00B5,0xB5,6,cur_high,0x71,0,0,0x0B,0x00,0x71,0x71000B,0x00,0x71,0x7100,0x82,0xA0,0x09,0x09,0x0A,0x10000,0x017100,4,0x07B00,1,1,current_pair_complete
5.288163,233208,0x01890E,0x00B6,0xB6,6,ctrl,0x0A,0,0,0x0B,0x00,0x71,0x71000B,0x00,0x71,0x7100,0x82,0xA0,0x09,0x09,0x0A,0x10000,0x017100,4,0x07B00,1,1,retrigger_commit
5.390884,237738,0x018915,0x0034,0x34,6,loop_mid,0x00,0,0,0x0B,0x00,0x71,0x71000B,0x00,0x71,0x7100,0x82,0xA0,0x09,0x09,0x0A,0x10000,0x017100,4,0x07B00,1,1,
5.390884,237738,0x018919,0x00B4,0xB4,6,cur_mid,0x00,1,1,0x0B,0x00,0x71,0x71000B,0x00,0x71,0x7100,0x82,0xA0,0x09,0x09,0x0A,0x10000,0x017100,4,0x07B00,1,1,current_low_write
5.390884,237738,0x01891D,0x0035,0x35,6,loop_high,0x71,2,2,0x0B,0x00,0x71,0x71000B,0x00,0x71,0x7100,0x82,0xA0,0x09,0x09,0x0A,0x10000,0x017100,4,0x07B00,1,1,
5.390884,237738,0x018921,0x00B5,0xB5,6,cur_high,0x71,3,3,0x0B,0x00,0x71,0x71000B,0x00,0x71,0x7100,0x82,0xA0,0x09,0x09,0x0A,0x10000,0x017100,4,0x07B00,1,1,current_pair_complete
5.390930,237740,0x018926,0x00B6,0xB6,6,ctrl,0x0A,0,0,0x0B,0x00,0x71,0x71000B,0x00,0x71,0x7100,0x82,0xA0,0x09,0x09,0x0A,0x10000,0x017100,4,0x07B00,1,1,retrigger_commit
5.391224,237753,0x01892B,0x002C,0x2C,5,loop_mid,0x00,0,0,0x03,0x00,0xEA,0xEA0003,0x00,0xEA,0xEA00,0xF1,0xA0,0x1E,0x0D,0x02,0x00000,0x00EA00,2,0x03C00,1,1,
5.391224,237753,0x01892F,0x00AC,0xAC,5,cur_mid,0x00,1,1,0x03,0x00,0xEA,0xEA0003,0x00,0xEA,0xEA00,0xF1,0xA0,0x1E,0x0D,0x02,0x00000,0x00EA00,2,0x03C00,1,1,current_low_write
5.391224,237753,0x018933,0x002D,0x2D,5,loop_high,0xEA,2,2,0x03,0x00,0xEA,0xEA0003,0x00,0xEA,0xEA00,0xF1,0xA0,0x1E,0x0D,0x02,0x00000,0x00EA00,2,0x03C00,1,1,
5.391247,237754,0x018938,0x00AD,0xAD,5,cur_high,0xEA,0,0,0x03,0x00,0xEA,0xEA0003,0x00,0xEA,0xEA00,0xF1,0xA0,0x1E,0x0D,0x02,0x00000,0x00EA00,2,0x03C00,1,1,current_pair_complete
5.391270,237755,0x01893D,0x00AE,0xAE,5,ctrl,0x02,0,0,0x03,0x00,0xEA,0xEA0003,0x00,0xEA,0xEA00,0xF1,0xA0,0x1E,0x0D,0x02,0x00000,0x00EA00,2,0x03C00,1,1,retrigger_commit
5.493787,242276,0x018944,0x0034,0x34,6,loop_mid,0x00,0,0,0x0B,0x00,0x71,0x71000B,0x00,0x71,0x7100,0x82,0xA0,0x09,0x09,0x0A,0x10000,0x017100,4,0x07B00,1,1,
5.493787,242276,0x018948,0x00B4,0xB4,6,cur_mid,0x00,1,1,0x0B,0x00,0x71,0x71000B,0x00,0x71,0x7100,0x82,0xA0,0x09,0x09,0x0A,0x10000,0x017100,4,0x07B00,1,1,current_low_write
5.493810,242277,0x01894D,0x0035,0x35,6,loop_high,0x71,0,0,0x0B,0x00,0x71,0x71000B,0x00,0x71,0x7100,0x82,0xA0,0x09,0x09,0x0A,0x10000,0x017100,4,0x07B00,1,1,
5.493810,242277,0x018951,0x00B5,0xB5,6,cur_high,0x71,1,1,0x0B,0x00,0x71,0x71000B,0x00,0x71,0x7100,0x82,0xA0,0x09,0x09,0x0A,0x10000,0x017100,4,0x07B00,1,1,current_pair_complete
5.493832,242278,0x018956,0x00B6,0xB6,6,ctrl,0x0A,0,0,0x0B,0x00,0x71,0x71000B,0x00,0x71,0x7100,0x82,0xA0,0x09,0x09,0x0A,0x10000,0x017100,4,0x07B00,1,1,retrigger_commit
5.596508,246806,0x01895D,0x0014,0x14,2,loop_mid,0x00,0,0,0x01,0x00,0x00,0x000001,0x00,0x00,0x0000,0x0C,0x80,0x3F,0x3F,0x02,0x00000,0x000000,0,0x00000,1,1,
5.596508,246806,0x018961,0x0094,0x94,2,cur_mid,0x00,1,1,0x01,0x00,0x00,0x000001,0x00,0x00,0x0000,0x0C,0x80,0x3F,0x3F,0x02,0x00000,0x000000,0,0x00000,1,1,current_low_write
5.596508,246806,0x018965,0x0015,0x15,2,loop_high,0x00,2,2,0x01,0x00,0x00,0x000001,0x00,0x00,0x0000,0x0C,0x80,0x3F,0x3F,0x02,0x00000,0x000000,0,0x00000,1,1,
5.596508,246806,0x018969,0x0095,0x95,2,cur_high,0x00,3,3,0x01,0x00,0x00,0x000001,0x00,0x00,0x0000,0x0C,0x80,0x3F,0x3F,0x02,0x00000,0x000000,0,0x00000,1,1,current_pair_complete
5.596553,246808,0x01896E,0x0096,0x96,2,ctrl,0x02,0,0,0x01,0x00,0x00,0x000001,0x00,0x00,0x0000,0x0C,0x80,0x3F,0x3F,0x02,0x00000,0x000000,0,0x00000,1,1,retrigger_commit
5.596825,246820,0x018973,0x0032,0x32,6,vol_l,0x3F,0,0,0x0B,0x00,0x71,0x71000B,0x00,0x71,0x7100,0x82,0xA0,0x3F,0x09,0x0A,0x10000,0x017100,4,0x07B00,1,1,
5.596848,246821,0x018978,0x0033,0x33,6,vol_r,0x3F,0,0,0x0B,0x00,0x71,0x71000B,0x00,0x71,0x7100,0x82,0xA0,0x3F,0x3F,0x0A,0x10000,0x017100,4,0x07B00,1,1,
5.596848,246821,0x01897C,0x0034,0x34,6,loop_mid,0x00,1,1,0x0B,0x00,0x71,0x71000B,0x00,0x71,0x7100,0x82,0xA0,0x3F,0x3F,0x0A,0x10000,0x017100,4,0x07B00,1,1,
5.596848,246821,0x018980,0x00B4,0xB4,6,cur_mid,0x00,2,2,0x0B,0x00,0x71,0x71000B,0x00,0x71,0x7100,0x82,0xA0,0x3F,0x3F,0x0A,0x10000,0x017100,4,0x07B00,1,1,current_low_write
5.596871,246822,0x018985,0x0035,0x35,6,loop_high,0x71,0,0,0x0B,0x00,0x71,0x71000B,0x00,0x71,0x7100,0x82,0xA0,0x3F,0x3F,0x0A,0x10000,0x017100,4,0x07B00,1,1,
5.596871,246822,0x018989,0x00B5,0xB5,6,cur_high,0x71,1,1,0x0B,0x00,0x71,0x71000B,0x00,0x71,0x7100,0x82,0xA0,0x3F,0x3F,0x0A,0x10000,0x017100,4,0x07B00,1,1,current_pair_complete
5.596893,246823,0x01898E,0x00B6,0xB6,6,ctrl,0x0A,0,0,0x0B,0x00,0x71,0x71000B,0x00,0x71,0x7100,0x82,0xA0,0x3F,0x3F,0x0A,0x10000,0x017100,4,0x07B00,1,1,retrigger_commit
5.597188,246836,0x018993,0x002C,0x2C,5,loop_mid,0x00,0,0,0x03,0x00,0xEA,0xEA0003,0x00,0xEA,0xEA00,0xF1,0xA0,0x1E,0x0D,0x02,0x00000,0x00EA00,2,0x03C00,1,1,
5.597188,246836,0x018997,0x00AC,0xAC,5,cur_mid,0x00,1,1,0x03,0x00,0xEA,0xEA0003,0x00,0xEA,0xEA00,0xF1,0xA0,0x1E,0x0D,0x02,0x00000,0x00EA00,2,0x03C00,1,1,current_low_write
5.597211,246837,0x01899C,0x002D,0x2D,5,loop_high,0xEA,0,0,0x03,0x00,0xEA,0xEA0003,0x00,0xEA,0xEA00,0xF1,0xA0,0x1E,0x0D,0x02,0x00000,0x00EA00,2,0x03C00,1,1,
5.597211,246837,0x0189A0,0x00AD,0xAD,5,cur_high,0xEA,1,1,0x03,0x00,0xEA,0xEA0003,0x00,0xEA,0xEA00,0xF1,0xA0,0x1E,0x0D,0x02,0x00000,0x00EA00,2,0x03C00,1,1,current_pair_complete
5.597234,246838,0x0189A5,0x00AE,0xAE,5,ctrl,0x02,0,0,0x03,0x00,0xEA,0xEA0003,0x00,0xEA,0xEA00,0xF1,0xA0,0x1E,0x0D,0x02,0x00000,0x00EA00,2,0x03C00,1,1,retrigger_commit
5.598163,246879,0x0189AC,0x0000,0x00,0,cur_low,0x42,0,0,0x42,0x00,0xA5,0xA50042,0x00,0xA5,0xA500,0xBA,0x75,0x2C,0x2C,0x8A,0x110000,0x11A500,8,0x11F00,1,1,
5.598186,246880,0x0189B1,0x0002,0x02,0,vol_l,0x26,0,0,0x42,0x00,0xA5,0xA50042,0x00,0xA5,0xA500,0xBA,0x75,0x26,0x2C,0x8A,0x110000,0x11A500,8,0x11F00,1,1,
5.598186,246880,0x0189B5,0x0003,0x03,0,vol_r,0x26,1,1,0x42,0x00,0xA5,0xA50042,0x00,0xA5,0xA500,0xBA,0x75,0x26,0x26,0x8A,0x110000,0x11A500,8,0x11F00,1,1,
5.598209,246881,0x0189BA,0x0004,0x04,0,loop_mid,0x00,0,0,0x42,0x00,0xA5,0xA50042,0x00,0xA5,0xA500,0xBA,0x75,0x26,0x26,0x8A,0x110000,0x11A500,8,0x11F00,1,1,
5.598209,246881,0x0189BE,0x0084,0x84,0,cur_mid,0x00,1,1,0x42,0x00,0xA5,0xA50042,0x00,0xA5,0xA500,0xBA,0x75,0x26,0x26,0x8A,0x110000,0x11A500,8,0x11F00,1,1,current_low_write
5.598231,246882,0x0189C3,0x0005,0x05,0,loop_high,0xD1,0,0,0x42,0x00,0xA5,0xA50042,0x00,0xD1,0xD100,0xBA,0x75,0x26,0x26,0x8A,0x110000,0x11A500,8,0x11F00,1,1,
5.598231,246882,0x0189C7,0x0085,0x85,0,cur_high,0xD1,1,1,0x42,0x00,0xD1,0xD10042,0x00,0xD1,0xD100,0xBA,0x75,0x26,0x26,0x8A,0x110000,0x11D100,8,0x14B00,1,1,current_pair_complete
5.598231,246882,0x0189CB,0x0006,0x06,0,end,0xE1,2,2,0x42,0x00,0xD1,0xD10042,0x00,0xD1,0xD100,0xE1,0x75,0x26,0x26,0x8A,0x110000,0x11D100,8,0x14B00,1,1,
5.598254,246883,0x0189D0,0x0007,0x07,0,delta,0x8B,0,0,0x42,0x00,0xD1,0xD10042,0x00,0xD1,0xD100,0xE1,0x8B,0x26,0x26,0x8A,0x110000,0x11D100,8,0x14B00,1,1,
5.598254,246883,0x0189D4,0x0086,0x86,0,ctrl,0x8A,1,1,0x42,0x00,0xD1,0xD10042,0x00,0xD1,0xD100,0xE1,0x8B,0x26,0x26,0x8A,0x110000,0x11D100,8,0x14B00,1,1,retrigger_commit
5.699410,251344,0x0189DB,0x0014,0x14,2,loop_mid,0x00,0,0,0x01,0x00,0x00,0x000001,0x00,0x00,0x0000,0x0C,0x80,0x3F,0x3F,0x02,0x00000,0x000000,0,0x00000,1,1,
5.699410,251344,0x0189DF,0x0094,0x94,2,cur_mid,0x00,1,1,0x01,0x00,0x00,0x000001,0x00,0x00,0x0000,0x0C,0x80,0x3F,0x3F,0x02,0x00000,0x000000,0,0x00000,1,1,current_low_write
5.699410,251344,0x0189E3,0x0015,0x15,2,loop_high,0x00,2,2,0x01,0x00,0x00,0x000001,0x00,0x00,0x0000,0x0C,0x80,0x3F,0x3F,0x02,0x00000,0x000000,0,0x00000,1,1,
5.699410,251344,0x0189E7,0x0095,0x95,2,cur_high,0x00,3,3,0x01,0x00,0x00,0x000001,0x00,0x00,0x0000,0x0C,0x80,0x3F,0x3F,0x02,0x00000,0x000000,0,0x00000,1,1,current_pair_complete
5.699456,251346,0x0189EC,0x0096,0x96,2,ctrl,0x02,0,0,0x01,0x00,0x00,0x000001,0x00,0x00,0x0000,0x0C,0x80,0x3F,0x3F,0x02,0x00000,0x000000,0,0x00000,1,1,retrigger_commit
5.699728,251358,0x0189F1,0x0032,0x32,6,vol_l,0x09,0,0,0x0B,0x00,0x71,0x71000B,0x00,0x71,0x7100,0x82,0xA0,0x09,0x3F,0x0A,0x10000,0x017100,4,0x07B00,1,1,
5.699751,251359,0x0189F6,0x0033,0x33,6,vol_r,0x09,0,0,0x0B,0x00,0x71,0x71000B,0x00,0x71,0x7100,0x82,0xA0,0x09,0x09,0x0A,0x10000,0x017100,4,0x07B00,1,1,
5.699751,251359,0x0189FA,0x0034,0x34,6,loop_mid,0x00,1,1,0x0B,0x00,0x71,0x71000B,0x00,0x71,0x7100,0x82,0xA0,0x09,0x09,0x0A,0x10000,0x017100,4,0x07B00,1,1,
5.699751,251359,0x0189FE,0x00B4,0xB4,6,cur_mid,0x00,2,2,0x0B,0x00,0x71,0x71000B,0x00,0x71,0x7100,0x82,0xA0,0x09,0x09,0x0A,0x10000,0x017100,4,0x07B00,1,1,current_low_write
5.699773,251360,0x018A03,0x0035,0x35,6,loop_high,0x71,0,0,0x0B,0x00,0x71,0x71000B,0x00,0x71,0x7100,0x82,0xA0,0x09,0x09,0x0A,0x10000,0x017100,4,0x07B00,1,1,
5.699773,251360,0x018A07,0x00B5,0xB5,6,cur_high,0x71,1,1,0x0B,0x00,0x71,0x71000B,0x00,0x71,0x7100,0x82,0xA0,0x09,0x09,0x0A,0x10000,0x017100,4,0x07B00,1,1,current_pair_complete
5.699796,251361,0x018A0C,0x00B6,0xB6,6,ctrl,0x0A,0,0,0x0B,0x00,0x71,0x71000B,0x00,0x71,0x7100,0x82,0xA0,0x09,0x09,0x0A,0x10000,0x017100,4,0x07B00,1,1,retrigger_commit
5.700884,251409,0x018A13,0x0000,0x00,0,cur_low,0x43,0,0,0x43,0x00,0xD1,0xD10043,0x00,0xD1,0xD100,0xE1,0x8B,0x26,0x26,0x8A,0x110000,0x11D100,8,0x14B00,1,1,
5.700907,251410,0x018A18,0x0002,0x02,0,vol_l,0x2C,0,0,0x43,0x00,0xD1,0xD10043,0x00,0xD1,0xD100,0xE1,0x8B,0x2C,0x26,0x8A,0x110000,0x11D100,8,0x14B00,1,1,
5.700907,251410,0x018A1C,0x0003,0x03,0,vol_r,0x2C,1,1,0x43,0x00,0xD1,0xD10043,0x00,0xD1,0xD100,0xE1,0x8B,0x2C,0x2C,0x8A,0x110000,0x11D100,8,0x14B00,1,1,
5.700930,251411,0x018A21,0x0004,0x04,0,loop_mid,0x00,0,0,0x43,0x00,0xD1,0xD10043,0x00,0xD1,0xD100,0xE1,0x8B,0x2C,0x2C,0x8A,0x110000,0x11D100,8,0x14B00,1,1,
5.700930,251411,0x018A25,0x0084,0x84,0,cur_mid,0x00,1,1,0x43,0x00,0xD1,0xD10043,0x00,0xD1,0xD100,0xE1,0x8B,0x2C,0x2C,0x8A,0x110000,0x11D100,8,0x14B00,1,1,current_low_write
5.700952,251412,0x018A2A,0x0005,0x05,0,loop_high,0xE2,0,0,0x43,0x00,0xD1,0xD10043,0x00,0xE2,0xE200,0xE1,0x8B,0x2C,0x2C,0x8A,0x110000,0x11D100,8,0x14B00,1,1,
5.700952,251412,0x018A2E,0x0085,0x85,0,cur_high,0xE2,1,1,0x43,0x00,0xE2,0xE20043,0x00,0xE2,0xE200,0xE1,0x8B,0x2C,0x2C,0x8A,0x110000,0x11E200,8,0x15C00,1,1,current_pair_complete
5.700952,251412,0x018A32,0x0006,0x06,0,end,0xED,2,2,0x43,0x00,0xE2,0xE20043,0x00,0xE2,0xE200,0xED,0x8B,0x2C,0x2C,0x8A,0x110000,0x11E200,8,0x15C00,1,1,
5.700975,251413,0x018A37,0x0007,0x07,0,delta,0x8A,0,0,0x43,0x00,0xE2,0xE20043,0x00,0xE2,0xE200,0xED,0x8A,0x2C,0x2C,0x8A,0x110000,0x11E200,8,0x15C00,1,1,
5.700975,251413,0x018A3B,0x0086,0x86,0,ctrl,0x8A,1,1,0x43,0x00,0xE2,0xE20043,0x00,0xE2,0xE200,0xED,0x8A,0x2C,0x2C,0x8A,0x110000,0x11E200,8,0x15C00,1,1,retrigger_commit
5.802517,255891,0x018A42,0x0034,0x34,6,loop_mid,0x00,0,0,0x0B,0x00,0x71,0x71000B,0x00,0x71,0x7100,0x82,0xA0,0x09,0x09,0x0A,0x10000,0x017100,4,0x07B00,1,1,
5.802517,255891,0x018A46,0x00B4,0xB4,6,cur_mid,0x00,1,1,0x0B,0x00,0x71,0x71000B,0x00,0x71,0x7100,0x82,0xA0,0x09,0x09,0x0A,0x10000,0x017100,4,0x07B00,1,1,current_low_write
5.802540,255892,0x018A4B,0x0035,0x35,6,loop_high,0x71,0,0,0x0B,0x00,0x71,0x71000B,0x00,0x71,0x7100,0x82,0xA0,0x09,0x09,0x0A,0x10000,0x017100,4,0x07B00,1,1,
5.802540,255892,0x018A4F,0x00B5,0xB5,6,cur_high,0x71,1,1,0x0B,0x00,0x71,0x71000B,0x00,0x71,0x7100,0x82,0xA0,0x09,0x09,0x0A,0x10000,0x017100,4,0x07B00,1,1,current_pair_complete
5.802562,255893,0x018A54,0x00B6,0xB6,6,ctrl,0x0A,0,0,0x0B,0x00,0x71,0x71000B,0x00,0x71,0x7100,0x82,0xA0,0x09,0x09,0x0A,0x10000,0x017100,4,0x07B00,1,1,retrigger_commit
5.802857,255906,0x018A59,0x002C,0x2C,5,loop_mid,0x00,0,0,0x03,0x00,0xEA,0xEA0003,0x00,0xEA,0xEA00,0xF1,0xA0,0x1E,0x0D,0x02,0x00000,0x00EA00,2,0x03C00,1,1,
5.802857,255906,0x018A5D,0x00AC,0xAC,5,cur_mid,0x00,1,1,0x03,0x00,0xEA,0xEA0003,0x00,0xEA,0xEA00,0xF1,0xA0,0x1E,0x0D,0x02,0x00000,0x00EA00,2,0x03C00,1,1,current_low_write
5.802880,255907,0x018A62,0x002D,0x2D,5,loop_high,0xEA,0,0,0x03,0x00,0xEA,0xEA0003,0x00,0xEA,0xEA00,0xF1,0xA0,0x1E,0x0D,0x02,0x00000,0x00EA00,2,0x03C00,1,1,
5.802880,255907,0x018A66,0x00AD,0xAD,5,cur_high,0xEA,1,1,0x03,0x00,0xEA,0xEA0003,0x00,0xEA,0xEA00,0xF1,0xA0,0x1E,0x0D,0x02,0x00000,0x00EA00,2,0x03C00,1,1,current_pair_complete
5.802902,255908,0x018A6B,0x00AE,0xAE,5,ctrl,0x02,0,0,0x03,0x00,0xEA,0xEA0003,0x00,0xEA,0xEA00,0xF1,0xA0,0x1E,0x0D,0x02,0x00000,0x00EA00,2,0x03C00,1,1,retrigger_commit
5.803832,255949,0x018A72,0x0000,0x00,0,cur_low,0x46,0,0,0x46,0x00,0xE2,0xE20046,0x00,0xE2,0xE200,0xED,0x8A,0x2C,0x2C,0x8A,0x110000,0x11E200,8,0x15C00,1,1,
5.803855,255950,0x018A77,0x0002,0x02,0,vol_l,0x39,0,0,0x46,0x00,0xE2,0xE20046,0x00,0xE2,0xE200,0xED,0x8A,0x39,0x2C,0x8A,0x110000,0x11E200,8,0x15C00,1,1,
5.803855,255950,0x018A7B,0x0003,0x03,0,vol_r,0x39,1,1,0x46,0x00,0xE2,0xE20046,0x00,0xE2,0xE200,0xED,0x8A,0x39,0x39,0x8A,0x110000,0x11E200,8,0x15C00,1,1,
5.803878,255951,0x018A80,0x0004,0x04,0,loop_mid,0x00,0,0,0x46,0x00,0xE2,0xE20046,0x00,0xE2,0xE200,0xED,0x8A,0x39,0x39,0x8A,0x110000,0x11E200,8,0x15C00,1,1,
5.803878,255951,0x018A84,0x0084,0x84,0,cur_mid,0x00,1,1,0x46,0x00,0xE2,0xE20046,0x00,0xE2,0xE200,0xED,0x8A,0x39,0x39,0x8A,0x110000,0x11E200,8,0x15C00,1,1,current_low_write
5.803900,255952,0x018A89,0x0005,0x05,0,loop_high,0x3A,0,0,0x46,0x00,0xE2,0xE20046,0x00,0x3A,0x3A00,0xED,0x8A,0x39,0x39,0x8A,0x110000,0x11E200,8,0x15C00,1,1,
5.803900,255952,0x018A8D,0x0085,0x85,0,cur_high,0x3A,1,1,0x46,0x00,0x3A,0x3A0046,0x00,0x3A,0x3A00,0xED,0x8A,0x39,0x39,0x8A,0x110000,0x113A00,6,0x0EB00,1,1,current_pair_complete
5.803900,255952,0x018A91,0x0006,0x06,0,end,0x3B,2,2,0x46,0x00,0x3A,0x3A0046,0x00,0x3A,0x3A00,0x3B,0x8A,0x39,0x39,0x8A,0x110000,0x113A00,6,0x0EB00,1,1,
5.803923,255953,0x018A96,0x0007,0x07,0,delta,0xB0,0,0,0x46,0x00,0x3A,0x3A0046,0x00,0x3A,0x3A00,0x3B,0xB0,0x39,0x39,0x8A,0x110000,0x113A00,6,0x0EB00,1,1,
5.803923,255953,0x018A9A,0x0086,0x86,0,ctrl,0x8A,1,1,0x46,0x00,0x3A,0x3A0046,0x00,0x3A,0x3A00,0x3B,0xB0,0x39,0x39,0x8A,0x110000,0x113A00,6,0x0EB00,1,1,retrigger_commit
5.905442,260430,0x018AA1,0x0034,0x34,6,loop_mid,0x00,0,0,0x0B,0x00,0x71,0x71000B,0x00,0x71,0x7100,0x82,0xA0,0x09,0x09,0x0A,0x10000,0x017100,4,0x07B00,1,1,
5.905442,260430,0x018AA5,0x00B4,0xB4,6,cur_mid,0x00,1,1,0x0B,0x00,0x71,0x71000B,0x00,0x71,0x7100,0x82,0xA0,0x09,0x09,0x0A,0x10000,0x017100,4,0x07B00,1,1,current_low_write
5.905442,260430,0x018AA9,0x0035,0x35,6,loop_high,0x71,2,2,0x0B,0x00,0x71,0x71000B,0x00,0x71,0x7100,0x82,0xA0,0x09,0x09,0x0A,0x10000,0x017100,4,0x07B00,1,1,
5.905442,260430,0x018AAD,0x00B5,0xB5,6,cur_high,0x71,3,3,0x0B,0x00,0x71,0x71000B,0x00,0x71,0x7100,0x82,0xA0,0x09,0x09,0x0A,0x10000,0x017100,4,0x07B00,1,1,current_pair_complete
5.905488,260432,0x018AB2,0x00B6,0xB6,6,ctrl,0x0A,0,0,0x0B,0x00,0x71,0x71000B,0x00,0x71,0x7100,0x82,0xA0,0x09,0x09,0x0A,0x10000,0x017100,4,0x07B00,1,1,retrigger_commit
5.906553,260479,0x018AB9,0x0000,0x00,0,cur_low,0x3F,0,0,0x3F,0x00,0x3A,0x3A003F,0x00,0x3A,0x3A00,0x3B,0xB0,0x39,0x39,0x8A,0x110000,0x113A00,6,0x0EB00,1,1,
5.906576,260480,0x018ABE,0x0002,0x02,0,vol_l,0x26,0,0,0x3F,0x00,0x3A,0x3A003F,0x00,0x3A,0x3A00,0x3B,0xB0,0x26,0x39,0x8A,0x110000,0x113A00,6,0x0EB00,1,1,
5.906599,260481,0x018AC3,0x0003,0x03,0,vol_r,0x26,0,0,0x3F,0x00,0x3A,0x3A003F,0x00,0x3A,0x3A00,0x3B,0xB0,0x26,0x26,0x8A,0x110000,0x113A00,6,0x0EB00,1,1,
5.906599,260481,0x018AC7,0x0004,0x04,0,loop_mid,0x00,1,1,0x3F,0x00,0x3A,0x3A003F,0x00,0x3A,0x3A00,0x3B,0xB0,0x26,0x26,0x8A,0x110000,0x113A00,6,0x0EB00,1,1,
5.906621,260482,0x018ACC,0x0084,0x84,0,cur_mid,0x00,0,0,0x3F,0x00,0x3A,0x3A003F,0x00,0x3A,0x3A00,0x3B,0xB0,0x26,0x26,0x8A,0x110000,0x113A00,6,0x0EB00,1,1,current_low_write
5.906621,260482,0x018AD0,0x0005,0x05,0,loop_high,0x84,1,1,0x3F,0x00,0x3A,0x3A003F,0x00,0x84,0x8400,0x3B,0xB0,0x26,0x26,0x8A,0x110000,0x113A00,6,0x0EB00,1,1,
5.906621,260482,0x018AD4,0x0085,0x85,0,cur_high,0x84,2,2,0x3F,0x00,0x84,0x84003F,0x00,0x84,0x8400,0x3B,0xB0,0x26,0x26,0x8A,0x110000,0x118400,8,0x0FE00,1,1,current_pair_complete
5.906644,260483,0x018AD9,0x0006,0x06,0,end,0xA4,0,0,0x3F,0x00,0x84,0x84003F,0x00,0x84,0x8400,0xA4,0xB0,0x26,0x26,0x8A,0x110000,0x118400,8,0x0FE00,1,1,
5.906644,260483,0x018ADD,0x0007,0x07,0,delta,0x8A,1,1,0x3F,0x00,0x84,0x84003F,0x00,0x84,0x8400,0xA4,0x8A,0x26,0x26,0x8A,0x110000,0x118400,8,0x0FE00,1,1,
5.906644,260483,0x018AE1,0x0086,0x86,0,ctrl,0x8A,2,2,0x3F,0x00,0x84,0x84003F,0x00,0x84,0x8400,0xA4,0x8A,0x26,0x26,0x8A,0x110000,0x118400,8,0x0FE00,1,1,retrigger_commit
6.008095,264957,0x018AE8,0x0012,0x12,2,vol_l,0x00,0,0,0x01,0x00,0x00,0x000001,0x00,0x00,0x0000,0x0C,0x80,0x00,0x3F,0x02,0x00000,0x000000,0,0x00000,1,1,
6.008095,264957,0x018AEC,0x0013,0x13,2,vol_r,0x00,1,1,0x01,0x00,0x00,0x000001,0x00,0x00,0x0000,0x0C,0x80,0x00,0x00,0x02,0x00000,0x000000,0,0x00000,1,0,
6.008118,264958,0x018AF1,0x0014,0x14,2,loop_mid,0x00,0,0,0x01,0x00,0x00,0x000001,0x00,0x00,0x0000,0x0C,0x80,0x00,0x00,0x02,0x00000,0x000000,0,0x00000,1,0,
6.008118,264958,0x018AF5,0x0094,0x94,2,cur_mid,0x00,1,1,0x01,0x00,0x00,0x000001,0x00,0x00,0x0000,0x0C,0x80,0x00,0x00,0x02,0x00000,0x000000,0,0x00000,1,0,current_low_write
6.008141,264959,0x018AFA,0x0015,0x15,2,loop_high,0x00,0,0,0x01,0x00,0x00,0x000001,0x00,0x00,0x0000,0x0C,0x80,0x00,0x00,0x02,0x00000,0x000000,0,0x00000,1,0,
6.008141,264959,0x018AFE,0x0095,0x95,2,cur_high,0x00,1,1,0x01,0x00,0x00,0x000001,0x00,0x00,0x0000,0x0C,0x80,0x00,0x00,0x02,0x00000,0x000000,0,0x00000,1,0,current_pair_complete
6.008163,264960,0x018B03,0x0017,0x17,2,delta,0x00,0,0,0x01,0x00,0x00,0x000001,0x00,0x00,0x0000,0x0C,0x00,0x00,0x00,0x02,0x00000,0x000000,0,0x00000,1,0,
6.008163,264960,0x018B07,0x0096,0x96,2,ctrl,0x02,1,1,0x01,0x00,0x00,0x000001,0x00,0x00,0x0000,0x0C,0x00,0x00,0x00,0x02,0x00000,0x000000,0,0x00000,1,0,control_active
6.008481,264974,0x018B0C,0x0034,0x34,6,loop_mid,0x00,0,0,0x0B,0x00,0x71,0x71000B,0x00,0x71,0x7100,0x82,0xA0,0x09,0x09,0x0A,0x10000,0x017100,4,0x07B00,1,1,
6.008481,264974,0x018B10,0x00B4,0xB4,6,cur_mid,0x00,1,1,0x0B,0x00,0x71,0x71000B,0x00,0x71,0x7100,0x82,0xA0,0x09,0x09,0x0A,0x10000,0x017100,4,0x07B00,1,1,current_low_write
6.008481,264974,0x018B14,0x0035,0x35,6,loop_high,0x71,2,2,0x0B,0x00,0x71,0x71000B,0x00,0x71,0x7100,0x82,0xA0,0x09,0x09,0x0A,0x10000,0x017100,4,0x07B00,1,1,
6.008503,264975,0x018B19,0x00B5,0xB5,6,cur_high,0x71,0,0,0x0B,0x00,0x71,0x71000B,0x00,0x71,0x7100,0x82,0xA0,0x09,0x09,0x0A,0x10000,0x017100,4,0x07B00,1,1,current_pair_complete
6.008526,264976,0x018B1E,0x00B6,0xB6,6,ctrl,0x0A,0,0,0x0B,0x00,0x71,0x71000B,0x00,0x71,0x7100,0x82,0xA0,0x09,0x09,0x0A,0x10000,0x017100,4,0x07B00,1,1,retrigger_commit
6.008821,264989,0x018B23,0x002C,0x2C,5,loop_mid,0x00,0,0,0x03,0x00,0xEA,0xEA0003,0x00,0xEA,0xEA00,0xF1,0xA0,0x1E,0x0D,0x02,0x00000,0x00EA00,2,0x03C00,1,1,
6.008821,264989,0x018B27,0x00AC,0xAC,5,cur_mid,0x00,1,1,0x03,0x00,0xEA,0xEA0003,0x00,0xEA,0xEA00,0xF1,0xA0,0x1E,0x0D,0x02,0x00000,0x00EA00,2,0x03C00,1,1,current_low_write
6.008821,264989,0x018B2B,0x002D,0x2D,5,loop_high,0xEA,2,2,0x03,0x00,0xEA,0xEA0003,0x00,0xEA,0xEA00,0xF1,0xA0,0x1E,0x0D,0x02,0x00000,0x00EA00,2,0x03C00,1,1,
6.008844,264990,0x018B30,0x00AD,0xAD,5,cur_high,0xEA,0,0,0x03,0x00,0xEA,0xEA0003,0x00,0xEA,0xEA00,0xF1,0xA0,0x1E,0x0D,0x02,0x00000,0x00EA00,2,0x03C00,1,1,current_pair_complete
6.008866,264991,0x018B35,0x00AE,0xAE,5,ctrl,0x02,0,0,0x03,0x00,0xEA,0xEA0003,0x00,0xEA,0xEA00,0xF1,0xA0,0x1E,0x0D,0x02,0x00000,0x00EA00,2,0x03C00,1,1,retrigger_commit
6.009773,265031,0x018B3C,0x0000,0x00,0,cur_low,0x40,0,0,0x40,0x00,0x84,0x840040,0x00,0x84,0x8400,0xA4,0x8A,0x26,0x26,0x8A,0x110000,0x118400,8,0x0FE00,1,1,
6.009796,265032,0x018B41,0x0002,0x02,0,vol_l,0x2C,0,0,0x40,0x00,0x84,0x840040,0x00,0x84,0x8400,0xA4,0x8A,0x2C,0x26,0x8A,0x110000,0x118400,8,0x0FE00,1,1,
6.009819,265033,0x018B46,0x0003,0x03,0,vol_r,0x2C,0,0,0x40,0x00,0x84,0x840040,0x00,0x84,0x8400,0xA4,0x8A,0x2C,0x2C,0x8A,0x110000,0x118400,8,0x0FE00,1,1,
6.009819,265033,0x018B4A,0x0004,0x04,0,loop_mid,0x00,1,1,0x40,0x00,0x84,0x840040,0x00,0x84,0x8400,0xA4,0x8A,0x2C,0x2C,0x8A,0x110000,0x118400,8,0x0FE00,1,1,
6.009841,265034,0x018B4F,0x0084,0x84,0,cur_mid,0x00,0,0,0x40,0x00,0x84,0x840040,0x00,0x84,0x8400,0xA4,0x8A,0x2C,0x2C,0x8A,0x110000,0x118400,8,0x0FE00,1,1,current_low_write
6.009841,265034,0x018B53,0x0005,0x05,0,loop_high,0xA5,1,1,0x40,0x00,0x84,0x840040,0x00,0xA5,0xA500,0xA4,0x8A,0x2C,0x2C,0x8A,0x110000,0x118400,8,0x0FE00,1,1,
6.009841,265034,0x018B57,0x0085,0x85,0,cur_high,0xA5,2,2,0x40,0x00,0xA5,0xA50040,0x00,0xA5,0xA500,0xA4,0x8A,0x2C,0x2C,0x8A,0x110000,0x11A500,8,0x11F00,1,1,current_pair_complete
6.009864,265035,0x018B5C,0x0006,0x06,0,end,0xBA,0,0,0x40,0x00,0xA5,0xA50040,0x00,0xA5,0xA500,0xBA,0x8A,0x2C,0x2C,0x8A,0x110000,0x11A500,8,0x11F00,1,1,
6.009864,265035,0x018B60,0x0086,0x86,0,ctrl,0x8A,1,1,0x40,0x00,0xA5,0xA50040,0x00,0xA5,0xA500,0xBA,0x8A,0x2C,0x2C,0x8A,0x110000,0x11A500,8,0x11F00,1,1,retrigger_commit
6.025261,265714,0x018B67,0x0014,0x14,2,loop_mid,0x00,0,0,0x01,0x00,0x00,0x000001,0x00,0x00,0x0000,0x0C,0x00,0x00,0x00,0x02,0x00000,0x000000,0,0x00000,1,0,
6.025283,265715,0x018B6C,0x0094,0x94,2,cur_mid,0x00,0,0,0x01,0x00,0x00,0x000001,0x00,0x00,0x0000,0x0C,0x00,0x00,0x00,0x02,0x00000,0x000000,0,0x00000,1,0,current_low_write
6.025283,265715,0x018B70,0x0015,0x15,2,loop_high,0x00,1,1,0x01,0x00,0x00,0x000001,0x00,0x00,0x0000,0x0C,0x00,0x00,0x00,0x02,0x00000,0x000000,0,0x00000,1,0,
6.025283,265715,0x018B74,0x0095,0x95,2,cur_high,0x00,2,2,0x01,0x00,0x00,0x000001,0x00,0x00,0x0000,0x0C,0x00,0x00,0x00,0x02,0x00000,0x000000,0,0x00000,1,0,current_pair_complete
6.111383,269512,0x018B7B,0x0034,0x34,6,loop_mid,0x00,0,0,0x0B,0x00,0x71,0x71000B,0x00,0x71,0x7100,0x82,0xA0,0x09,0x09,0x0A,0x10000,0x017100,4,0x07B00,1,1,
6.111383,269512,0x018B7F,0x00B4,0xB4,6,cur_mid,0x00,1,1,0x0B,0x00,0x71,0x71000B,0x00,0x71,0x7100,0x82,0xA0,0x09,0x09,0x0A,0x10000,0x017100,4,0x07B00,1,1,current_low_write
6.111406,269513,0x018B84,0x0035,0x35,6,loop_high,0x71,0,0,0x0B,0x00,0x71,0x71000B,0x00,0x71,0x7100,0x82,0xA0,0x09,0x09,0x0A,0x10000,0x017100,4,0x07B00,1,1,
6.111406,269513,0x018B88,0x00B5,0xB5,6,cur_high,0x71,1,1,0x0B,0x00,0x71,0x71000B,0x00,0x71,0x7100,0x82,0xA0,0x09,0x09,0x0A,0x10000,0x017100,4,0x07B00,1,1,current_pair_complete
6.111429,269514,0x018B8D,0x00B6,0xB6,6,ctrl,0x0A,0,0,0x0B,0x00,0x71,0x71000B,0x00,0x71,0x7100,0x82,0xA0,0x09,0x09,0x0A,0x10000,0x017100,4,0x07B00,1,1,retrigger_commit
6.112517,269562,0x018B94,0x0000,0x00,0,cur_low,0x46,0,0,0x46,0x00,0xA5,0xA50046,0x00,0xA5,0xA500,0xBA,0x8A,0x2C,0x2C,0x8A,0x110000,0x11A500,8,0x11F00,1,1,
6.112540,269563,0x018B99,0x0002,0x02,0,vol_l,0x39,0,0,0x46,0x00,0xA5,0xA50046,0x00,0xA5,0xA500,0xBA,0x8A,0x39,0x2C,0x8A,0x110000,0x11A500,8,0x11F00,1,1,
6.112540,269563,0x018B9D,0x0003,0x03,0,vol_r,0x39,1,1,0x46,0x00,0xA5,0xA50046,0x00,0xA5,0xA500,0xBA,0x8A,0x39,0x39,0x8A,0x110000,0x11A500,8,0x11F00,1,1,
6.112562,269564,0x018BA2,0x0004,0x04,0,loop_mid,0x00,0,0,0x46,0x00,0xA5,0xA50046,0x00,0xA5,0xA500,0xBA,0x8A,0x39,0x39,0x8A,0x110000,0x11A500,8,0x11F00,1,1,
6.112562,269564,0x018BA6,0x0084,0x84,0,cur_mid,0x00,1,1,0x46,0x00,0xA5,0xA50046,0x00,0xA5,0xA500,0xBA,0x8A,0x39,0x39,0x8A,0x110000,0x11A500,8,0x11F00,1,1,current_low_write
6.112585,269565,0x018BAB,0x0005,0x05,0,loop_high,0x3A,0,0,0x46,0x00,0xA5,0xA50046,0x00,0x3A,0x3A00,0xBA,0x8A,0x39,0x39,0x8A,0x110000,0x11A500,8,0x11F00,1,1,
6.112585,269565,0x018BAF,0x0085,0x85,0,cur_high,0x3A,1,1,0x46,0x00,0x3A,0x3A0046,0x00,0x3A,0x3A00,0xBA,0x8A,0x39,0x39,0x8A,0x110000,0x113A00,6,0x0EB00,1,1,current_pair_complete
6.112585,269565,0x018BB3,0x0006,0x06,0,end,0x3B,2,2,0x46,0x00,0x3A,0x3A0046,0x00,0x3A,0x3A00,0x3B,0x8A,0x39,0x39,0x8A,0x110000,0x113A00,6,0x0EB00,1,1,
6.112608,269566,0x018BB8,0x0007,0x07,0,delta,0xB0,0,0,0x46,0x00,0x3A,0x3A0046,0x00,0x3A,0x3A00,0x3B,0xB0,0x39,0x39,0x8A,0x110000,0x113A00,6,0x0EB00,1,1,
6.112608,269566,0x018BBC,0x0086,0x86,0,ctrl,0x8A,1,1,0x46,0x00,0x3A,0x3A0046,0x00,0x3A,0x3A00,0x3B,0xB0,0x39,0x39,0x8A,0x110000,0x113A00,6,0x0EB00,1,1,retrigger_commit
6.214286,274050,0x018BC3,0x0034,0x34,6,loop_mid,0x00,0,0,0x0B,0x00,0x71,0x71000B,0x00,0x71,0x7100,0x82,0xA0,0x09,0x09,0x0A,0x10000,0x017100,4,0x07B00,1,1,
6.214286,274050,0x018BC7,0x00B4,0xB4,6,cur_mid,0x00,1,1,0x0B,0x00,0x71,0x71000B,0x00,0x71,0x7100,0x82,0xA0,0x09,0x09,0x0A,0x10000,0x017100,4,0x07B00,1,1,current_low_write
6.214308,274051,0x018BCC,0x0035,0x35,6,loop_high,0x71,0,0,0x0B,0x00,0x71,0x71000B,0x00,0x71,0x7100,0x82,0xA0,0x09,0x09,0x0A,0x10000,0x017100,4,0x07B00,1,1,
6.214308,274051,0x018BD0,0x00B5,0xB5,6,cur_high,0x71,1,1,0x0B,0x00,0x71,0x71000B,0x00,0x71,0x7100,0x82,0xA0,0x09,0x09,0x0A,0x10000,0x017100,4,0x07B00,1,1,current_pair_complete
6.214331,274052,0x018BD5,0x00B6,0xB6,6,ctrl,0x0A,0,0,0x0B,0x00,0x71,0x71000B,0x00,0x71,0x7100,0x82,0xA0,0x09,0x09,0x0A,0x10000,0x017100,4,0x07B00,1,1,retrigger_commit
6.214626,274065,0x018BDA,0x002C,0x2C,5,loop_mid,0x00,0,0,0x03,0x00,0xEA,0xEA0003,0x00,0xEA,0xEA00,0xF1,0xA0,0x1E,0x0D,0x02,0x00000,0x00EA00,2,0x03C00,1,1,
6.214626,274065,0x018BDE,0x00AC,0xAC,5,cur_mid,0x00,1,1,0x03,0x00,0xEA,0xEA0003,0x00,0xEA,0xEA00,0xF1,0xA0,0x1E,0x0D,0x02,0x00000,0x00EA00,2,0x03C00,1,1,current_low_write
6.214649,274066,0x018BE3,0x002D,0x2D,5,loop_high,0xEA,0,0,0x03,0x00,0xEA,0xEA0003,0x00,0xEA,0xEA00,0xF1,0xA0,0x1E,0x0D,0x02,0x00000,0x00EA00,2,0x03C00,1,1,
6.214649,274066,0x018BE7,0x00AD,0xAD,5,cur_high,0xEA,1,1,0x03,0x00,0xEA,0xEA0003,0x00,0xEA,0xEA00,0xF1,0xA0,0x1E,0x0D,0x02,0x00000,0x00EA00,2,0x03C00,1,1,current_pair_complete
6.214671,274067,0x018BEC,0x00AE,0xAE,5,ctrl,0x02,0,0,0x03,0x00,0xEA,0xEA0003,0x00,0xEA,0xEA00,0xF1,0xA0,0x1E,0x0D,0x02,0x00000,0x00EA00,2,0x03C00,1,1,retrigger_commit
6.215601,274108,0x018BF3,0x0000,0x00,0,cur_low,0x41,0,0,0x41,0x00,0x3A,0x3A0041,0x00,0x3A,0x3A00,0x3B,0xB0,0x39,0x39,0x8A,0x110000,0x113A00,6,0x0EB00,1,1,
6.215624,274109,0x018BF8,0x0002,0x02,0,vol_l,0x26,0,0,0x41,0x00,0x3A,0x3A0041,0x00,0x3A,0x3A00,0x3B,0xB0,0x26,0x39,0x8A,0x110000,0x113A00,6,0x0EB00,1,1,
6.215624,274109,0x018BFC,0x0003,0x03,0,vol_r,0x26,1,1,0x41,0x00,0x3A,0x3A0041,0x00,0x3A,0x3A00,0x3B,0xB0,0x26,0x26,0x8A,0x110000,0x113A00,6,0x0EB00,1,1,
6.215646,274110,0x018C01,0x0004,0x04,0,loop_mid,0x00,0,0,0x41,0x00,0x3A,0x3A0041,0x00,0x3A,0x3A00,0x3B,0xB0,0x26,0x26,0x8A,0x110000,0x113A00,6,0x0EB00,1,1,
6.215646,274110,0x018C05,0x0084,0x84,0,cur_mid,0x00,1,1,0x41,0x00,0x3A,0x3A0041,0x00,0x3A,0x3A00,0x3B,0xB0,0x26,0x26,0x8A,0x110000,0x113A00,6,0x0EB00,1,1,current_low_write
6.215669,274111,0x018C0A,0x0005,0x05,0,loop_high,0xBB,0,0,0x41,0x00,0x3A,0x3A0041,0x00,0xBB,0xBB00,0x3B,0xB0,0x26,0x26,0x8A,0x110000,0x113A00,6,0x0EB00,1,1,
6.215669,274111,0x018C0E,0x0085,0x85,0,cur_high,0xBB,1,1,0x41,0x00,0xBB,0xBB0041,0x00,0xBB,0xBB00,0x3B,0xB0,0x26,0x26,0x8A,0x110000,0x11BB00,8,0x13500,1,1,current_pair_complete
6.215669,274111,0x018C12,0x0006,0x06,0,end,0xD0,2,2,0x41,0x00,0xBB,0xBB0041,0x00,0xBB,0xBB00,0xD0,0xB0,0x26,0x26,0x8A,0x110000,0x11BB00,8,0x13500,1,1,
6.215692,274112,0x018C17,0x0007,0x07,0,delta,0x7D,0,0,0x41,0x00,0xBB,0xBB0041,0x00,0xBB,0xBB00,0xD0,0x7D,0x26,0x26,0x8A,0x110000,0x11BB00,8,0x13500,1,1,
6.215692,274112,0x018C1B,0x0086,0x86,0,ctrl,0x8A,1,1,0x41,0x00,0xBB,0xBB0041,0x00,0xBB,0xBB00,0xD0,0x7D,0x26,0x26,0x8A,0x110000,0x11BB00,8,0x13500,1,1,retrigger_commit
6.317211,278589,0x018C22,0x0034,0x34,6,loop_mid,0x00,0,0,0x0B,0x00,0x71,0x71000B,0x00,0x71,0x7100,0x82,0xA0,0x09,0x09,0x0A,0x10000,0x017100,4,0x07B00,1,1,
6.317211,278589,0x018C26,0x00B4,0xB4,6,cur_mid,0x00,1,1,0x0B,0x00,0x71,0x71000B,0x00,0x71,0x7100,0x82,0xA0,0x09,0x09,0x0A,0x10000,0x017100,4,0x07B00,1,1,current_low_write
6.317234,278590,0x018C2B,0x0035,0x35,6,loop_high,0x71,0,0,0x0B,0x00,0x71,0x71000B,0x00,0x71,0x7100,0x82,0xA0,0x09,0x09,0x0A,0x10000,0x017100,4,0x07B00,1,1,
6.317234,278590,0x018C2F,0x00B5,0xB5,6,cur_high,0x71,1,1,0x0B,0x00,0x71,0x71000B,0x00,0x71,0x7100,0x82,0xA0,0x09,0x09,0x0A,0x10000,0x017100,4,0x07B00,1,1,current_pair_complete
6.317256,278591,0x018C34,0x00B6,0xB6,6,ctrl,0x0A,0,0,0x0B,0x00,0x71,0x71000B,0x00,0x71,0x7100,0x82,0xA0,0x09,0x09,0x0A,0x10000,0x017100,4,0x07B00,1,1,retrigger_commit
6.318345,278639,0x018C3B,0x0000,0x00,0,cur_low,0x44,0,0,0x44,0x00,0xBB,0xBB0044,0x00,0xBB,0xBB00,0xD0,0x7D,0x26,0x26,0x8A,0x110000,0x11BB00,8,0x13500,1,1,
6.318367,278640,0x018C40,0x0002,0x02,0,vol_l,0x2C,0,0,0x44,0x00,0xBB,0xBB0044,0x00,0xBB,0xBB00,0xD0,0x7D,0x2C,0x26,0x8A,0x110000,0x11BB00,8,0x13500,1,1,
6.318367,278640,0x018C44,0x0003,0x03,0,vol_r,0x2C,1,1,0x44,0x00,0xBB,0xBB0044,0x00,0xBB,0xBB00,0xD0,0x7D,0x2C,0x2C,0x8A,0x110000,0x11BB00,8,0x13500,1,1,
6.318390,278641,0x018C49,0x0004,0x04,0,loop_mid,0x00,0,0,0x44,0x00,0xBB,0xBB0044,0x00,0xBB,0xBB00,0xD0,0x7D,0x2C,0x2C,0x8A,0x110000,0x11BB00,8,0x13500,1,1,
6.318390,278641,0x018C4D,0x0084,0x84,0,cur_mid,0x00,1,1,0x44,0x00,0xBB,0xBB0044,0x00,0xBB,0xBB00,0xD0,0x7D,0x2C,0x2C,0x8A,0x110000,0x11BB00,8,0x13500,1,1,current_low_write
6.318413,278642,0x018C52,0x0005,0x05,0,loop_high,0xEE,0,0,0x44,0x00,0xBB,0xBB0044,0x00,0xEE,0xEE00,0xD0,0x7D,0x2C,0x2C,0x8A,0x110000,0x11BB00,8,0x13500,1,1,
6.318413,278642,0x018C56,0x0085,0x85,0,cur_high,0xEE,1,1,0x44,0x00,0xEE,0xEE0044,0x00,0xEE,0xEE00,0xD0,0x7D,0x2C,0x2C,0x8A,0x110000,0x11EE00,8,0x16800,1,1,current_pair_complete
6.318413,278642,0x018C5A,0x0006,0x06,0,end,0xFC,2,2,0x44,0x00,0xEE,0xEE0044,0x00,0xEE,0xEE00,0xFC,0x7D,0x2C,0x2C,0x8A,0x110000,0x11EE00,8,0x16800,1,1,
6.318435,278643,0x018C5F,0x0086,0x86,0,ctrl,0x8A,0,0,0x44,0x00,0xEE,0xEE0044,0x00,0xEE,0xEE00,0xFC,0x7D,0x2C,0x2C,0x8A,0x110000,0x11EE00,8,0x16800,1,1,retrigger_commit
6.420091,283126,0x018C66,0x0032,0x32,6,vol_l,0x3F,0,0,0x0B,0x00,0x71,0x71000B,0x00,0x71,0x7100,0x82,0xA0,0x3F,0x09,0x0A,0x10000,0x017100,4,0x07B00,1,1,
6.420113,283127,0x018C6B,0x0033,0x33,6,vol_r,0x3F,0,0,0x0B,0x00,0x71,0x71000B,0x00,0x71,0x7100,0x82,0xA0,0x3F,0x3F,0x0A,0x10000,0x017100,4,0x07B00,1,1,
6.420113,283127,0x018C6F,0x0034,0x34,6,loop_mid,0x00,1,1,0x0B,0x00,0x71,0x71000B,0x00,0x71,0x7100,0x82,0xA0,0x3F,0x3F,0x0A,0x10000,0x017100,4,0x07B00,1,1,
6.420113,283127,0x018C73,0x00B4,0xB4,6,cur_mid,0x00,2,2,0x0B,0x00,0x71,0x71000B,0x00,0x71,0x7100,0x82,0xA0,0x3F,0x3F,0x0A,0x10000,0x017100,4,0x07B00,1,1,current_low_write
6.420136,283128,0x018C78,0x0035,0x35,6,loop_high,0x71,0,0,0x0B,0x00,0x71,0x71000B,0x00,0x71,0x7100,0x82,0xA0,0x3F,0x3F,0x0A,0x10000,0x017100,4,0x07B00,1,1,
6.420136,283128,0x018C7C,0x00B5,0xB5,6,cur_high,0x71,1,1,0x0B,0x00,0x71,0x71000B,0x00,0x71,0x7100,0x82,0xA0,0x3F,0x3F,0x0A,0x10000,0x017100,4,0x07B00,1,1,current_pair_complete
6.420159,283129,0x018C81,0x00B6,0xB6,6,ctrl,0x0A,0,0,0x0B,0x00,0x71,0x71000B,0x00,0x71,0x7100,0x82,0xA0,0x3F,0x3F,0x0A,0x10000,0x017100,4,0x07B00,1,1,retrigger_commit
6.420454,283142,0x018C86,0x002C,0x2C,5,loop_mid,0x00,0,0,0x03,0x00,0xEA,0xEA0003,0x00,0xEA,0xEA00,0xF1,0xA0,0x1E,0x0D,0x02,0x00000,0x00EA00,2,0x03C00,1,1,
6.420454,283142,0x018C8A,0x00AC,0xAC,5,cur_mid,0x00,1,1,0x03,0x00,0xEA,0xEA0003,0x00,0xEA,0xEA00,0xF1,0xA0,0x1E,0x0D,0x02,0x00000,0x00EA00,2,0x03C00,1,1,current_low_write
6.420476,283143,0x018C8F,0x002D,0x2D,5,loop_high,0xEA,0,0,0x03,0x00,0xEA,0xEA0003,0x00,0xEA,0xEA00,0xF1,0xA0,0x1E,0x0D,0x02,0x00000,0x00EA00,2,0x03C00,1,1,
6.420476,283143,0x018C93,0x00AD,0xAD,5,cur_high,0xEA,1,1,0x03,0x00,0xEA,0xEA0003,0x00,0xEA,0xEA00,0xF1,0xA0,0x1E,0x0D,0x02,0x00000,0x00EA00,2,0x03C00,1,1,current_pair_complete
6.420499,283144,0x018C98,0x00AE,0xAE,5,ctrl,0x02,0,0,0x03,0x00,0xEA,0xEA0003,0x00,0xEA,0xEA00,0xF1,0xA0,0x1E,0x0D,0x02,0x00000,0x00EA00,2,0x03C00,1,1,retrigger_commit
6.421429,283185,0x018C9F,0x0000,0x00,0,cur_low,0x3F,0,0,0x3F,0x00,0xEE,0xEE003F,0x00,0xEE,0xEE00,0xFC,0x7D,0x2C,0x2C,0x8A,0x110000,0x11EE00,8,0x16800,1,1,
6.421451,283186,0x018CA4,0x0002,0x02,0,vol_l,0x26,0,0,0x3F,0x00,0xEE,0xEE003F,0x00,0xEE,0xEE00,0xFC,0x7D,0x26,0x2C,0x8A,0x110000,0x11EE00,8,0x16800,1,1,
6.421451,283186,0x018CA8,0x0003,0x03,0,vol_r,0x26,1,1,0x3F,0x00,0xEE,0xEE003F,0x00,0xEE,0xEE00,0xFC,0x7D,0x26,0x26,0x8A,0x110000,0x11EE00,8,0x16800,1,1,
6.421474,283187,0x018CAD,0x0004,0x04,0,loop_mid,0x00,0,0,0x3F,0x00,0xEE,0xEE003F,0x00,0xEE,0xEE00,0xFC,0x7D,0x26,0x26,0x8A,0x110000,0x11EE00,8,0x16800,1,1,
6.421474,283187,0x018CB1,0x0084,0x84,0,cur_mid,0x00,1,1,0x3F,0x00,0xEE,0xEE003F,0x00,0xEE,0xEE00,0xFC,0x7D,0x26,0x26,0x8A,0x110000,0x11EE00,8,0x16800,1,1,current_low_write
6.421497,283188,0x018CB6,0x0005,0x05,0,loop_high,0x84,0,0,0x3F,0x00,0xEE,0xEE003F,0x00,0x84,0x8400,0xFC,0x7D,0x26,0x26,0x8A,0x110000,0x11EE00,8,0x16800,1,1,
6.421497,283188,0x018CBA,0x0085,0x85,0,cur_high,0x84,1,1,0x3F,0x00,0x84,0x84003F,0x00,0x84,0x8400,0xFC,0x7D,0x26,0x26,0x8A,0x110000,0x118400,8,0x0FE00,1,1,current_pair_complete
6.421497,283188,0x018CBE,0x0006,0x06,0,end,0xA4,2,2,0x3F,0x00,0x84,0x84003F,0x00,0x84,0x8400,0xA4,0x7D,0x26,0x26,0x8A,0x110000,0x118400,8,0x0FE00,1,1,
6.421519,283189,0x018CC3,0x0086,0x86,0,ctrl,0x8A,0,0,0x3F,0x00,0x84,0x84003F,0x00,0x84,0x8400,0xA4,0x7D,0x26,0x26,0x8A,0x110000,0x118400,8,0x0FE00,1,1,retrigger_commit
6.523946,287706,0x018CCA,0x0000,0x00,0,cur_low,0x40,0,0,0x40,0x00,0x84,0x840040,0x00,0x84,0x8400,0xA4,0x7D,0x26,0x26,0x8A,0x110000,0x118400,8,0x0FE00,1,1,
6.523968,287707,0x018CCF,0x0002,0x02,0,vol_l,0x2C,0,0,0x40,0x00,0x84,0x840040,0x00,0x84,0x8400,0xA4,0x7D,0x2C,0x26,0x8A,0x110000,0x118400,8,0x0FE00,1,1,
6.523991,287708,0x018CD4,0x0003,0x03,0,vol_r,0x2C,0,0,0x40,0x00,0x84,0x840040,0x00,0x84,0x8400,0xA4,0x7D,0x2C,0x2C,0x8A,0x110000,0x118400,8,0x0FE00,1,1,
6.523991,287708,0x018CD8,0x0004,0x04,0,loop_mid,0x00,1,1,0x40,0x00,0x84,0x840040,0x00,0x84,0x8400,0xA4,0x7D,0x2C,0x2C,0x8A,0x110000,0x118400,8,0x0FE00,1,1,
6.524014,287709,0x018CDD,0x0084,0x84,0,cur_mid,0x00,0,0,0x40,0x00,0x84,0x840040,0x00,0x84,0x8400,0xA4,0x7D,0x2C,0x2C,0x8A,0x110000,0x118400,8,0x0FE00,1,1,current_low_write
6.524014,287709,0x018CE1,0x0005,0x05,0,loop_high,0xA5,1,1,0x40,0x00,0x84,0x840040,0x00,0xA5,0xA500,0xA4,0x7D,0x2C,0x2C,0x8A,0x110000,0x118400,8,0x0FE00,1,1,
6.524014,287709,0x018CE5,0x0085,0x85,0,cur_high,0xA5,2,2,0x40,0x00,0xA5,0xA50040,0x00,0xA5,0xA500,0xA4,0x7D,0x2C,0x2C,0x8A,0x110000,0x11A500,8,0x11F00,1,1,current_pair_complete
6.524036,287710,0x018CEA,0x0006,0x06,0,end,0xBA,0,0,0x40,0x00,0xA5,0xA50040,0x00,0xA5,0xA500,0xBA,0x7D,0x2C,0x2C,0x8A,0x110000,0x11A500,8,0x11F00,1,1,
6.524036,287710,0x018CEE,0x0086,0x86,0,ctrl,0x8A,1,1,0x40,0x00,0xA5,0xA50040,0x00,0xA5,0xA500,0xBA,0x7D,0x2C,0x2C,0x8A,0x110000,0x11A500,8,0x11F00,1,1,retrigger_commit
6.626213,292216,0x018D4D,0x002C,0x2C,5,loop_mid,0x00,0,0,0x03,0x00,0xEA,0xEA0003,0x00,0xEA,0xEA00,0xF1,0xA0,0x1E,0x0D,0x02,0x00000,0x00EA00,2,0x03C00,1,1,
6.626213,292216,0x018D51,0x00AC,0xAC,5,cur_mid,0x00,1,1,0x03,0x00,0xEA,0xEA0003,0x00,0xEA,0xEA00,0xF1,0xA0,0x1E,0x0D,0x02,0x00000,0x00EA00,2,0x03C00,1,1,current_low_write
6.626236,292217,0x018D56,0x002D,0x2D,5,loop_high,0xEA,0,0,0x03,0x00,0xEA,0xEA0003,0x00,0xEA,0xEA00,0xF1,0xA0,0x1E,0x0D,0x02,0x00000,0x00EA00,2,0x03C00,1,1,
6.626236,292217,0x018D5A,0x00AD,0xAD,5,cur_high,0xEA,1,1,0x03,0x00,0xEA,0xEA0003,0x00,0xEA,0xEA00,0xF1,0xA0,0x1E,0x0D,0x02,0x00000,0x00EA00,2,0x03C00,1,1,current_pair_complete
6.626259,292218,0x018D5F,0x00AE,0xAE,5,ctrl,0x02,0,0,0x03,0x00,0xEA,0xEA0003,0x00,0xEA,0xEA00,0xF1,0xA0,0x1E,0x0D,0x02,0x00000,0x00EA00,2,0x03C00,1,1,retrigger_commit
6.626621,292234,0x018D64,0x001A,0x1A,3,vol_l,0x3F,0,0,0x0C,0x00,0x00,0x00000C,0x00,0x00,0x0000,0x5D,0x00,0x3F,0x00,0x12,0x20000,0x020000,5,0x08D00,1,1,volume_on
6.626644,292235,0x018D69,0x001B,0x1B,3,vol_r,0x20,0,0,0x0C,0x00,0x00,0x00000C,0x00,0x00,0x0000,0x5D,0x00,0x3F,0x20,0x12,0x20000,0x020000,5,0x08D00,1,1,
6.626689,292237,0x018D6E,0x001F,0x1F,3,delta,0xA0,0,0,0x0C,0x00,0x00,0x00000C,0x00,0x00,0x0000,0x5D,0xA0,0x3F,0x20,0x12,0x20000,0x020000,5,0x08D00,1,1,
6.626689,292237,0x018D72,0x009E,0x9E,3,ctrl,0x12,1,1,0x0C,0x00,0x00,0x00000C,0x00,0x00,0x0000,0x5D,0xA0,0x3F,0x20,0x12,0x20000,0x020000,5,0x08D00,1,1,retrigger_commit
6.728639,296733,0x018D87,0x0012,0x12,2,vol_l,0x3F,0,0,0x01,0x00,0x00,0x000001,0x00,0x00,0x0000,0x0C,0x00,0x3F,0x00,0x02,0x00000,0x000000,0,0x00000,1,1,volume_on
6.728662,296734,0x018D8C,0x0013,0x13,2,vol_r,0x3F,0,0,0x01,0x00,0x00,0x000001,0x00,0x00,0x0000,0x0C,0x00,0x3F,0x3F,0x02,0x00000,0x000000,0,0x00000,1,1,
6.728707,296736,0x018D91,0x0017,0x17,2,delta,0x80,0,0,0x01,0x00,0x00,0x000001,0x00,0x00,0x0000,0x0C,0x80,0x3F,0x3F,0x02,0x00000,0x000000,0,0x00000,1,1,
6.728707,296736,0x018D95,0x0096,0x96,2,ctrl,0x02,1,1,0x01,0x00,0x00,0x000001,0x00,0x00,0x0000,0x0C,0x80,0x3F,0x3F,0x02,0x00000,0x000000,0,0x00000,1,1,retrigger_commit
6.831474,301268,0x018DAA,0x0012,0x12,2,vol_l,0x00,0,0,0x01,0x00,0x00,0x000001,0x00,0x00,0x0000,0x0C,0x80,0x00,0x3F,0x02,0x00000,0x000000,0,0x00000,1,1,
6.831474,301268,0x018DAE,0x0013,0x13,2,vol_r,0x00,1,1,0x01,0x00,0x00,0x000001,0x00,0x00,0x0000,0x0C,0x80,0x00,0x00,0x02,0x00000,0x000000,0,0x00000,1,0,
6.831497,301269,0x018DB3,0x0014,0x14,2,loop_mid,0x00,0,0,0x01,0x00,0x00,0x000001,0x00,0x00,0x0000,0x0C,0x80,0x00,0x00,0x02,0x00000,0x000000,0,0x00000,1,0,
6.831497,301269,0x018DB7,0x0094,0x94,2,cur_mid,0x00,1,1,0x01,0x00,0x00,0x000001,0x00,0x00,0x0000,0x0C,0x80,0x00,0x00,0x02,0x00000,0x000000,0,0x00000,1,0,current_low_write
6.831519,301270,0x018DBC,0x0015,0x15,2,loop_high,0x00,0,0,0x01,0x00,0x00,0x000001,0x00,0x00,0x0000,0x0C,0x80,0x00,0x00,0x02,0x00000,0x000000,0,0x00000,1,0,
6.831519,301270,0x018DC0,0x0095,0x95,2,cur_high,0x00,1,1,0x01,0x00,0x00,0x000001,0x00,0x00,0x0000,0x0C,0x80,0x00,0x00,0x02,0x00000,0x000000,0,0x00000,1,0,current_pair_complete
6.831542,301271,0x018DC5,0x0017,0x17,2,delta,0x00,0,0,0x01,0x00,0x00,0x000001,0x00,0x00,0x0000,0x0C,0x00,0x00,0x00,0x02,0x00000,0x000000,0,0x00000,1,0,
6.831542,301271,0x018DC9,0x0096,0x96,2,ctrl,0x02,1,1,0x01,0x00,0x00,0x000001,0x00,0x00,0x0000,0x0C,0x00,0x00,0x00,0x02,0x00000,0x000000,0,0x00000,1,0,control_active
6.831814,301283,0x018DCE,0x0032,0x32,6,vol_l,0x00,0,0,0x0B,0x00,0x71,0x71000B,0x00,0x71,0x7100,0x82,0xA0,0x00,0x3F,0x0A,0x10000,0x017100,4,0x07B00,1,1,
6.831814,301283,0x018DD2,0x0033,0x33,6,vol_r,0x00,1,1,0x0B,0x00,0x71,0x71000B,0x00,0x71,0x7100,0x82,0xA0,0x00,0x00,0x0A,0x10000,0x017100,4,0x07B00,1,0,
6.831837,301284,0x018DD7,0x0034,0x34,6,loop_mid,0x00,0,0,0x0B,0x00,0x71,0x71000B,0x00,0x71,0x7100,0x82,0xA0,0x00,0x00,0x0A,0x10000,0x017100,4,0x07B00,1,0,
6.831837,301284,0x018DDB,0x00B4,0xB4,6,cur_mid,0x00,1,1,0x0B,0x00,0x71,0x71000B,0x00,0x71,0x7100,0x82,0xA0,0x00,0x00,0x0A,0x10000,0x017100,4,0x07B00,1,0,current_low_write
6.831837,301284,0x018DDF,0x0035,0x35,6,loop_high,0x71,2,2,0x0B,0x00,0x71,0x71000B,0x00,0x71,0x7100,0x82,0xA0,0x00,0x00,0x0A,0x10000,0x017100,4,0x07B00,1,0,
6.831837,301284,0x018DE3,0x00B5,0xB5,6,cur_high,0x71,3,3,0x0B,0x00,0x71,0x71000B,0x00,0x71,0x7100,0x82,0xA0,0x00,0x00,0x0A,0x10000,0x017100,4,0x07B00,1,0,current_pair_complete
6.831882,301286,0x018DE8,0x00B6,0xB6,6,ctrl,0x0A,0,0,0x0B,0x00,0x71,0x71000B,0x00,0x71,0x7100,0x82,0xA0,0x00,0x00,0x0A,0x10000,0x017100,4,0x07B00,1,0,control_active
6.832177,301299,0x018DED,0x002C,0x2C,5,loop_mid,0x00,0,0,0x03,0x00,0xEA,0xEA0003,0x00,0xEA,0xEA00,0xF1,0xA0,0x1E,0x0D,0x02,0x00000,0x00EA00,2,0x03C00,1,1,
6.832177,301299,0x018DF1,0x00AC,0xAC,5,cur_mid,0x00,1,1,0x03,0x00,0xEA,0xEA0003,0x00,0xEA,0xEA00,0xF1,0xA0,0x1E,0x0D,0x02,0x00000,0x00EA00,2,0x03C00,1,1,current_low_write
6.832177,301299,0x018DF5,0x002D,0x2D,5,loop_high,0xEA,2,2,0x03,0x00,0xEA,0xEA0003,0x00,0xEA,0xEA00,0xF1,0xA0,0x1E,0x0D,0x02,0x00000,0x00EA00,2,0x03C00,1,1,
6.832200,301300,0x018DFA,0x00AD,0xAD,5,cur_high,0xEA,0,0,0x03,0x00,0xEA,0xEA0003,0x00,0xEA,0xEA00,0xF1,0xA0,0x1E,0x0D,0x02,0x00000,0x00EA00,2,0x03C00,1,1,current_pair_complete
6.832222,301301,0x018DFF,0x00AE,0xAE,5,ctrl,0x02,0,0,0x03,0x00,0xEA,0xEA0003,0x00,0xEA,0xEA00,0xF1,0xA0,0x1E,0x0D,0x02,0x00000,0x00EA00,2,0x03C00,1,1,retrigger_commit
6.848639,302025,0x018E06,0x0014,0x14,2,loop_mid,0x00,0,0,0x01,0x00,0x00,0x000001,0x00,0x00,0x0000,0x0C,0x00,0x00,0x00,0x02,0x00000,0x000000,0,0x00000,1,0,
6.848639,302025,0x018E0A,0x0094,0x94,2,cur_mid,0x00,1,1,0x01,0x00,0x00,0x000001,0x00,0x00,0x0000,0x0C,0x00,0x00,0x00,0x02,0x00000,0x000000,0,0x00000,1,0,current_low_write
6.848662,302026,0x018E0F,0x0015,0x15,2,loop_high,0x00,0,0,0x01,0x00,0x00,0x000001,0x00,0x00,0x0000,0x0C,0x00,0x00,0x00,0x02,0x00000,0x000000,0,0x00000,1,0,
6.848662,302026,0x018E13,0x0095,0x95,2,cur_high,0x00,1,1,0x01,0x00,0x00,0x000001,0x00,0x00,0x0000,0x0C,0x00,0x00,0x00,0x02,0x00000,0x000000,0,0x00000,1,0,current_pair_complete
6.848980,302040,0x018E18,0x0034,0x34,6,loop_mid,0x00,0,0,0x0B,0x00,0x71,0x71000B,0x00,0x71,0x7100,0x82,0xA0,0x00,0x00,0x0A,0x10000,0x017100,4,0x07B00,1,0,
6.848980,302040,0x018E1C,0x00B4,0xB4,6,cur_mid,0x00,1,1,0x0B,0x00,0x71,0x71000B,0x00,0x71,0x7100,0x82,0xA0,0x00,0x00,0x0A,0x10000,0x017100,4,0x07B00,1,0,current_low_write
6.848980,302040,0x018E20,0x0035,0x35,6,loop_high,0x71,2,2,0x0B,0x00,0x71,0x71000B,0x00,0x71,0x7100,0x82,0xA0,0x00,0x00,0x0A,0x10000,0x017100,4,0x07B00,1,0,
6.848980,302040,0x018E24,0x00B5,0xB5,6,cur_high,0x71,3,3,0x0B,0x00,0x71,0x71000B,0x00,0x71,0x7100,0x82,0xA0,0x00,0x00,0x0A,0x10000,0x017100,4,0x07B00,1,0,current_pair_complete
6.849025,302042,0x018E29,0x00B6,0xB6,6,ctrl,0x0A,0,0,0x0B,0x00,0x71,0x71000B,0x00,0x71,0x7100,0x82,0xA0,0x00,0x00,0x0A,0x10000,0x017100,4,0x07B00,1,0,control_active
6.866145,302797,0x018E30,0x0034,0x34,6,loop_mid,0x00,0,0,0x0B,0x00,0x71,0x71000B,0x00,0x71,0x7100,0x82,0xA0,0x00,0x00,0x0A,0x10000,0x017100,4,0x07B00,1,0,
6.866145,302797,0x018E34,0x00B4,0xB4,6,cur_mid,0x00,1,1,0x0B,0x00,0x71,0x71000B,0x00,0x71,0x7100,0x82,0xA0,0x00,0x00,0x0A,0x10000,0x017100,4,0x07B00,1,0,current_low_write
6.866145,302797,0x018E38,0x0035,0x35,6,loop_high,0x71,2,2,0x0B,0x00,0x71,0x71000B,0x00,0x71,0x7100,0x82,0xA0,0x00,0x00,0x0A,0x10000,0x017100,4,0x07B00,1,0,
6.866145,302797,0x018E3C,0x00B5,0xB5,6,cur_high,0x71,3,3,0x0B,0x00,0x71,0x71000B,0x00,0x71,0x7100,0x82,0xA0,0x00,0x00,0x0A,0x10000,0x017100,4,0x07B00,1,0,current_pair_complete
6.866190,302799,0x018E41,0x00B6,0xB6,6,ctrl,0x0A,0,0,0x0B,0x00,0x71,0x71000B,0x00,0x71,0x7100,0x82,0xA0,0x00,0x00,0x0A,0x10000,0x017100,4,0x07B00,1,0,control_active
6.883288,303553,0x018E48,0x0034,0x34,6,loop_mid,0x00,0,0,0x0B,0x00,0x71,0x71000B,0x00,0x71,0x7100,0x82,0xA0,0x00,0x00,0x0A,0x10000,0x017100,4,0x07B00,1,0,
6.883288,303553,0x018E4C,0x00B4,0xB4,6,cur_mid,0x00,1,1,0x0B,0x00,0x71,0x71000B,0x00,0x71,0x7100,0x82,0xA0,0x00,0x00,0x0A,0x10000,0x017100,4,0x07B00,1,0,current_low_write
6.883288,303553,0x018E50,0x0035,0x35,6,loop_high,0x71,2,2,0x0B,0x00,0x71,0x71000B,0x00,0x71,0x7100,0x82,0xA0,0x00,0x00,0x0A,0x10000,0x017100,4,0x07B00,1,0,
6.883288,303553,0x018E54,0x00B5,0xB5,6,cur_high,0x71,3,3,0x0B,0x00,0x71,0x71000B,0x00,0x71,0x7100,0x82,0xA0,0x00,0x00,0x0A,0x10000,0x017100,4,0x07B00,1,0,current_pair_complete
6.883333,303555,0x018E59,0x00B6,0xB6,6,ctrl,0x0A,0,0,0x0B,0x00,0x71,0x71000B,0x00,0x71,0x7100,0x82,0xA0,0x00,0x00,0x0A,0x10000,0x017100,4,0x07B00,1,0,control_active
6.900431,304309,0x018E60,0x0034,0x34,6,loop_mid,0x00,0,0,0x0B,0x00,0x71,0x71000B,0x00,0x71,0x7100,0x82,0xA0,0x00,0x00,0x0A,0x10000,0x017100,4,0x07B00,1,0,
6.900431,304309,0x018E64,0x00B4,0xB4,6,cur_mid,0x00,1,1,0x0B,0x00,0x71,0x71000B,0x00,0x71,0x7100,0x82,0xA0,0x00,0x00,0x0A,0x10000,0x017100,4,0x07B00,1,0,current_low_write
6.900431,304309,0x018E68,0x0035,0x35,6,loop_high,0x71,2,2,0x0B,0x00,0x71,0x71000B,0x00,0x71,0x7100,0x82,0xA0,0x00,0x00,0x0A,0x10000,0x017100,4,0x07B00,1,0,
6.900431,304309,0x018E6C,0x00B5,0xB5,6,cur_high,0x71,3,3,0x0B,0x00,0x71,0x71000B,0x00,0x71,0x7100,0x82,0xA0,0x00,0x00,0x0A,0x10000,0x017100,4,0x07B00,1,0,current_pair_complete
6.900476,304311,0x018E71,0x00B6,0xB6,6,ctrl,0x0A,0,0,0x0B,0x00,0x71,0x71000B,0x00,0x71,0x7100,0x82,0xA0,0x00,0x00,0x0A,0x10000,0x017100,4,0x07B00,1,0,control_active
6.917596,305066,0x018E78,0x0034,0x34,6,loop_mid,0x00,0,0,0x0B,0x00,0x71,0x71000B,0x00,0x71,0x7100,0x82,0xA0,0x00,0x00,0x0A,0x10000,0x017100,4,0x07B00,1,0,
6.917596,305066,0x018E7C,0x00B4,0xB4,6,cur_mid,0x00,1,1,0x0B,0x00,0x71,0x71000B,0x00,0x71,0x7100,0x82,0xA0,0x00,0x00,0x0A,0x10000,0x017100,4,0x07B00,1,0,current_low_write
6.917596,305066,0x018E80,0x0035,0x35,6,loop_high,0x71,2,2,0x0B,0x00,0x71,0x71000B,0x00,0x71,0x7100,0x82,0xA0,0x00,0x00,0x0A,0x10000,0x017100,4,0x07B00,1,0,
6.917596,305066,0x018E84,0x00B5,0xB5,6,cur_high,0x71,3,3,0x0B,0x00,0x71,0x71000B,0x00,0x71,0x7100,0x82,0xA0,0x00,0x00,0x0A,0x10000,0x017100,4,0x07B00,1,0,current_pair_complete
6.917642,305068,0x018E89,0x00B6,0xB6,6,ctrl,0x0A,0,0,0x0B,0x00,0x71,0x71000B,0x00,0x71,0x7100,0x82,0xA0,0x00,0x00,0x0A,0x10000,0x017100,4,0x07B00,1,0,control_active
6.934739,305822,0x018E9A,0x0032,0x32,6,vol_l,0x09,0,0,0x0B,0x00,0x71,0x71000B,0x00,0x71,0x7100,0x82,0xA0,0x09,0x00,0x0A,0x10000,0x017100,4,0x07B00,1,1,volume_on
6.934739,305822,0x018E9E,0x0033,0x33,6,vol_r,0x09,1,1,0x0B,0x00,0x71,0x71000B,0x00,0x71,0x7100,0x82,0xA0,0x09,0x09,0x0A,0x10000,0x017100,4,0x07B00,1,1,
6.934762,305823,0x018EA3,0x0034,0x34,6,loop_mid,0x00,0,0,0x0B,0x00,0x71,0x71000B,0x00,0x71,0x7100,0x82,0xA0,0x09,0x09,0x0A,0x10000,0x017100,4,0x07B00,1,1,
6.934762,305823,0x018EA7,0x00B4,0xB4,6,cur_mid,0x00,1,1,0x0B,0x00,0x71,0x71000B,0x00,0x71,0x7100,0x82,0xA0,0x09,0x09,0x0A,0x10000,0x017100,4,0x07B00,1,1,current_low_write
6.934762,305823,0x018EAB,0x0035,0x35,6,loop_high,0x71,2,2,0x0B,0x00,0x71,0x71000B,0x00,0x71,0x7100,0x82,0xA0,0x09,0x09,0x0A,0x10000,0x017100,4,0x07B00,1,1,
6.934785,305824,0x018EB0,0x00B5,0xB5,6,cur_high,0x71,0,0,0x0B,0x00,0x71,0x71000B,0x00,0x71,0x7100,0x82,0xA0,0x09,0x09,0x0A,0x10000,0x017100,4,0x07B00,1,1,current_pair_complete
6.934807,305825,0x018EB5,0x00B6,0xB6,6,ctrl,0x0A,0,0,0x0B,0x00,0x71,0x71000B,0x00,0x71,0x7100,0x82,0xA0,0x09,0x09,0x0A,0x10000,0x017100,4,0x07B00,1,1,retrigger_commit
