time_s,sample_time,file_offset,c0_address,mapped_address,channel,register,data,same_wait_order_all,same_wait_order_selected,current_frac,current_low,current_high,current_16_8,loop_low,loop_high,loop_16,end,delta,volume_l,volume_r,control,bank,full_rom_address,type80_block,payload_index,enabled,audible,start_retrigger
0.016553,730,0x00EECC,0x0008,0x08,1,cur_low,0x00,0,0,0x00,0xFF,0xFF,0xFFFF00,0xFF,0xFF,0xFFFF,0xFF,0xFF,0xFF,0xFF,0xFF,0x70000,0x07FFFF,,,0,1,
0.016553,730,0x00EED0,0x000A,0x0A,1,vol_l,0x27,1,1,0x00,0xFF,0xFF,0xFFFF00,0xFF,0xFF,0xFFFF,0xFF,0xFF,0x27,0xFF,0xFF,0x70000,0x07FFFF,,,0,1,
0.016576,731,0x00EED5,0x000B,0x0B,1,vol_r,0x28,0,0,0x00,0xFF,0xFF,0xFFFF00,0xFF,0xFF,0xFFFF,0xFF,0xFF,0x27,0x28,0xFF,0x70000,0x07FFFF,,,0,1,
0.016576,731,0x00EED9,0x000C,0x0C,1,loop_mid,0xE6,1,1,0x00,0xFF,0xFF,0xFFFF00,0xE6,0xFF,0xFFE6,0xFF,0xFF,0x27,0x28,0xFF,0x70000,0x07FFFF,,,0,1,
0.016576,731,0x00EEDD,0x008C,0x8C,1,cur_mid,0xE6,2,2,0x00,0xE6,0xFF,0xFFE600,0xE6,0xFF,0xFFE6,0xFF,0xFF,0x27,0x28,0xFF,0x70000,0x07FFE6,,,0,1,current_low_write
0.016599,732,0x00EEE2,0x000D,0x0D,1,loop_high,0x3B,0,0,0x00,0xE6,0xFF,0xFFE600,0xE6,0x3B,0x3BE6,0xFF,0xFF,0x27,0x28,0xFF,0x70000,0x07FFE6,,,0,1,
0.016599,732,0x00EEE6,0x008D,0x8D,1,cur_high,0x3B,1,1,0x00,0xE6,0x3B,0x3BE600,0xE6,0x3B,0x3BE6,0xFF,0xFF,0x27,0x28,0xFF,0x70000,0x073BE6,,,0,1,current_pair_complete
0.016599,732,0x00EEEA,0x000E,0x0E,1,end,0x7F,2,2,0x00,0xE6,0x3B,0x3BE600,0xE6,0x3B,0x3BE6,0x7F,0xFF,0x27,0x28,0xFF,0x70000,0x073BE6,,,0,1,
0.016621,733,0x00EEEF,0x000F,0x0F,1,delta,0x90,0,0,0x00,0xE6,0x3B,0x3BE600,0xE6,0x3B,0x3BE6,0x7F,0x90,0x27,0x28,0xFF,0x70000,0x073BE6,,,0,1,
0.016621,733,0x00EEF3,0x008E,0x8E,1,ctrl,0xC2,1,1,0x00,0xE6,0x3B,0x3BE600,0xE6,0x3B,0x3BE6,0x7F,0x90,0x27,0x28,0xC2,0x40000,0x043BE6,3,0x02D09,1,1,control_enable
0.017007,750,0x00EEF9,0x0018,0x18,3,cur_low,0x00,0,0,0x00,0xFF,0xFF,0xFFFF00,0xFF,0xFF,0xFFFF,0xFF,0xFF,0xFF,0xFF,0xFF,0x70000,0x07FFFF,,,0,1,
0.017029,751,0x00EEFE,0x001A,0x1A,3,vol_l,0x00,0,0,0x00,0xFF,0xFF,0xFFFF00,0xFF,0xFF,0xFFFF,0xFF,0xFF,0x00,0xFF,0xFF,0x70000,0x07FFFF,,,0,1,
0.017029,751,0x00EF02,0x001B,0x1B,3,vol_r,0x00,1,1,0x00,0xFF,0xFF,0xFFFF00,0xFF,0xFF,0xFFFF,0xFF,0xFF,0x00,0x00,0xFF,0x70000,0x07FFFF,,,0,0,
0.017029,751,0x00EF06,0x001C,0x1C,3,loop_mid,0xAB,2,2,0x00,0xFF,0xFF,0xFFFF00,0xAB,0xFF,0xFFAB,0xFF,0xFF,0x00,0x00,0xFF,0x70000,0x07FFFF,,,0,0,
0.017052,752,0x00EF0B,0x009C,0x9C,3,cur_mid,0xAB,0,0,0x00,0xAB,0xFF,0xFFAB00,0xAB,0xFF,0xFFAB,0xFF,0xFF,0x00,0x00,0xFF,0x70000,0x07FFAB,,,0,0,current_low_write
0.017052,752,0x00EF0F,0x001D,0x1D,3,loop_high,0x29,1,1,0x00,0xAB,0xFF,0xFFAB00,0xAB,0x29,0x29AB,0xFF,0xFF,0x00,0x00,0xFF,0x70000,0x07FFAB,,,0,0,
0.017052,752,0x00EF13,0x009D,0x9D,3,cur_high,0x29,2,2,0x00,0xAB,0x29,0x29AB00,0xAB,0x29,0x29AB,0xFF,0xFF,0x00,0x00,0xFF,0x70000,0x0729AB,,,0,0,current_pair_complete
0.017075,753,0x00EF18,0x001E,0x1E,3,end,0x2E,0,0,0x00,0xAB,0x29,0x29AB00,0xAB,0x29,0x29AB,0x2E,0xFF,0x00,0x00,0xFF,0x70000,0x0729AB,,,0,0,
0.017075,753,0x00EF1C,0x001F,0x1F,3,delta,0x84,1,1,0x00,0xAB,0x29,0x29AB00,0xAB,0x29,0x29AB,0x2E,0x84,0x00,0x00,0xFF,0x70000,0x0729AB,,,0,0,
0.017075,753,0x00EF20,0x009E,0x9E,3,ctrl,0xC2,2,2,0x00,0xAB,0x29,0x29AB00,0xAB,0x29,0x29AB,0x2E,0x84,0x00,0x00,0xC2,0x40000,0x0429AB,1,0x01CE3,1,0,control_enable
0.017551,774,0x00EF26,0x0028,0x28,5,cur_low,0x00,0,0,0x00,0xFF,0xFF,0xFFFF00,0xFF,0xFF,0xFFFF,0xFF,0xFF,0xFF,0xFF,0xFF,0x70000,0x07FFFF,,,0,1,
0.017574,775,0x00EF2B,0x002A,0x2A,5,vol_l,0x3F,0,0,0x00,0xFF,0xFF,0xFFFF00,0xFF,0xFF,0xFFFF,0xFF,0xFF,0x3F,0xFF,0xFF,0x70000,0x07FFFF,,,0,1,
0.017574,775,0x00EF2F,0x002B,0x2B,5,vol_r,0x3F,1,1,0x00,0xFF,0xFF,0xFFFF00,0xFF,0xFF,0xFFFF,0xFF,0xFF,0x3F,0x3F,0xFF,0x70000,0x07FFFF,,,0,1,
0.017574,775,0x00EF33,0x002C,0x2C,5,loop_mid,0x1D,2,2,0x00,0xFF,0xFF,0xFFFF00,0x1D,0xFF,0xFF1D,0xFF,0xFF,0x3F,0x3F,0xFF,0x70000,0x07FFFF,,,0,1,
0.017596,776,0x00EF38,0x00AC,0xAC,5,cur_mid,0x1D,0,0,0x00,0x1D,0xFF,0xFF1D00,0x1D,0xFF,0xFF1D,0xFF,0xFF,0x3F,0x3F,0xFF,0x70000,0x07FF1D,,,0,1,current_low_write
0.017596,776,0x00EF3C,0x002D,0x2D,5,loop_high,0x0C,1,1,0x00,0x1D,0xFF,0xFF1D00,0x1D,0x0C,0x0C1D,0xFF,0xFF,0x3F,0x3F,0xFF,0x70000,0x07FF1D,,,0,1,
0.017596,776,0x00EF40,0x00AD,0xAD,5,cur_high,0x0C,2,2,0x00,0x1D,0x0C,0x0C1D00,0x1D,0x0C,0x0C1D,0xFF,0xFF,0x3F,0x3F,0xFF,0x70000,0x070C1D,,,0,1,current_pair_complete
0.017619,777,0x00EF45,0x002E,0x2E,5,end,0x1B,0,0,0x00,0x1D,0x0C,0x0C1D00,0x1D,0x0C,0x0C1D,0x1B,0xFF,0x3F,0x3F,0xFF,0x70000,0x070C1D,,,0,1,
0.017619,777,0x00EF49,0x002F,0x2F,5,delta,0x78,1,1,0x00,0x1D,0x0C,0x0C1D00,0x1D,0x0C,0x0C1D,0x1B,0x78,0x3F,0x3F,0xFF,0x70000,0x070C1D,,,0,1,
0.017619,777,0x00EF4D,0x00AE,0xAE,5,ctrl,0xC2,2,2,0x00,0x1D,0x0C,0x0C1D00,0x1D,0x0C,0x0C1D,0x1B,0x78,0x3F,0x3F,0xC2,0x40000,0x040C1D,0,0x00000,1,1,control_enable
0.021519,949,0x00EF54,0x0000,0x00,0,cur_low,0x00,0,0,0x00,0xFF,0xFF,0xFFFF00,0xFF,0xFF,0xFFFF,0xFF,0xFF,0xFF,0xFF,0xFF,0x70000,0x07FFFF,,,0,1,
0.021519,949,0x00EF58,0x0001,0x01,0,unknown,0x00,1,1,0x00,0xFF,0xFF,0xFFFF00,0xFF,0xFF,0xFFFF,0xFF,0xFF,0xFF,0xFF,0xFF,0x70000,0x07FFFF,,,0,1,
0.021655,955,0x00EF5D,0x0010,0x10,2,cur_low,0x00,0,0,0x00,0xFF,0xFF,0xFFFF00,0xFF,0xFF,0xFFFF,0xFF,0xFF,0xFF,0xFF,0xFF,0x70000,0x07FFFF,,,0,1,
0.021655,955,0x00EF61,0x0011,0x11,2,unknown,0x00,1,1,0x00,0xFF,0xFF,0xFFFF00,0xFF,0xFF,0xFFFF,0xFF,0xFF,0xFF,0xFF,0xFF,0x70000,0x07FFFF,,,0,1,
0.021769,960,0x00EF66,0x0020,0x20,4,cur_low,0x00,0,0,0x00,0xFF,0xFF,0xFFFF00,0xFF,0xFF,0xFFFF,0xFF,0xFF,0xFF,0xFF,0xFF,0x70000,0x07FFFF,,,0,1,
0.021791,961,0x00EF6B,0x0021,0x21,4,unknown,0x00,0,0,0x00,0xFF,0xFF,0xFFFF00,0xFF,0xFF,0xFFFF,0xFF,0xFF,0xFF,0xFF,0xFF,0x70000,0x07FFFF,,,0,1,
0.021905,966,0x00EF70,0x0030,0x30,6,cur_low,0x00,0,0,0x00,0xFF,0xFF,0xFFFF00,0xFF,0xFF,0xFFFF,0xFF,0xFF,0xFF,0xFF,0xFF,0x70000,0x07FFFF,,,0,1,
0.021927,967,0x00EF75,0x0031,0x31,6,unknown,0x00,0,0,0x00,0xFF,0xFF,0xFFFF00,0xFF,0xFF,0xFFFF,0xFF,0xFF,0xFF,0xFF,0xFF,0x70000,0x07FFFF,,,0,1,
0.022063,973,0x00EF7A,0x0040,0x40,8,cur_low,0x00,0,0,0x00,0xFF,0xFF,0xFFFF00,0xFF,0xFF,0xFFFF,0xFF,0xFF,0xFF,0xFF,0xFF,0x70000,0x07FFFF,,,0,1,
0.022063,973,0x00EF7E,0x0041,0x41,8,unknown,0x00,1,1,0x00,0xFF,0xFF,0xFFFF00,0xFF,0xFF,0xFFFF,0xFF,0xFF,0xFF,0xFF,0xFF,0x70000,0x07FFFF,,,0,1,
0.022200,979,0x00EF83,0x0050,0x50,10,cur_low,0x00,0,0,0x00,0xFF,0xFF,0xFFFF00,0xFF,0xFF,0xFFFF,0xFF,0xFF,0xFF,0xFF,0xFF,0x70000,0x07FFFF,,,0,1,
0.022200,979,0x00EF87,0x0051,0x51,10,unknown,0x00,1,1,0x00,0xFF,0xFF,0xFFFF00,0xFF,0xFF,0xFFFF,0xFF,0xFF,0xFF,0xFF,0xFF,0x70000,0x07FFFF,,,0,1,
0.022336,985,0x00EF8C,0x0061,0x61,12,unknown,0x00,0,0,0xFF,0xFF,0xFF,0xFFFFFF,0xFF,0xFF,0xFFFF,0xFF,0xFF,0xFF,0xFF,0xFF,0x70000,0x07FFFF,,,0,1,
0.022336,985,0x00EF90,0x0060,0x60,12,cur_low,0x00,1,1,0x00,0xFF,0xFF,0xFFFF00,0xFF,0xFF,0xFFFF,0xFF,0xFF,0xFF,0xFF,0xFF,0x70000,0x07FFFF,,,0,1,
0.022358,986,0x00EF95,0x00E6,0xE6,12,ctrl,0x01,0,0,0x00,0xFF,0xFF,0xFFFF00,0xFF,0xFF,0xFFFF,0xFF,0xFF,0xFF,0xFF,0x01,0x00000,0x00FFFF,,,0,1,
0.022358,986,0x00EF99,0x00E2,0xE2,12,unknown,0x00,1,1,0x00,0xFF,0xFF,0xFFFF00,0xFF,0xFF,0xFFFF,0xFF,0xFF,0xFF,0xFF,0x01,0x00000,0x00FFFF,,,0,1,
0.022381,987,0x00EF9E,0x0062,0x62,12,vol_l,0x00,0,0,0x00,0xFF,0xFF,0xFFFF00,0xFF,0xFF,0xFFFF,0xFF,0xFF,0x00,0xFF,0x01,0x00000,0x00FFFF,,,0,1,
0.022381,987,0x00EFA2,0x0063,0x63,12,vol_r,0x00,1,1,0x00,0xFF,0xFF,0xFFFF00,0xFF,0xFF,0xFFFF,0xFF,0xFF,0x00,0x00,0x01,0x00000,0x00FFFF,,,0,0,
0.022381,987,0x00EFA6,0x0067,0x67,12,delta,0x00,2,2,0x00,0xFF,0xFF,0xFFFF00,0xFF,0xFF,0xFFFF,0xFF,0x00,0x00,0x00,0x01,0x00000,0x00FFFF,,,0,0,
0.022381,987,0x00EFAA,0x00E0,0xE0,12,unknown,0x00,3,3,0x00,0xFF,0xFF,0xFFFF00,0xFF,0xFF,0xFFFF,0xFF,0x00,0x00,0x00,0x01,0x00000,0x00FFFF,,,0,0,
0.022404,988,0x00EFAF,0x00E1,0xE1,12,unknown,0x00,0,0,0x00,0xFF,0xFF,0xFFFF00,0xFF,0xFF,0xFFFF,0xFF,0x00,0x00,0x00,0x01,0x00000,0x00FFFF,,,0,0,
0.022472,991,0x00EFB4,0x0069,0x69,13,unknown,0x00,0,0,0xFF,0xFF,0xFF,0xFFFFFF,0xFF,0xFF,0xFFFF,0xFF,0xFF,0xFF,0xFF,0xFF,0x70000,0x07FFFF,,,0,1,
0.022472,991,0x00EFB8,0x0068,0x68,13,cur_low,0x00,1,1,0x00,0xFF,0xFF,0xFFFF00,0xFF,0xFF,0xFFFF,0xFF,0xFF,0xFF,0xFF,0xFF,0x70000,0x07FFFF,,,0,1,
0.022494,992,0x00EFBD,0x00EE,0xEE,13,ctrl,0x01,0,0,0x00,0xFF,0xFF,0xFFFF00,0xFF,0xFF,0xFFFF,0xFF,0xFF,0xFF,0xFF,0x01,0x00000,0x00FFFF,,,0,1,
0.022494,992,0x00EFC1,0x00EA,0xEA,13,unknown,0x00,1,1,0x00,0xFF,0xFF,0xFFFF00,0xFF,0xFF,0xFFFF,0xFF,0xFF,0xFF,0xFF,0x01,0x00000,0x00FFFF,,,0,1,
0.022517,993,0x00EFC6,0x006A,0x6A,13,vol_l,0x00,0,0,0x00,0xFF,0xFF,0xFFFF00,0xFF,0xFF,0xFFFF,0xFF,0xFF,0x00,0xFF,0x01,0x00000,0x00FFFF,,,0,1,
0.022517,993,0x00EFCA,0x006B,0x6B,13,vol_r,0x00,1,1,0x00,0xFF,0xFF,0xFFFF00,0xFF,0xFF,0xFFFF,0xFF,0xFF,0x00,0x00,0x01,0x00000,0x00FFFF,,,0,0,
0.022517,993,0x00EFCE,0x006F,0x6F,13,delta,0x00,2,2,0x00,0xFF,0xFF,0xFFFF00,0xFF,0xFF,0xFFFF,0xFF,0x00,0x00,0x00,0x01,0x00000,0x00FFFF,,,0,0,
0.022517,993,0x00EFD2,0x00E8,0xE8,13,unknown,0x00,3,3,0x00,0xFF,0xFF,0xFFFF00,0xFF,0xFF,0xFFFF,0xFF,0x00,0x00,0x00,0x01,0x00000,0x00FFFF,,,0,0,
0.022540,994,0x00EFD7,0x00E9,0xE9,13,unknown,0x00,0,0,0x00,0xFF,0xFF,0xFFFF00,0xFF,0xFF,0xFFFF,0xFF,0x00,0x00,0x00,0x01,0x00000,0x00FFFF,,,0,0,
0.022585,996,0x00EFDC,0x0071,0x71,14,unknown,0x00,0,0,0xFF,0xFF,0xFF,0xFFFFFF,0xFF,0xFF,0xFFFF,0xFF,0xFF,0xFF,0xFF,0xFF,0x70000,0x07FFFF,,,0,1,
0.022608,997,0x00EFE1,0x0070,0x70,14,cur_low,0x00,0,0,0x00,0xFF,0xFF,0xFFFF00,0xFF,0xFF,0xFFFF,0xFF,0xFF,0xFF,0xFF,0xFF,0x70000,0x07FFFF,,,0,1,
0.022630,998,0x00EFE6,0x00F6,0xF6,14,ctrl,0x01,0,0,0x00,0xFF,0xFF,0xFFFF00,0xFF,0xFF,0xFFFF,0xFF,0xFF,0xFF,0xFF,0x01,0x00000,0x00FFFF,,,0,1,
0.022630,998,0x00EFEA,0x00F2,0xF2,14,unknown,0x00,1,1,0x00,0xFF,0xFF,0xFFFF00,0xFF,0xFF,0xFFFF,0xFF,0xFF,0xFF,0xFF,0x01,0x00000,0x00FFFF,,,0,1,
0.022630,998,0x00EFEE,0x0072,0x72,14,vol_l,0x00,2,2,0x00,0xFF,0xFF,0xFFFF00,0xFF,0xFF,0xFFFF,0xFF,0xFF,0x00,0xFF,0x01,0x00000,0x00FFFF,,,0,1,
0.022653,999,0x00EFF3,0x0073,0x73,14,vol_r,0x00,0,0,0x00,0xFF,0xFF,0xFFFF00,0xFF,0xFF,0xFFFF,0xFF,0xFF,0x00,0x00,0x01,0x00000,0x00FFFF,,,0,0,
0.022653,999,0x00EFF7,0x0077,0x77,14,delta,0x00,1,1,0x00,0xFF,0xFF,0xFFFF00,0xFF,0xFF,0xFFFF,0xFF,0x00,0x00,0x00,0x01,0x00000,0x00FFFF,,,0,0,
0.022653,999,0x00EFFB,0x00F0,0xF0,14,unknown,0x00,2,2,0x00,0xFF,0xFF,0xFFFF00,0xFF,0xFF,0xFFFF,0xFF,0x00,0x00,0x00,0x01,0x00000,0x00FFFF,,,0,0,
0.022676,1000,0x00F000,0x00F1,0xF1,14,unknown,0x00,0,0,0x00,0xFF,0xFF,0xFFFF00,0xFF,0xFF,0xFFFF,0xFF,0x00,0x00,0x00,0x01,0x00000,0x00FFFF,,,0,0,
0.022721,1002,0x00F005,0x0079,0x79,15,unknown,0x00,0,0,0xFF,0xFF,0xFF,0xFFFFFF,0xFF,0xFF,0xFFFF,0xFF,0xFF,0xFF,0xFF,0xFF,0x70000,0x07FFFF,,,0,1,
0.022744,1003,0x00F00A,0x0078,0x78,15,cur_low,0x00,0,0,0x00,0xFF,0xFF,0xFFFF00,0xFF,0xFF,0xFFFF,0xFF,0xFF,0xFF,0xFF,0xFF,0x70000,0x07FFFF,,,0,1,
0.022766,1004,0x00F00F,0x00FE,0xFE,15,ctrl,0x01,0,0,0x00,0xFF,0xFF,0xFFFF00,0xFF,0xFF,0xFFFF,0xFF,0xFF,0xFF,0xFF,0x01,0x00000,0x00FFFF,,,0,1,
0.022766,1004,0x00F013,0x00FA,0xFA,15,unknown,0x00,1,1,0x00,0xFF,0xFF,0xFFFF00,0xFF,0xFF,0xFFFF,0xFF,0xFF,0xFF,0xFF,0x01,0x00000,0x00FFFF,,,0,1,
0.022766,1004,0x00F017,0x007A,0x7A,15,vol_l,0x00,2,2,0x00,0xFF,0xFF,0xFFFF00,0xFF,0xFF,0xFFFF,0xFF,0xFF,0x00,0xFF,0x01,0x00000,0x00FFFF,,,0,1,
0.022766,1004,0x00F01B,0x007B,0x7B,15,vol_r,0x00,3,3,0x00,0xFF,0xFF,0xFFFF00,0xFF,0xFF,0xFFFF,0xFF,0xFF,0x00,0x00,0x01,0x00000,0x00FFFF,,,0,0,
0.022766,1004,0x00F01F,0x007F,0x7F,15,delta,0x00,4,4,0x00,0xFF,0xFF,0xFFFF00,0xFF,0xFF,0xFFFF,0xFF,0x00,0x00,0x00,0x01,0x00000,0x00FFFF,,,0,0,
0.022789,1005,0x00F024,0x00F8,0xF8,15,unknown,0x00,0,0,0x00,0xFF,0xFF,0xFFFF00,0xFF,0xFF,0xFFFF,0xFF,0x00,0x00,0x00,0x01,0x00000,0x00FFFF,,,0,0,
0.022789,1005,0x00F028,0x00F9,0xF9,15,unknown,0x00,1,1,0x00,0xFF,0xFF,0xFFFF00,0xFF,0xFF,0xFFFF,0xFF,0x00,0x00,0x00,0x01,0x00000,0x00FFFF,,,0,0,
0.027029,1192,0x00F02F,0x0038,0x38,7,cur_low,0x00,0,0,0x00,0xFF,0xFF,0xFFFF00,0xFF,0xFF,0xFFFF,0xFF,0xFF,0xFF,0xFF,0xFF,0x70000,0x07FFFF,,,0,1,
0.027029,1192,0x00F033,0x003A,0x3A,7,vol_l,0x20,1,1,0x00,0xFF,0xFF,0xFFFF00,0xFF,0xFF,0xFFFF,0xFF,0xFF,0x20,0xFF,0xFF,0x70000,0x07FFFF,,,0,1,
0.027029,1192,0x00F037,0x003B,0x3B,7,vol_r,0x20,2,2,0x00,0xFF,0xFF,0xFFFF00,0xFF,0xFF,0xFFFF,0xFF,0xFF,0x20,0x20,0xFF,0x70000,0x07FFFF,,,0,1,
0.027052,1193,0x00F03C,0x003C,0x3C,7,loop_mid,0x7C,0,0,0x00,0xFF,0xFF,0xFFFF00,0x7C,0xFF,0xFF7C,0xFF,0xFF,0x20,0x20,0xFF,0x70000,0x07FFFF,,,0,1,
0.027052,1193,0x00F040,0x00BC,0xBC,7,cur_mid,0x7C,1,1,0x00,0x7C,0xFF,0xFF7C00,0x7C,0xFF,0xFF7C,0xFF,0xFF,0x20,0x20,0xFF,0x70000,0x07FF7C,,,0,1,current_low_write
0.027052,1193,0x00F044,0x003D,0x3D,7,loop_high,0x43,2,2,0x00,0x7C,0xFF,0xFF7C00,0x7C,0x43,0x437C,0xFF,0xFF,0x20,0x20,0xFF,0x70000,0x07FF7C,,,0,1,
0.027075,1194,0x00F049,0x00BD,0xBD,7,cur_high,0x43,0,0,0x00,0x7C,0x43,0x437C00,0x7C,0x43,0x437C,0xFF,0xFF,0x20,0x20,0xFF,0x70000,0x07437C,,,0,1,current_pair_complete
0.027075,1194,0x00F04D,0x003E,0x3E,7,end,0x48,1,1,0x00,0x7C,0x43,0x437C00,0x7C,0x43,0x437C,0x48,0xFF,0x20,0x20,0xFF,0x70000,0x07437C,,,0,1,
0.027075,1194,0x00F051,0x003F,0x3F,7,delta,0x84,2,2,0x00,0x7C,0x43,0x437C00,0x7C,0x43,0x437C,0x48,0x84,0x20,0x20,0xFF,0x70000,0x07437C,,,0,1,
0.027098,1195,0x00F056,0x00BE,0xBE,7,ctrl,0xD2,0,0,0x00,0x7C,0x43,0x437C00,0x7C,0x43,0x437C,0x48,0x84,0x20,0x20,0xD2,0x50000,0x05437C,7,0x0B222,1,1,control_enable
0.106916,4715,0x00F05D,0x001A,0x1A,3,vol_l,0x07,0,0,0x00,0xAB,0x29,0x29AB00,0xAB,0x29,0x29AB,0x2E,0x84,0x07,0x00,0xC2,0x40000,0x0429AB,1,0x01CE3,1,1,volume_on
0.106916,4715,0x00F061,0x001B,0x1B,3,vol_r,0x07,1,1,0x00,0xAB,0x29,0x29AB00,0xAB,0x29,0x29AB,0x2E,0x84,0x07,0x07,0xC2,0x40000,0x0429AB,1,0x01CE3,1,1,
0.106916,4715,0x00F065,0x001C,0x1C,3,loop_mid,0x2F,2,2,0x00,0xAB,0x29,0x29AB00,0x2F,0x29,0x292F,0x2E,0x84,0x07,0x07,0xC2,0x40000,0x0429AB,1,0x01CE3,1,1,
0.106939,4716,0x00F06A,0x009C,0x9C,3,cur_mid,0x2F,0,0,0x00,0x2F,0x29,0x292F00,0x2F,0x29,0x292F,0x2E,0x84,0x07,0x07,0xC2,0x40000,0x04292F,,,1,1,current_low_write
0.106939,4716,0x00F06E,0x001D,0x1D,3,loop_high,0x30,1,1,0x00,0x2F,0x29,0x292F00,0x2F,0x30,0x302F,0x2E,0x84,0x07,0x07,0xC2,0x40000,0x04292F,,,1,1,
0.106939,4716,0x00F072,0x009D,0x9D,3,cur_high,0x30,2,2,0x00,0x2F,0x30,0x302F00,0x2F,0x30,0x302F,0x2E,0x84,0x07,0x07,0xC2,0x40000,0x04302F,2,0x02238,1,1,current_pair_complete
0.106961,4717,0x00F077,0x001E,0x1E,3,end,0x3A,0,0,0x00,0x2F,0x30,0x302F00,0x2F,0x30,0x302F,0x3A,0x84,0x07,0x07,0xC2,0x40000,0x04302F,2,0x02238,1,1,
0.106961,4717,0x00F07B,0x009E,0x9E,3,ctrl,0xC6,1,1,0x00,0x2F,0x30,0x302F00,0x2F,0x30,0x302F,0x3A,0x84,0x07,0x07,0xC6,0x40000,0x04302F,2,0x02238,1,1,retrigger_commit
0.107528,4742,0x00F081,0x0048,0x48,9,cur_low,0x00,0,0,0x00,0xFF,0xFF,0xFFFF00,0xFF,0xFF,0xFFFF,0xFF,0xFF,0xFF,0xFF,0xFF,0x70000,0x07FFFF,,,0,1,
0.107551,4743,0x00F086,0x004A,0x4A,9,vol_l,0x10,0,0,0x00,0xFF,0xFF,0xFFFF00,0xFF,0xFF,0xFFFF,0xFF,0xFF,0x10,0xFF,0xFF,0x70000,0x07FFFF,,,0,1,
0.107551,4743,0x00F08A,0x004B,0x4B,9,vol_r,0x10,1,1,0x00,0xFF,0xFF,0xFFFF00,0xFF,0xFF,0xFFFF,0xFF,0xFF,0x10,0x10,0xFF,0x70000,0x07FFFF,,,0,1,
0.107551,4743,0x00F08E,0x004C,0x4C,9,loop_mid,0x02,2,2,0x00,0xFF,0xFF,0xFFFF00,0x02,0xFF,0xFF02,0xFF,0xFF,0x10,0x10,0xFF,0x70000,0x07FFFF,,,0,1,
0.107574,4744,0x00F093,0x00CC,0xCC,9,cur_mid,0x02,0,0,0x00,0x02,0xFF,0xFF0200,0x02,0xFF,0xFF02,0xFF,0xFF,0x10,0x10,0xFF,0x70000,0x07FF02,,,0,1,current_low_write
0.107574,4744,0x00F097,0x004D,0x4D,9,loop_high,0x60,1,1,0x00,0x02,0xFF,0xFF0200,0x02,0x60,0x6002,0xFF,0xFF,0x10,0x10,0xFF,0x70000,0x07FF02,,,0,1,
0.107574,4744,0x00F09B,0x00CD,0xCD,9,cur_high,0x60,2,2,0x00,0x02,0x60,0x600200,0x02,0x60,0x6002,0xFF,0xFF,0x10,0x10,0xFF,0x70000,0x076002,,,0,1,current_pair_complete
0.107596,4745,0x00F0A0,0x004E,0x4E,9,end,0x7F,0,0,0x00,0x02,0x60,0x600200,0x02,0x60,0x6002,0x7F,0xFF,0x10,0x10,0xFF,0x70000,0x076002,,,0,1,
0.107596,4745,0x00F0A4,0x004F,0x4F,9,delta,0x84,1,1,0x00,0x02,0x60,0x600200,0x02,0x60,0x6002,0x7F,0x84,0x10,0x10,0xFF,0x70000,0x076002,,,0,1,
0.107596,4745,0x00F0A8,0x00CE,0xCE,9,ctrl,0xD2,2,2,0x00,0x02,0x60,0x600200,0x02,0x60,0x6002,0x7F,0x84,0x10,0x10,0xD2,0x50000,0x056002,9,0x0C9D8,1,1,control_enable
0.204127,9002,0x00F0FD,0x0018,0x18,3,cur_low,0x84,0,0,0x84,0x2F,0x30,0x302F84,0x2F,0x30,0x302F,0x3A,0x84,0x07,0x07,0xC6,0x40000,0x04302F,2,0x02238,1,1,
0.204150,9003,0x00F102,0x001C,0x1C,3,loop_mid,0x2F,0,0,0x84,0x2F,0x30,0x302F84,0x2F,0x30,0x302F,0x3A,0x84,0x07,0x07,0xC6,0x40000,0x04302F,2,0x02238,1,1,
0.204172,9004,0x00F107,0x009C,0x9C,3,cur_mid,0x2F,0,0,0x84,0x2F,0x30,0x302F84,0x2F,0x30,0x302F,0x3A,0x84,0x07,0x07,0xC6,0x40000,0x04302F,2,0x02238,1,1,current_low_write
0.204172,9004,0x00F10B,0x001D,0x1D,3,loop_high,0x30,1,1,0x84,0x2F,0x30,0x302F84,0x2F,0x30,0x302F,0x3A,0x84,0x07,0x07,0xC6,0x40000,0x04302F,2,0x02238,1,1,
0.204172,9004,0x00F10F,0x009D,0x9D,3,cur_high,0x30,2,2,0x84,0x2F,0x30,0x302F84,0x2F,0x30,0x302F,0x3A,0x84,0x07,0x07,0xC6,0x40000,0x04302F,2,0x02238,1,1,current_pair_complete
0.204195,9005,0x00F114,0x009E,0x9E,3,ctrl,0xC6,0,0,0x84,0x2F,0x30,0x302F84,0x2F,0x30,0x302F,0x3A,0x84,0x07,0x07,0xC6,0x40000,0x04302F,2,0x02238,1,1,retrigger_commit
0.204490,9018,0x00F119,0x003A,0x3A,7,vol_l,0x00,0,0,0x00,0x7C,0x43,0x437C00,0x7C,0x43,0x437C,0x48,0x84,0x00,0x20,0xD2,0x50000,0x05437C,7,0x0B222,1,1,
0.204512,9019,0x00F11E,0x003B,0x3B,7,vol_r,0x00,0,0,0x00,0x7C,0x43,0x437C00,0x7C,0x43,0x437C,0x48,0x84,0x00,0x00,0xD2,0x50000,0x05437C,7,0x0B222,1,0,
0.204512,9019,0x00F122,0x003C,0x3C,7,loop_mid,0xAB,1,1,0x00,0x7C,0x43,0x437C00,0xAB,0x43,0x43AB,0x48,0x84,0x00,0x00,0xD2,0x50000,0x05437C,7,0x0B222,1,0,
0.204512,9019,0x00F126,0x00BC,0xBC,7,cur_mid,0xAB,2,2,0x00,0xAB,0x43,0x43AB00,0xAB,0x43,0x43AB,0x48,0x84,0x00,0x00,0xD2,0x50000,0x0543AB,7,0x0B251,1,0,current_low_write
0.204535,9020,0x00F12B,0x003D,0x3D,7,loop_high,0x29,0,0,0x00,0xAB,0x43,0x43AB00,0xAB,0x29,0x29AB,0x48,0x84,0x00,0x00,0xD2,0x50000,0x0543AB,7,0x0B251,1,0,
0.204535,9020,0x00F12F,0x00BD,0xBD,7,cur_high,0x29,1,1,0x00,0xAB,0x29,0x29AB00,0xAB,0x29,0x29AB,0x48,0x84,0x00,0x00,0xD2,0x50000,0x0529AB,6,0x098CD,1,0,current_pair_complete
0.204535,9020,0x00F133,0x003E,0x3E,7,end,0x2E,2,2,0x00,0xAB,0x29,0x29AB00,0xAB,0x29,0x29AB,0x2E,0x84,0x00,0x00,0xD2,0x50000,0x0529AB,6,0x098CD,1,0,
0.204558,9021,0x00F138,0x00BE,0xBE,7,ctrl,0xC2,0,0,0x00,0xAB,0x29,0x29AB00,0xAB,0x29,0x29AB,0x2E,0x84,0x00,0x00,0xC2,0x40000,0x0429AB,1,0x01CE3,1,0,control_active
0.298753,13175,0x00F13F,0x001C,0x1C,3,loop_mid,0x2F,0,0,0x84,0x2F,0x30,0x302F84,0x2F,0x30,0x302F,0x3A,0x84,0x07,0x07,0xC6,0x40000,0x04302F,2,0x02238,1,1,
0.298776,13176,0x00F144,0x009C,0x9C,3,cur_mid,0x2F,0,0,0x84,0x2F,0x30,0x302F84,0x2F,0x30,0x302F,0x3A,0x84,0x07,0x07,0xC6,0x40000,0x04302F,2,0x02238,1,1,current_low_write
0.298776,13176,0x00F148,0x001D,0x1D,3,loop_high,0x30,1,1,0x84,0x2F,0x30,0x302F84,0x2F,0x30,0x302F,0x3A,0x84,0x07,0x07,0xC6,0x40000,0x04302F,2,0x02238,1,1,
0.298776,13176,0x00F14C,0x009D,0x9D,3,cur_high,0x30,2,2,0x84,0x2F,0x30,0x302F84,0x2F,0x30,0x302F,0x3A,0x84,0x07,0x07,0xC6,0x40000,0x04302F,2,0x02238,1,1,current_pair_complete
0.298798,13177,0x00F151,0x009E,0x9E,3,ctrl,0xC6,0,0,0x84,0x2F,0x30,0x302F84,0x2F,0x30,0x302F,0x3A,0x84,0x07,0x07,0xC6,0x40000,0x04302F,2,0x02238,1,1,retrigger_commit
0.299297,13199,0x00F157,0x002A,0x2A,5,vol_l,0x10,0,0,0x00,0x1D,0x0C,0x0C1D00,0x1D,0x0C,0x0C1D,0x1B,0x78,0x10,0x3F,0xC2,0x40000,0x040C1D,0,0x00000,1,1,
0.299297,13199,0x00F15B,0x002B,0x2B,5,vol_r,0x10,1,1,0x00,0x1D,0x0C,0x0C1D00,0x1D,0x0C,0x0C1D,0x1B,0x78,0x10,0x10,0xC2,0x40000,0x040C1D,0,0x00000,1,1,
0.299297,13199,0x00F15F,0x002C,0x2C,5,loop_mid,0x02,2,2,0x00,0x1D,0x0C,0x0C1D00,0x02,0x0C,0x0C02,0x1B,0x78,0x10,0x10,0xC2,0x40000,0x040C1D,0,0x00000,1,1,
0.299320,13200,0x00F164,0x00AC,0xAC,5,cur_mid,0x02,0,0,0x00,0x02,0x0C,0x0C0200,0x02,0x0C,0x0C02,0x1B,0x78,0x10,0x10,0xC2,0x40000,0x040C02,,,1,1,current_low_write
0.299320,13200,0x00F168,0x002D,0x2D,5,loop_high,0x60,1,1,0x00,0x02,0x0C,0x0C0200,0x02,0x60,0x6002,0x1B,0x78,0x10,0x10,0xC2,0x40000,0x040C02,,,1,1,
0.299320,13200,0x00F16C,0x00AD,0xAD,5,cur_high,0x60,2,2,0x00,0x02,0x60,0x600200,0x02,0x60,0x6002,0x1B,0x78,0x10,0x10,0xC2,0x40000,0x046002,3,0x05125,1,1,current_pair_complete
0.299342,13201,0x00F171,0x002E,0x2E,5,end,0x7F,0,0,0x00,0x02,0x60,0x600200,0x02,0x60,0x6002,0x7F,0x78,0x10,0x10,0xC2,0x40000,0x046002,3,0x05125,1,1,
0.299342,13201,0x00F175,0x002F,0x2F,5,delta,0x84,1,1,0x00,0x02,0x60,0x600200,0x02,0x60,0x6002,0x7F,0x84,0x10,0x10,0xC2,0x40000,0x046002,3,0x05125,1,1,
0.299342,13201,0x00F179,0x00AE,0xAE,5,ctrl,0xD2,2,2,0x00,0x02,0x60,0x600200,0x02,0x60,0x6002,0x7F,0x84,0x10,0x10,0xD2,0x50000,0x056002,9,0x0C9D8,1,1,retrigger_commit
0.396100,17468,0x00F1CC,0x001A,0x1A,3,vol_l,0x10,0,0,0x84,0x2F,0x30,0x302F84,0x2F,0x30,0x302F,0x3A,0x84,0x10,0x07,0xC6,0x40000,0x04302F,2,0x02238,1,1,
0.396100,17468,0x00F1D0,0x001B,0x1B,3,vol_r,0x10,1,1,0x84,0x2F,0x30,0x302F84,0x2F,0x30,0x302F,0x3A,0x84,0x10,0x10,0xC6,0x40000,0x04302F,2,0x02238,1,1,
0.396100,17468,0x00F1D4,0x001C,0x1C,3,loop_mid,0x2F,2,2,0x84,0x2F,0x30,0x302F84,0x2F,0x30,0x302F,0x3A,0x84,0x10,0x10,0xC6,0x40000,0x04302F,2,0x02238,1,1,
0.396122,17469,0x00F1D9,0x009C,0x9C,3,cur_mid,0x2F,0,0,0x84,0x2F,0x30,0x302F84,0x2F,0x30,0x302F,0x3A,0x84,0x10,0x10,0xC6,0x40000,0x04302F,2,0x02238,1,1,current_low_write
0.396122,17469,0x00F1DD,0x001D,0x1D,3,loop_high,0x30,1,1,0x84,0x2F,0x30,0x302F84,0x2F,0x30,0x302F,0x3A,0x84,0x10,0x10,0xC6,0x40000,0x04302F,2,0x02238,1,1,
0.396122,17469,0x00F1E1,0x009D,0x9D,3,cur_high,0x30,2,2,0x84,0x2F,0x30,0x302F84,0x2F,0x30,0x302F,0x3A,0x84,0x10,0x10,0xC6,0x40000,0x04302F,2,0x02238,1,1,current_pair_complete
0.396145,17470,0x00F1E6,0x009E,0x9E,3,ctrl,0xC6,0,0,0x84,0x2F,0x30,0x302F84,0x2F,0x30,0x302F,0x3A,0x84,0x10,0x10,0xC6,0x40000,0x04302F,2,0x02238,1,1,retrigger_commit
0.396508,17486,0x00F1EB,0x003A,0x3A,7,vol_l,0x3F,0,0,0x00,0xAB,0x29,0x29AB00,0xAB,0x29,0x29AB,0x2E,0x84,0x3F,0x00,0xC2,0x40000,0x0429AB,1,0x01CE3,1,1,volume_on
0.396531,17487,0x00F1F0,0x003B,0x3B,7,vol_r,0x3F,0,0,0x00,0xAB,0x29,0x29AB00,0xAB,0x29,0x29AB,0x2E,0x84,0x3F,0x3F,0xC2,0x40000,0x0429AB,1,0x01CE3,1,1,
0.396531,17487,0x00F1F4,0x003C,0x3C,7,loop_mid,0x1D,1,1,0x00,0xAB,0x29,0x29AB00,0x1D,0x29,0x291D,0x2E,0x84,0x3F,0x3F,0xC2,0x40000,0x0429AB,1,0x01CE3,1,1,
0.396531,17487,0x00F1F8,0x00BC,0xBC,7,cur_mid,0x1D,2,2,0x00,0x1D,0x29,0x291D00,0x1D,0x29,0x291D,0x2E,0x84,0x3F,0x3F,0xC2,0x40000,0x04291D,,,1,1,current_low_write
0.396553,17488,0x00F1FD,0x003D,0x3D,7,loop_high,0x0C,0,0,0x00,0x1D,0x29,0x291D00,0x1D,0x0C,0x0C1D,0x2E,0x84,0x3F,0x3F,0xC2,0x40000,0x04291D,,,1,1,
0.396553,17488,0x00F201,0x00BD,0xBD,7,cur_high,0x0C,1,1,0x00,0x1D,0x0C,0x0C1D00,0x1D,0x0C,0x0C1D,0x2E,0x84,0x3F,0x3F,0xC2,0x40000,0x040C1D,0,0x00000,1,1,current_pair_complete
0.396553,17488,0x00F205,0x003E,0x3E,7,end,0x1B,2,2,0x00,0x1D,0x0C,0x0C1D00,0x1D,0x0C,0x0C1D,0x1B,0x84,0x3F,0x3F,0xC2,0x40000,0x040C1D,0,0x00000,1,1,
0.396576,17489,0x00F20A,0x003F,0x3F,7,delta,0x78,0,0,0x00,0x1D,0x0C,0x0C1D00,0x1D,0x0C,0x0C1D,0x1B,0x78,0x3F,0x3F,0xC2,0x40000,0x040C1D,0,0x00000,1,1,
0.396576,17489,0x00F20E,0x00BE,0xBE,7,ctrl,0xC2,1,1,0x00,0x1D,0x0C,0x0C1D00,0x1D,0x0C,0x0C1D,0x1B,0x78,0x3F,0x3F,0xC2,0x40000,0x040C1D,0,0x00000,1,1,retrigger_commit
0.410726,18113,0x00F215,0x0058,0x58,11,cur_low,0x00,0,0,0x00,0xFF,0xFF,0xFFFF00,0xFF,0xFF,0xFFFF,0xFF,0xFF,0xFF,0xFF,0xFF,0x70000,0x07FFFF,,,0,1,
0.410748,18114,0x00F21A,0x005A,0x5A,11,vol_l,0x20,0,0,0x00,0xFF,0xFF,0xFFFF00,0xFF,0xFF,0xFFFF,0xFF,0xFF,0x20,0xFF,0xFF,0x70000,0x07FFFF,,,0,1,
0.410748,18114,0x00F21E,0x005B,0x5B,11,vol_r,0x20,1,1,0x00,0xFF,0xFF,0xFFFF00,0xFF,0xFF,0xFFFF,0xFF,0xFF,0x20,0x20,0xFF,0x70000,0x07FFFF,,,0,1,
0.410771,18115,0x00F223,0x005C,0x5C,11,loop_mid,0x7C,0,0,0x00,0xFF,0xFF,0xFFFF00,0x7C,0xFF,0xFF7C,0xFF,0xFF,0x20,0x20,0xFF,0x70000,0x07FFFF,,,0,1,
0.410771,18115,0x00F227,0x00DC,0xDC,11,cur_mid,0x7C,1,1,0x00,0x7C,0xFF,0xFF7C00,0x7C,0xFF,0xFF7C,0xFF,0xFF,0x20,0x20,0xFF,0x70000,0x07FF7C,,,0,1,current_low_write
0.410771,18115,0x00F22B,0x005D,0x5D,11,loop_high,0x43,2,2,0x00,0x7C,0xFF,0xFF7C00,0x7C,0x43,0x437C,0xFF,0xFF,0x20,0x20,0xFF,0x70000,0x07FF7C,,,0,1,
0.410771,18115,0x00F22F,0x00DD,0xDD,11,cur_high,0x43,3,3,0x00,0x7C,0x43,0x437C00,0x7C,0x43,0x437C,0xFF,0xFF,0x20,0x20,0xFF,0x70000,0x07437C,,,0,1,current_pair_complete
0.410794,18116,0x00F234,0x005E,0x5E,11,end,0x48,0,0,0x00,0x7C,0x43,0x437C00,0x7C,0x43,0x437C,0x48,0xFF,0x20,0x20,0xFF,0x70000,0x07437C,,,0,1,
0.410794,18116,0x00F238,0x005F,0x5F,11,delta,0x84,1,1,0x00,0x7C,0x43,0x437C00,0x7C,0x43,0x437C,0x48,0x84,0x20,0x20,0xFF,0x70000,0x07437C,,,0,1,
0.410816,18117,0x00F23D,0x00DE,0xDE,11,ctrl,0xD2,0,0,0x00,0x7C,0x43,0x437C00,0x7C,0x43,0x437C,0x48,0x84,0x20,0x20,0xD2,0x50000,0x05437C,7,0x0B222,1,1,control_enable
0.490522,21632,0x00F244,0x001A,0x1A,3,vol_l,0x07,0,0,0x84,0x2F,0x30,0x302F84,0x2F,0x30,0x302F,0x3A,0x84,0x07,0x10,0xC6,0x40000,0x04302F,2,0x02238,1,1,
0.490522,21632,0x00F248,0x001B,0x1B,3,vol_r,0x07,1,1,0x84,0x2F,0x30,0x302F84,0x2F,0x30,0x302F,0x3A,0x84,0x07,0x07,0xC6,0x40000,0x04302F,2,0x02238,1,1,
0.490544,21633,0x00F24D,0x001C,0x1C,3,loop_mid,0x2F,0,0,0x84,0x2F,0x30,0x302F84,0x2F,0x30,0x302F,0x3A,0x84,0x07,0x07,0xC6,0x40000,0x04302F,2,0x02238,1,1,
0.490544,21633,0x00F251,0x009C,0x9C,3,cur_mid,0x2F,1,1,0x84,0x2F,0x30,0x302F84,0x2F,0x30,0x302F,0x3A,0x84,0x07,0x07,0xC6,0x40000,0x04302F,2,0x02238,1,1,current_low_write
0.490544,21633,0x00F255,0x001D,0x1D,3,loop_high,0x30,2,2,0x84,0x2F,0x30,0x302F84,0x2F,0x30,0x302F,0x3A,0x84,0x07,0x07,0xC6,0x40000,0x04302F,2,0x02238,1,1,
0.490567,21634,0x00F25A,0x009D,0x9D,3,cur_high,0x30,0,0,0x84,0x2F,0x30,0x302F84,0x2F,0x30,0x302F,0x3A,0x84,0x07,0x07,0xC6,0x40000,0x04302F,2,0x02238,1,1,current_pair_complete
0.490590,21635,0x00F25F,0x009E,0x9E,3,ctrl,0xC6,0,0,0x84,0x2F,0x30,0x302F84,0x2F,0x30,0x302F,0x3A,0x84,0x07,0x07,0xC6,0x40000,0x04302F,2,0x02238,1,1,retrigger_commit
0.491179,21661,0x00F265,0x000A,0x0A,1,vol_l,0x10,0,0,0x00,0xE6,0x3B,0x3BE600,0xE6,0x3B,0x3BE6,0x7F,0x90,0x10,0x28,0xC2,0x40000,0x043BE6,3,0x02D09,1,1,
0.491202,21662,0x00F26A,0x000B,0x0B,1,vol_r,0x10,0,0,0x00,0xE6,0x3B,0x3BE600,0xE6,0x3B,0x3BE6,0x7F,0x90,0x10,0x10,0xC2,0x40000,0x043BE6,3,0x02D09,1,1,
0.491202,21662,0x00F26E,0x000C,0x0C,1,loop_mid,0x02,1,1,0x00,0xE6,0x3B,0x3BE600,0x02,0x3B,0x3B02,0x7F,0x90,0x10,0x10,0xC2,0x40000,0x043BE6,3,0x02D09,1,1,
0.491202,21662,0x00F272,0x008C,0x8C,1,cur_mid,0x02,2,2,0x00,0x02,0x3B,0x3B0200,0x02,0x3B,0x3B02,0x7F,0x90,0x10,0x10,0xC2,0x40000,0x043B02,,,1,1,current_low_write
0.491224,21663,0x00F277,0x000D,0x0D,1,loop_high,0x60,0,0,0x00,0x02,0x3B,0x3B0200,0x02,0x60,0x6002,0x7F,0x90,0x10,0x10,0xC2,0x40000,0x043B02,,,1,1,
0.491224,21663,0x00F27B,0x008D,0x8D,1,cur_high,0x60,1,1,0x00,0x02,0x60,0x600200,0x02,0x60,0x6002,0x7F,0x90,0x10,0x10,0xC2,0x40000,0x046002,3,0x05125,1,1,current_pair_complete
0.491247,21664,0x00F280,0x000F,0x0F,1,delta,0x84,0,0,0x00,0x02,0x60,0x600200,0x02,0x60,0x6002,0x7F,0x84,0x10,0x10,0xC2,0x40000,0x046002,3,0x05125,1,1,
0.491247,21664,0x00F284,0x008E,0x8E,1,ctrl,0xD2,1,1,0x00,0x02,0x60,0x600200,0x02,0x60,0x6002,0x7F,0x84,0x10,0x10,0xD2,0x50000,0x056002,9,0x0C9D8,1,1,retrigger_commit
0.587120,25892,0x00F2BF,0x001C,0x1C,3,loop_mid,0x2F,0,0,0x84,0x2F,0x30,0x302F84,0x2F,0x30,0x302F,0x3A,0x84,0x07,0x07,0xC6,0x40000,0x04302F,2,0x02238,1,1,
0.587143,25893,0x00F2C4,0x009C,0x9C,3,cur_mid,0x2F,0,0,0x84,0x2F,0x30,0x302F84,0x2F,0x30,0x302F,0x3A,0x84,0x07,0x07,0xC6,0x40000,0x04302F,2,0x02238,1,1,current_low_write
0.587143,25893,0x00F2C8,0x001D,0x1D,3,loop_high,0x30,1,1,0x84,0x2F,0x30,0x302F84,0x2F,0x30,0x302F,0x3A,0x84,0x07,0x07,0xC6,0x40000,0x04302F,2,0x02238,1,1,
0.587143,25893,0x00F2CC,0x009D,0x9D,3,cur_high,0x30,2,2,0x84,0x2F,0x30,0x302F84,0x2F,0x30,0x302F,0x3A,0x84,0x07,0x07,0xC6,0x40000,0x04302F,2,0x02238,1,1,current_pair_complete
0.587166,25894,0x00F2D1,0x009E,0x9E,3,ctrl,0xC6,0,0,0x84,0x2F,0x30,0x302F84,0x2F,0x30,0x302F,0x3A,0x84,0x07,0x07,0xC6,0x40000,0x04302F,2,0x02238,1,1,retrigger_commit
0.587506,25909,0x00F2D6,0x005A,0x5A,11,vol_l,0x00,0,0,0x00,0x7C,0x43,0x437C00,0x7C,0x43,0x437C,0x48,0x84,0x00,0x20,0xD2,0x50000,0x05437C,7,0x0B222,1,1,
0.587506,25909,0x00F2DA,0x005B,0x5B,11,vol_r,0x00,1,1,0x00,0x7C,0x43,0x437C00,0x7C,0x43,0x437C,0x48,0x84,0x00,0x00,0xD2,0x50000,0x05437C,7,0x0B222,1,0,
0.587506,25909,0x00F2DE,0x005C,0x5C,11,loop_mid,0xAB,2,2,0x00,0x7C,0x43,0x437C00,0xAB,0x43,0x43AB,0x48,0x84,0x00,0x00,0xD2,0x50000,0x05437C,7,0x0B222,1,0,
0.587528,25910,0x00F2E3,0x00DC,0xDC,11,cur_mid,0xAB,0,0,0x00,0xAB,0x43,0x43AB00,0xAB,0x43,0x43AB,0x48,0x84,0x00,0x00,0xD2,0x50000,0x0543AB,7,0x0B251,1,0,current_low_write
0.587528,25910,0x00F2E7,0x005D,0x5D,11,loop_high,0x29,1,1,0x00,0xAB,0x43,0x43AB00,0xAB,0x29,0x29AB,0x48,0x84,0x00,0x00,0xD2,0x50000,0x0543AB,7,0x0B251,1,0,
0.587528,25910,0x00F2EB,0x00DD,0xDD,11,cur_high,0x29,2,2,0x00,0xAB,0x29,0x29AB00,0xAB,0x29,0x29AB,0x48,0x84,0x00,0x00,0xD2,0x50000,0x0529AB,6,0x098CD,1,0,current_pair_complete
0.587551,25911,0x00F2F0,0x005E,0x5E,11,end,0x2E,0,0,0x00,0xAB,0x29,0x29AB00,0xAB,0x29,0x29AB,0x2E,0x84,0x00,0x00,0xD2,0x50000,0x0529AB,6,0x098CD,1,0,
0.587551,25911,0x00F2F4,0x00DE,0xDE,11,ctrl,0xC2,1,1,0x00,0xAB,0x29,0x29AB00,0xAB,0x29,0x29AB,0x2E,0x84,0x00,0x00,0xC2,0x40000,0x0429AB,1,0x01CE3,1,0,control_active
0.682472,30097,0x00F2FB,0x001C,0x1C,3,loop_mid,0x2F,0,0,0x84,0x2F,0x30,0x302F84,0x2F,0x30,0x302F,0x3A,0x84,0x07,0x07,0xC6,0x40000,0x04302F,2,0x02238,1,1,
0.682472,30097,0x00F2FF,0x009C,0x9C,3,cur_mid,0x2F,1,1,0x84,0x2F,0x30,0x302F84,0x2F,0x30,0x302F,0x3A,0x84,0x07,0x07,0xC6,0x40000,0x04302F,2,0x02238,1,1,current_low_write
0.682472,30097,0x00F303,0x001D,0x1D,3,loop_high,0x30,2,2,0x84,0x2F,0x30,0x302F84,0x2F,0x30,0x302F,0x3A,0x84,0x07,0x07,0xC6,0x40000,0x04302F,2,0x02238,1,1,
0.682472,30097,0x00F307,0x009D,0x9D,3,cur_high,0x30,3,3,0x84,0x2F,0x30,0x302F84,0x2F,0x30,0x302F,0x3A,0x84,0x07,0x07,0xC6,0x40000,0x04302F,2,0x02238,1,1,current_pair_complete
0.682517,30099,0x00F30C,0x009E,0x9E,3,ctrl,0xC6,0,0,0x84,0x2F,0x30,0x302F84,0x2F,0x30,0x302F,0x3A,0x84,0x07,0x07,0xC6,0x40000,0x04302F,2,0x02238,1,1,retrigger_commit
0.682993,30120,0x00F312,0x003A,0x3A,7,vol_l,0x10,0,0,0x00,0x1D,0x0C,0x0C1D00,0x1D,0x0C,0x0C1D,0x1B,0x78,0x10,0x3F,0xC2,0x40000,0x040C1D,0,0x00000,1,1,
0.682993,30120,0x00F316,0x003B,0x3B,7,vol_r,0x10,1,1,0x00,0x1D,0x0C,0x0C1D00,0x1D,0x0C,0x0C1D,0x1B,0x78,0x10,0x10,0xC2,0x40000,0x040C1D,0,0x00000,1,1,
0.683016,30121,0x00F31B,0x003C,0x3C,7,loop_mid,0x02,0,0,0x00,0x1D,0x0C,0x0C1D00,0x02,0x0C,0x0C02,0x1B,0x78,0x10,0x10,0xC2,0x40000,0x040C1D,0,0x00000,1,1,
0.683016,30121,0x00F31F,0x00BC,0xBC,7,cur_mid,0x02,1,1,0x00,0x02,0x0C,0x0C0200,0x02,0x0C,0x0C02,0x1B,0x78,0x10,0x10,0xC2,0x40000,0x040C02,,,1,1,current_low_write
0.683016,30121,0x00F323,0x003D,0x3D,7,loop_high,0x60,2,2,0x00,0x02,0x0C,0x0C0200,0x02,0x60,0x6002,0x1B,0x78,0x10,0x10,0xC2,0x40000,0x040C02,,,1,1,
0.683039,30122,0x00F328,0x00BD,0xBD,7,cur_high,0x60,0,0,0x00,0x02,0x60,0x600200,0x02,0x60,0x6002,0x1B,0x78,0x10,0x10,0xC2,0x40000,0x046002,3,0x05125,1,1,current_pair_complete
0.683039,30122,0x00F32C,0x003E,0x3E,7,end,0x7F,1,1,0x00,0x02,0x60,0x600200,0x02,0x60,0x6002,0x7F,0x78,0x10,0x10,0xC2,0x40000,0x046002,3,0x05125,1,1,
0.683039,30122,0x00F330,0x003F,0x3F,7,delta,0x84,2,2,0x00,0x02,0x60,0x600200,0x02,0x60,0x6002,0x7F,0x84,0x10,0x10,0xC2,0x40000,0x046002,3,0x05125,1,1,
0.683061,30123,0x00F335,0x00BE,0xBE,7,ctrl,0xD2,0,0,0x00,0x02,0x60,0x600200,0x02,0x60,0x6002,0x7F,0x84,0x10,0x10,0xD2,0x50000,0x056002,9,0x0C9D8,1,1,retrigger_commit
0.779615,34381,0x00F372,0x001A,0x1A,3,vol_l,0x10,0,0,0x84,0x2F,0x30,0x302F84,0x2F,0x30,0x302F,0x3A,0x84,0x10,0x07,0xC6,0x40000,0x04302F,2,0x02238,1,1,
0.779615,34381,0x00F376,0x001B,0x1B,3,vol_r,0x10,1,1,0x84,0x2F,0x30,0x302F84,0x2F,0x30,0x302F,0x3A,0x84,0x10,0x10,0xC6,0x40000,0x04302F,2,0x02238,1,1,
0.779615,34381,0x00F37A,0x001C,0x1C,3,loop_mid,0x2F,2,2,0x84,0x2F,0x30,0x302F84,0x2F,0x30,0x302F,0x3A,0x84,0x10,0x10,0xC6,0x40000,0x04302F,2,0x02238,1,1,
0.779637,34382,0x00F37F,0x009C,0x9C,3,cur_mid,0x2F,0,0,0x84,0x2F,0x30,0x302F84,0x2F,0x30,0x302F,0x3A,0x84,0x10,0x10,0xC6,0x40000,0x04302F,2,0x02238,1,1,current_low_write
0.779637,34382,0x00F383,0x001D,0x1D,3,loop_high,0x30,1,1,0x84,0x2F,0x30,0x302F84,0x2F,0x30,0x302F,0x3A,0x84,0x10,0x10,0xC6,0x40000,0x04302F,2,0x02238,1,1,
0.779637,34382,0x00F387,0x009D,0x9D,3,cur_high,0x30,2,2,0x84,0x2F,0x30,0x302F84,0x2F,0x30,0x302F,0x3A,0x84,0x10,0x10,0xC6,0x40000,0x04302F,2,0x02238,1,1,current_pair_complete
0.779660,34383,0x00F38C,0x009E,0x9E,3,ctrl,0xC6,0,0,0x84,0x2F,0x30,0x302F84,0x2F,0x30,0x302F,0x3A,0x84,0x10,0x10,0xC6,0x40000,0x04302F,2,0x02238,1,1,retrigger_commit
0.780045,34400,0x00F392,0x004A,0x4A,9,vol_l,0x3F,0,0,0x00,0x02,0x60,0x600200,0x02,0x60,0x6002,0x7F,0x84,0x3F,0x10,0xD2,0x50000,0x056002,9,0x0C9D8,1,1,
0.780045,34400,0x00F396,0x004B,0x4B,9,vol_r,0x3F,1,1,0x00,0x02,0x60,0x600200,0x02,0x60,0x6002,0x7F,0x84,0x3F,0x3F,0xD2,0x50000,0x056002,9,0x0C9D8,1,1,
0.780068,34401,0x00F39B,0x004C,0x4C,9,loop_mid,0x1D,0,0,0x00,0x02,0x60,0x600200,0x1D,0x60,0x601D,0x7F,0x84,0x3F,0x3F,0xD2,0x50000,0x056002,9,0x0C9D8,1,1,
0.780068,34401,0x00F39F,0x00CC,0xCC,9,cur_mid,0x1D,1,1,0x00,0x1D,0x60,0x601D00,0x1D,0x60,0x601D,0x7F,0x84,0x3F,0x3F,0xD2,0x50000,0x05601D,9,0x0C9F3,1,1,current_low_write
0.780068,34401,0x00F3A3,0x004D,0x4D,9,loop_high,0x0C,2,2,0x00,0x1D,0x60,0x601D00,0x1D,0x0C,0x0C1D,0x7F,0x84,0x3F,0x3F,0xD2,0x50000,0x05601D,9,0x0C9F3,1,1,
0.780091,34402,0x00F3A8,0x00CD,0xCD,9,cur_high,0x0C,0,0,0x00,0x1D,0x0C,0x0C1D00,0x1D,0x0C,0x0C1D,0x7F,0x84,0x3F,0x3F,0xD2,0x50000,0x050C1D,5,0x07BFF,1,1,current_pair_complete
0.780091,34402,0x00F3AC,0x004E,0x4E,9,end,0x1B,1,1,0x00,0x1D,0x0C,0x0C1D00,0x1D,0x0C,0x0C1D,0x1B,0x84,0x3F,0x3F,0xD2,0x50000,0x050C1D,5,0x07BFF,1,1,
0.780091,34402,0x00F3B0,0x004F,0x4F,9,delta,0x78,2,2,0x00,0x1D,0x0C,0x0C1D00,0x1D,0x0C,0x0C1D,0x1B,0x78,0x3F,0x3F,0xD2,0x50000,0x050C1D,5,0x07BFF,1,1,
0.780113,34403,0x00F3B5,0x00CE,0xCE,9,ctrl,0xC2,0,0,0x00,0x1D,0x0C,0x0C1D00,0x1D,0x0C,0x0C1D,0x1B,0x78,0x3F,0x3F,0xC2,0x40000,0x040C1D,0,0x00000,1,1,retrigger_commit
0.794671,35045,0x00F3BC,0x005A,0x5A,11,vol_l,0x20,0,0,0x00,0xAB,0x29,0x29AB00,0xAB,0x29,0x29AB,0x2E,0x84,0x20,0x00,0xC2,0x40000,0x0429AB,1,0x01CE3,1,1,volume_on
0.794671,35045,0x00F3C0,0x005B,0x5B,11,vol_r,0x20,1,1,0x00,0xAB,0x29,0x29AB00,0xAB,0x29,0x29AB,0x2E,0x84,0x20,0x20,0xC2,0x40000,0x0429AB,1,0x01CE3,1,1,
0.794671,35045,0x00F3C4,0x005C,0x5C,11,loop_mid,0x7C,2,2,0x00,0xAB,0x29,0x29AB00,0x7C,0x29,0x297C,0x2E,0x84,0x20,0x20,0xC2,0x40000,0x0429AB,1,0x01CE3,1,1,
0.794694,35046,0x00F3C9,0x00DC,0xDC,11,cur_mid,0x7C,0,0,0x00,0x7C,0x29,0x297C00,0x7C,0x29,0x297C,0x2E,0x84,0x20,0x20,0xC2,0x40000,0x04297C,,,1,1,current_low_write
0.794694,35046,0x00F3CD,0x005D,0x5D,11,loop_high,0x43,1,1,0x00,0x7C,0x29,0x297C00,0x7C,0x43,0x437C,0x2E,0x84,0x20,0x20,0xC2,0x40000,0x04297C,,,1,1,
0.794694,35046,0x00F3D1,0x00DD,0xDD,11,cur_high,0x43,2,2,0x00,0x7C,0x43,0x437C00,0x7C,0x43,0x437C,0x2E,0x84,0x20,0x20,0xC2,0x40000,0x04437C,3,0x0349F,1,1,current_pair_complete
0.794717,35047,0x00F3D6,0x005E,0x5E,11,end,0x48,0,0,0x00,0x7C,0x43,0x437C00,0x7C,0x43,0x437C,0x48,0x84,0x20,0x20,0xC2,0x40000,0x04437C,3,0x0349F,1,1,
0.794717,35047,0x00F3DA,0x00DE,0xDE,11,ctrl,0xD2,1,1,0x00,0x7C,0x43,0x437C00,0x7C,0x43,0x437C,0x48,0x84,0x20,0x20,0xD2,0x50000,0x05437C,7,0x0B222,1,1,retrigger_commit
0.874444,38563,0x00F3E1,0x001A,0x1A,3,vol_l,0x07,0,0,0x84,0x2F,0x30,0x302F84,0x2F,0x30,0x302F,0x3A,0x84,0x07,0x10,0xC6,0x40000,0x04302F,2,0x02238,1,1,
0.874444,38563,0x00F3E5,0x001B,0x1B,3,vol_r,0x07,1,1,0x84,0x2F,0x30,0x302F84,0x2F,0x30,0x302F,0x3A,0x84,0x07,0x07,0xC6,0x40000,0x04302F,2,0x02238,1,1,
0.874444,38563,0x00F3E9,0x001C,0x1C,3,loop_mid,0x2F,2,2,0x84,0x2F,0x30,0x302F84,0x2F,0x30,0x302F,0x3A,0x84,0x07,0x07,0xC6,0x40000,0x04302F,2,0x02238,1,1,
0.874467,38564,0x00F3EE,0x009C,0x9C,3,cur_mid,0x2F,0,0,0x84,0x2F,0x30,0x302F84,0x2F,0x30,0x302F,0x3A,0x84,0x07,0x07,0xC6,0x40000,0x04302F,2,0x02238,1,1,current_low_write
0.874467,38564,0x00F3F2,0x001D,0x1D,3,loop_high,0x30,1,1,0x84,0x2F,0x30,0x302F84,0x2F,0x30,0x302F,0x3A,0x84,0x07,0x07,0xC6,0x40000,0x04302F,2,0x02238,1,1,
0.874467,38564,0x00F3F6,0x009D,0x9D,3,cur_high,0x30,2,2,0x84,0x2F,0x30,0x302F84,0x2F,0x30,0x302F,0x3A,0x84,0x07,0x07,0xC6,0x40000,0x04302F,2,0x02238,1,1,current_pair_complete
0.874490,38565,0x00F3FB,0x009E,0x9E,3,ctrl,0xC6,0,0,0x84,0x2F,0x30,0x302F84,0x2F,0x30,0x302F,0x3A,0x84,0x07,0x07,0xC6,0x40000,0x04302F,2,0x02238,1,1,retrigger_commit
0.875057,38590,0x00F401,0x002C,0x2C,5,loop_mid,0x02,0,0,0x00,0x02,0x60,0x600200,0x02,0x60,0x6002,0x7F,0x84,0x10,0x10,0xD2,0x50000,0x056002,9,0x0C9D8,1,1,
0.875079,38591,0x00F406,0x00AC,0xAC,5,cur_mid,0x02,0,0,0x00,0x02,0x60,0x600200,0x02,0x60,0x6002,0x7F,0x84,0x10,0x10,0xD2,0x50000,0x056002,9,0x0C9D8,1,1,current_low_write
0.875079,38591,0x00F40A,0x002D,0x2D,5,loop_high,0x60,1,1,0x00,0x02,0x60,0x600200,0x02,0x60,0x6002,0x7F,0x84,0x10,0x10,0xD2,0x50000,0x056002,9,0x0C9D8,1,1,
0.875079,38591,0x00F40E,0x00AD,0xAD,5,cur_high,0x60,2,2,0x00,0x02,0x60,0x600200,0x02,0x60,0x6002,0x7F,0x84,0x10,0x10,0xD2,0x50000,0x056002,9,0x0C9D8,1,1,current_pair_complete
0.875102,38592,0x00F413,0x00AE,0xAE,5,ctrl,0xD2,0,0,0x00,0x02,0x60,0x600200,0x02,0x60,0x6002,0x7F,0x84,0x10,0x10,0xD2,0x50000,0x056002,9,0x0C9D8,1,1,retrigger_commit
0.971134,42827,0x00F447,0x001C,0x1C,3,loop_mid,0x2F,0,0,0x84,0x2F,0x30,0x302F84,0x2F,0x30,0x302F,0x3A,0x84,0x07,0x07,0xC6,0x40000,0x04302F,2,0x02238,1,1,
0.971134,42827,0x00F44B,0x009C,0x9C,3,cur_mid,0x2F,1,1,0x84,0x2F,0x30,0x302F84,0x2F,0x30,0x302F,0x3A,0x84,0x07,0x07,0xC6,0x40000,0x04302F,2,0x02238,1,1,current_low_write
0.971134,42827,0x00F44F,0x001D,0x1D,3,loop_high,0x30,2,2,0x84,0x2F,0x30,0x302F84,0x2F,0x30,0x302F,0x3A,0x84,0x07,0x07,0xC6,0x40000,0x04302F,2,0x02238,1,1,
0.971156,42828,0x00F454,0x009D,0x9D,3,cur_high,0x30,0,0,0x84,0x2F,0x30,0x302F84,0x2F,0x30,0x302F,0x3A,0x84,0x07,0x07,0xC6,0x40000,0x04302F,2,0x02238,1,1,current_pair_complete
0.971179,42829,0x00F459,0x009E,0x9E,3,ctrl,0xC6,0,0,0x84,0x2F,0x30,0x302F84,0x2F,0x30,0x302F,0x3A,0x84,0x07,0x07,0xC6,0x40000,0x04302F,2,0x02238,1,1,retrigger_commit
0.971497,42843,0x00F45E,0x005A,0x5A,11,vol_l,0x00,0,0,0x00,0x7C,0x43,0x437C00,0x7C,0x43,0x437C,0x48,0x84,0x00,0x20,0xD2,0x50000,0x05437C,7,0x0B222,1,1,
0.971497,42843,0x00F462,0x005B,0x5B,11,vol_r,0x00,1,1,0x00,0x7C,0x43,0x437C00,0x7C,0x43,0x437C,0x48,0x84,0x00,0x00,0xD2,0x50000,0x05437C,7,0x0B222,1,0,
0.971519,42844,0x00F467,0x005C,0x5C,11,loop_mid,0xAB,0,0,0x00,0x7C,0x43,0x437C00,0xAB,0x43,0x43AB,0x48,0x84,0x00,0x00,0xD2,0x50000,0x05437C,7,0x0B222,1,0,
0.971519,42844,0x00F46B,0x00DC,0xDC,11,cur_mid,0xAB,1,1,0x00,0xAB,0x43,0x43AB00,0xAB,0x43,0x43AB,0x48,0x84,0x00,0x00,0xD2,0x50000,0x0543AB,7,0x0B251,1,0,current_low_write
0.971519,42844,0x00F46F,0x005D,0x5D,11,loop_high,0x29,2,2,0x00,0xAB,0x43,0x43AB00,0xAB,0x29,0x29AB,0x48,0x84,0x00,0x00,0xD2,0x50000,0x0543AB,7,0x0B251,1,0,
0.971519,42844,0x00F473,0x00DD,0xDD,11,cur_high,0x29,3,3,0x00,0xAB,0x29,0x29AB00,0xAB,0x29,0x29AB,0x48,0x84,0x00,0x00,0xD2,0x50000,0x0529AB,6,0x098CD,1,0,current_pair_complete
0.971542,42845,0x00F478,0x005E,0x5E,11,end,0x2E,0,0,0x00,0xAB,0x29,0x29AB00,0xAB,0x29,0x29AB,0x2E,0x84,0x00,0x00,0xD2,0x50000,0x0529AB,6,0x098CD,1,0,
0.971565,42846,0x00F47D,0x00DE,0xDE,11,ctrl,0xC2,0,0,0x00,0xAB,0x29,0x29AB00,0xAB,0x29,0x29AB,0x2E,0x84,0x00,0x00,0xC2,0x40000,0x0429AB,1,0x01CE3,1,0,control_active
1.066463,47031,0x00F484,0x001C,0x1C,3,loop_mid,0x2F,0,0,0x84,0x2F,0x30,0x302F84,0x2F,0x30,0x302F,0x3A,0x84,0x07,0x07,0xC6,0x40000,0x04302F,2,0x02238,1,1,
1.066463,47031,0x00F488,0x009C,0x9C,3,cur_mid,0x2F,1,1,0x84,0x2F,0x30,0x302F84,0x2F,0x30,0x302F,0x3A,0x84,0x07,0x07,0xC6,0x40000,0x04302F,2,0x02238,1,1,current_low_write
1.066463,47031,0x00F48C,0x001D,0x1D,3,loop_high,0x30,2,2,0x84,0x2F,0x30,0x302F84,0x2F,0x30,0x302F,0x3A,0x84,0x07,0x07,0xC6,0x40000,0x04302F,2,0x02238,1,1,
1.066485,47032,0x00F491,0x009D,0x9D,3,cur_high,0x30,0,0,0x84,0x2F,0x30,0x302F84,0x2F,0x30,0x302F,0x3A,0x84,0x07,0x07,0xC6,0x40000,0x04302F,2,0x02238,1,1,current_pair_complete
1.066508,47033,0x00F496,0x009E,0x9E,3,ctrl,0xC6,0,0,0x84,0x2F,0x30,0x302F84,0x2F,0x30,0x302F,0x3A,0x84,0x07,0x07,0xC6,0x40000,0x04302F,2,0x02238,1,1,retrigger_commit
1.066961,47053,0x00F49C,0x000C,0x0C,1,loop_mid,0x02,0,0,0x00,0x02,0x60,0x600200,0x02,0x60,0x6002,0x7F,0x84,0x10,0x10,0xD2,0x50000,0x056002,9,0x0C9D8,1,1,
1.066961,47053,0x00F4A0,0x008C,0x8C,1,cur_mid,0x02,1,1,0x00,0x02,0x60,0x600200,0x02,0x60,0x6002,0x7F,0x84,0x10,0x10,0xD2,0x50000,0x056002,9,0x0C9D8,1,1,current_low_write
1.066984,47054,0x00F4A5,0x000D,0x0D,1,loop_high,0x60,0,0,0x00,0x02,0x60,0x600200,0x02,0x60,0x6002,0x7F,0x84,0x10,0x10,0xD2,0x50000,0x056002,9,0x0C9D8,1,1,
1.066984,47054,0x00F4A9,0x008D,0x8D,1,cur_high,0x60,1,1,0x00,0x02,0x60,0x600200,0x02,0x60,0x6002,0x7F,0x84,0x10,0x10,0xD2,0x50000,0x056002,9,0x0C9D8,1,1,current_pair_complete
1.067007,47055,0x00F4AE,0x008E,0x8E,1,ctrl,0xD2,0,0,0x00,0x02,0x60,0x600200,0x02,0x60,0x6002,0x7F,0x84,0x10,0x10,0xD2,0x50000,0x056002,9,0x0C9D8,1,1,retrigger_commit
1.164762,51366,0x00F505,0x001A,0x1A,3,vol_l,0x10,0,0,0x84,0x2F,0x30,0x302F84,0x2F,0x30,0x302F,0x3A,0x84,0x10,0x07,0xC6,0x40000,0x04302F,2,0x02238,1,1,
1.164762,51366,0x00F509,0x001B,0x1B,3,vol_r,0x10,1,1,0x84,0x2F,0x30,0x302F84,0x2F,0x30,0x302F,0x3A,0x84,0x10,0x10,0xC6,0x40000,0x04302F,2,0x02238,1,1,
1.164785,51367,0x00F50E,0x001C,0x1C,3,loop_mid,0x2F,0,0,0x84,0x2F,0x30,0x302F84,0x2F,0x30,0x302F,0x3A,0x84,0x10,0x10,0xC6,0x40000,0x04302F,2,0x02238,1,1,
1.164785,51367,0x00F512,0x009C,0x9C,3,cur_mid,0x2F,1,1,0x84,0x2F,0x30,0x302F84,0x2F,0x30,0x302F,0x3A,0x84,0x10,0x10,0xC6,0x40000,0x04302F,2,0x02238,1,1,current_low_write
1.164785,51367,0x00F516,0x001D,0x1D,3,loop_high,0x30,2,2,0x84,0x2F,0x30,0x302F84,0x2F,0x30,0x302F,0x3A,0x84,0x10,0x10,0xC6,0x40000,0x04302F,2,0x02238,1,1,
1.164785,51367,0x00F51A,0x009D,0x9D,3,cur_high,0x30,3,3,0x84,0x2F,0x30,0x302F84,0x2F,0x30,0x302F,0x3A,0x84,0x10,0x10,0xC6,0x40000,0x04302F,2,0x02238,1,1,current_pair_complete
1.164830,51369,0x00F51F,0x009E,0x9E,3,ctrl,0xC6,0,0,0x84,0x2F,0x30,0x302F84,0x2F,0x30,0x302F,0x3A,0x84,0x10,0x10,0xC6,0x40000,0x04302F,2,0x02238,1,1,retrigger_commit
1.165215,51386,0x00F525,0x004C,0x4C,9,loop_mid,0x1D,0,0,0x00,0x1D,0x0C,0x0C1D00,0x1D,0x0C,0x0C1D,0x1B,0x78,0x3F,0x3F,0xC2,0x40000,0x040C1D,0,0x00000,1,1,
1.165215,51386,0x00F529,0x00CC,0xCC,9,cur_mid,0x1D,1,1,0x00,0x1D,0x0C,0x0C1D00,0x1D,0x0C,0x0C1D,0x1B,0x78,0x3F,0x3F,0xC2,0x40000,0x040C1D,0,0x00000,1,1,current_low_write
1.165215,51386,0x00F52D,0x004D,0x4D,9,loop_high,0x0C,2,2,0x00,0x1D,0x0C,0x0C1D00,0x1D,0x0C,0x0C1D,0x1B,0x78,0x3F,0x3F,0xC2,0x40000,0x040C1D,0,0x00000,1,1,
1.165238,51387,0x00F532,0x00CD,0xCD,9,cur_high,0x0C,0,0,0x00,0x1D,0x0C,0x0C1D00,0x1D,0x0C,0x0C1D,0x1B,0x78,0x3F,0x3F,0xC2,0x40000,0x040C1D,0,0x00000,1,1,current_pair_complete
1.165261,51388,0x00F537,0x00CE,0xCE,9,ctrl,0xC2,0,0,0x00,0x1D,0x0C,0x0C1D00,0x1D,0x0C,0x0C1D,0x1B,0x78,0x3F,0x3F,0xC2,0x40000,0x040C1D,0,0x00000,1,1,retrigger_commit
1.179025,51995,0x00F53E,0x005A,0x5A,11,vol_l,0x20,0,0,0x00,0xAB,0x29,0x29AB00,0xAB,0x29,0x29AB,0x2E,0x84,0x20,0x00,0xC2,0x40000,0x0429AB,1,0x01CE3,1,1,volume_on
1.179048,51996,0x00F543,0x005B,0x5B,11,vol_r,0x20,0,0,0x00,0xAB,0x29,0x29AB00,0xAB,0x29,0x29AB,0x2E,0x84,0x20,0x20,0xC2,0x40000,0x0429AB,1,0x01CE3,1,1,
1.179048,51996,0x00F547,0x005C,0x5C,11,loop_mid,0x7C,1,1,0x00,0xAB,0x29,0x29AB00,0x7C,0x29,0x297C,0x2E,0x84,0x20,0x20,0xC2,0x40000,0x0429AB,1,0x01CE3,1,1,
1.179048,51996,0x00F54B,0x00DC,0xDC,11,cur_mid,0x7C,2,2,0x00,0x7C,0x29,0x297C00,0x7C,0x29,0x297C,0x2E,0x84,0x20,0x20,0xC2,0x40000,0x04297C,,,1,1,current_low_write
1.179070,51997,0x00F550,0x005D,0x5D,11,loop_high,0x43,0,0,0x00,0x7C,0x29,0x297C00,0x7C,0x43,0x437C,0x2E,0x84,0x20,0x20,0xC2,0x40000,0x04297C,,,1,1,
1.179070,51997,0x00F554,0x00DD,0xDD,11,cur_high,0x43,1,1,0x00,0x7C,0x43,0x437C00,0x7C,0x43,0x437C,0x2E,0x84,0x20,0x20,0xC2,0x40000,0x04437C,3,0x0349F,1,1,current_pair_complete
1.179070,51997,0x00F558,0x005E,0x5E,11,end,0x48,2,2,0x00,0x7C,0x43,0x437C00,0x7C,0x43,0x437C,0x48,0x84,0x20,0x20,0xC2,0x40000,0x04437C,3,0x0349F,1,1,
1.179093,51998,0x00F55D,0x00DE,0xDE,11,ctrl,0xD2,0,0,0x00,0x7C,0x43,0x437C00,0x7C,0x43,0x437C,0x48,0x84,0x20,0x20,0xD2,0x50000,0x05437C,7,0x0B222,1,1,retrigger_commit
1.258821,55514,0x00F564,0x001A,0x1A,3,vol_l,0x07,0,0,0x84,0x2F,0x30,0x302F84,0x2F,0x30,0x302F,0x3A,0x84,0x07,0x10,0xC6,0x40000,0x04302F,2,0x02238,1,1,
1.258821,55514,0x00F568,0x001B,0x1B,3,vol_r,0x07,1,1,0x84,0x2F,0x30,0x302F84,0x2F,0x30,0x302F,0x3A,0x84,0x07,0x07,0xC6,0x40000,0x04302F,2,0x02238,1,1,
1.258821,55514,0x00F56C,0x001C,0x1C,3,loop_mid,0x2F,2,2,0x84,0x2F,0x30,0x302F84,0x2F,0x30,0x302F,0x3A,0x84,0x07,0x07,0xC6,0x40000,0x04302F,2,0x02238,1,1,
1.258844,55515,0x00F571,0x009C,0x9C,3,cur_mid,0x2F,0,0,0x84,0x2F,0x30,0x302F84,0x2F,0x30,0x302F,0x3A,0x84,0x07,0x07,0xC6,0x40000,0x04302F,2,0x02238,1,1,current_low_write
1.258844,55515,0x00F575,0x001D,0x1D,3,loop_high,0x30,1,1,0x84,0x2F,0x30,0x302F84,0x2F,0x30,0x302F,0x3A,0x84,0x07,0x07,0xC6,0x40000,0x04302F,2,0x02238,1,1,
1.258844,55515,0x00F579,0x009D,0x9D,3,cur_high,0x30,2,2,0x84,0x2F,0x30,0x302F84,0x2F,0x30,0x302F,0x3A,0x84,0x07,0x07,0xC6,0x40000,0x04302F,2,0x02238,1,1,current_pair_complete
1.258866,55516,0x00F57E,0x009E,0x9E,3,ctrl,0xC6,0,0,0x84,0x2F,0x30,0x302F84,0x2F,0x30,0x302F,0x3A,0x84,0x07,0x07,0xC6,0x40000,0x04302F,2,0x02238,1,1,retrigger_commit
1.259456,55542,0x00F584,0x003C,0x3C,7,loop_mid,0x02,0,0,0x00,0x02,0x60,0x600200,0x02,0x60,0x6002,0x7F,0x84,0x10,0x10,0xD2,0x50000,0x056002,9,0x0C9D8,1,1,
1.259456,55542,0x00F588,0x00BC,0xBC,7,cur_mid,0x02,1,1,0x00,0x02,0x60,0x600200,0x02,0x60,0x6002,0x7F,0x84,0x10,0x10,0xD2,0x50000,0x056002,9,0x0C9D8,1,1,current_low_write
1.259456,55542,0x00F58C,0x003D,0x3D,7,loop_high,0x60,2,2,0x00,0x02,0x60,0x600200,0x02,0x60,0x6002,0x7F,0x84,0x10,0x10,0xD2,0x50000,0x056002,9,0x0C9D8,1,1,
1.259478,55543,0x00F591,0x00BD,0xBD,7,cur_high,0x60,0,0,0x00,0x02,0x60,0x600200,0x02,0x60,0x6002,0x7F,0x84,0x10,0x10,0xD2,0x50000,0x056002,9,0x0C9D8,1,1,current_pair_complete
1.259501,55544,0x00F596,0x00BE,0xBE,7,ctrl,0xD2,0,0,0x00,0x02,0x60,0x600200,0x02,0x60,0x6002,0x7F,0x84,0x10,0x10,0xD2,0x50000,0x056002,9,0x0C9D8,1,1,retrigger_commit
1.356145,59806,0x00F5F3,0x001C,0x1C,3,loop_mid,0x2F,0,0,0x84,0x2F,0x30,0x302F84,0x2F,0x30,0x302F,0x3A,0x84,0x07,0x07,0xC6,0x40000,0x04302F,2,0x02238,1,1,
1.356168,59807,0x00F5F8,0x009C,0x9C,3,cur_mid,0x2F,0,0,0x84,0x2F,0x30,0x302F84,0x2F,0x30,0x302F,0x3A,0x84,0x07,0x07,0xC6,0x40000,0x04302F,2,0x02238,1,1,current_low_write
1.356168,59807,0x00F5FC,0x001D,0x1D,3,loop_high,0x30,1,1,0x84,0x2F,0x30,0x302F84,0x2F,0x30,0x302F,0x3A,0x84,0x07,0x07,0xC6,0x40000,0x04302F,2,0x02238,1,1,
1.356168,59807,0x00F600,0x009D,0x9D,3,cur_high,0x30,2,2,0x84,0x2F,0x30,0x302F84,0x2F,0x30,0x302F,0x3A,0x84,0x07,0x07,0xC6,0x40000,0x04302F,2,0x02238,1,1,current_pair_complete
1.356190,59808,0x00F605,0x009E,0x9E,3,ctrl,0xC6,0,0,0x84,0x2F,0x30,0x302F84,0x2F,0x30,0x302F,0x3A,0x84,0x07,0x07,0xC6,0x40000,0x04302F,2,0x02238,1,1,retrigger_commit
1.356531,59823,0x00F60A,0x005A,0x5A,11,vol_l,0x00,0,0,0x00,0x7C,0x43,0x437C00,0x7C,0x43,0x437C,0x48,0x84,0x00,0x20,0xD2,0x50000,0x05437C,7,0x0B222,1,1,
1.356531,59823,0x00F60E,0x005B,0x5B,11,vol_r,0x00,1,1,0x00,0x7C,0x43,0x437C00,0x7C,0x43,0x437C,0x48,0x84,0x00,0x00,0xD2,0x50000,0x05437C,7,0x0B222,1,0,
1.356531,59823,0x00F612,0x005C,0x5C,11,loop_mid,0xAB,2,2,0x00,0x7C,0x43,0x437C00,0xAB,0x43,0x43AB,0x48,0x84,0x00,0x00,0xD2,0x50000,0x05437C,7,0x0B222,1,0,
1.356553,59824,0x00F617,0x00DC,0xDC,11,cur_mid,0xAB,0,0,0x00,0xAB,0x43,0x43AB00,0xAB,0x43,0x43AB,0x48,0x84,0x00,0x00,0xD2,0x50000,0x0543AB,7,0x0B251,1,0,current_low_write
1.356553,59824,0x00F61B,0x005D,0x5D,11,loop_high,0x29,1,1,0x00,0xAB,0x43,0x43AB00,0xAB,0x29,0x29AB,0x48,0x84,0x00,0x00,0xD2,0x50000,0x0543AB,7,0x0B251,1,0,
1.356553,59824,0x00F61F,0x00DD,0xDD,11,cur_high,0x29,2,2,0x00,0xAB,0x29,0x29AB00,0xAB,0x29,0x29AB,0x48,0x84,0x00,0x00,0xD2,0x50000,0x0529AB,6,0x098CD,1,0,current_pair_complete
1.356576,59825,0x00F624,0x005E,0x5E,11,end,0x2E,0,0,0x00,0xAB,0x29,0x29AB00,0xAB,0x29,0x29AB,0x2E,0x84,0x00,0x00,0xD2,0x50000,0x0529AB,6,0x098CD,1,0,
1.356576,59825,0x00F628,0x00DE,0xDE,11,ctrl,0xC2,1,1,0x00,0xAB,0x29,0x29AB00,0xAB,0x29,0x29AB,0x2E,0x84,0x00,0x00,0xC2,0x40000,0x0429AB,1,0x01CE3,1,0,control_active
1.450771,63979,0x00F62F,0x001C,0x1C,3,loop_mid,0x2F,0,0,0x84,0x2F,0x30,0x302F84,0x2F,0x30,0x302F,0x3A,0x84,0x07,0x07,0xC6,0x40000,0x04302F,2,0x02238,1,1,
1.450794,63980,0x00F634,0x009C,0x9C,3,cur_mid,0x2F,0,0,0x84,0x2F,0x30,0x302F84,0x2F,0x30,0x302F,0x3A,0x84,0x07,0x07,0xC6,0x40000,0x04302F,2,0x02238,1,1,current_low_write
1.450794,63980,0x00F638,0x001D,0x1D,3,loop_high,0x30,1,1,0x84,0x2F,0x30,0x302F84,0x2F,0x30,0x302F,0x3A,0x84,0x07,0x07,0xC6,0x40000,0x04302F,2,0x02238,1,1,
1.450794,63980,0x00F63C,0x009D,0x9D,3,cur_high,0x30,2,2,0x84,0x2F,0x30,0x302F84,0x2F,0x30,0x302F,0x3A,0x84,0x07,0x07,0xC6,0x40000,0x04302F,2,0x02238,1,1,current_pair_complete
1.450816,63981,0x00F641,0x009E,0x9E,3,ctrl,0xC6,0,0,0x84,0x2F,0x30,0x302F84,0x2F,0x30,0x302F,0x3A,0x84,0x07,0x07,0xC6,0x40000,0x04302F,2,0x02238,1,1,retrigger_commit
1.451315,64003,0x00F647,0x002C,0x2C,5,loop_mid,0x02,0,0,0x00,0x02,0x60,0x600200,0x02,0x60,0x6002,0x7F,0x84,0x10,0x10,0xD2,0x50000,0x056002,9,0x0C9D8,1,1,
1.451338,64004,0x00F64C,0x00AC,0xAC,5,cur_mid,0x02,0,0,0x00,0x02,0x60,0x600200,0x02,0x60,0x6002,0x7F,0x84,0x10,0x10,0xD2,0x50000,0x056002,9,0x0C9D8,1,1,current_low_write
1.451338,64004,0x00F650,0x002D,0x2D,5,loop_high,0x60,1,1,0x00,0x02,0x60,0x600200,0x02,0x60,0x6002,0x7F,0x84,0x10,0x10,0xD2,0x50000,0x056002,9,0x0C9D8,1,1,
1.451338,64004,0x00F654,0x00AD,0xAD,5,cur_high,0x60,2,2,0x00,0x02,0x60,0x600200,0x02,0x60,0x6002,0x7F,0x84,0x10,0x10,0xD2,0x50000,0x056002,9,0x0C9D8,1,1,current_pair_complete
1.451361,64005,0x00F659,0x00AE,0xAE,5,ctrl,0xD2,0,0,0x00,0x02,0x60,0x600200,0x02,0x60,0x6002,0x7F,0x84,0x10,0x10,0xD2,0x50000,0x056002,9,0x0C9D8,1,1,retrigger_commit
1.548095,68271,0x00F6A8,0x001C,0x1C,3,loop_mid,0x2F,0,0,0x84,0x2F,0x30,0x302F84,0x2F,0x30,0x302F,0x3A,0x84,0x07,0x07,0xC6,0x40000,0x04302F,2,0x02238,1,1,
1.548118,68272,0x00F6AD,0x009C,0x9C,3,cur_mid,0x2F,0,0,0x84,0x2F,0x30,0x302F84,0x2F,0x30,0x302F,0x3A,0x84,0x07,0x07,0xC6,0x40000,0x04302F,2,0x02238,1,1,current_low_write
1.548118,68272,0x00F6B1,0x001D,0x1D,3,loop_high,0x30,1,1,0x84,0x2F,0x30,0x302F84,0x2F,0x30,0x302F,0x3A,0x84,0x07,0x07,0xC6,0x40000,0x04302F,2,0x02238,1,1,
1.548118,68272,0x00F6B5,0x009D,0x9D,3,cur_high,0x30,2,2,0x84,0x2F,0x30,0x302F84,0x2F,0x30,0x302F,0x3A,0x84,0x07,0x07,0xC6,0x40000,0x04302F,2,0x02238,1,1,current_pair_complete
1.548141,68273,0x00F6BA,0x009E,0x9E,3,ctrl,0xC6,0,0,0x84,0x2F,0x30,0x302F84,0x2F,0x30,0x302F,0x3A,0x84,0x07,0x07,0xC6,0x40000,0x04302F,2,0x02238,1,1,retrigger_commit
1.549025,68312,0x00F6C1,0x004C,0x4C,9,loop_mid,0x1D,0,0,0x00,0x1D,0x0C,0x0C1D00,0x1D,0x0C,0x0C1D,0x1B,0x78,0x3F,0x3F,0xC2,0x40000,0x040C1D,0,0x00000,1,1,
1.549025,68312,0x00F6C5,0x00CC,0xCC,9,cur_mid,0x1D,1,1,0x00,0x1D,0x0C,0x0C1D00,0x1D,0x0C,0x0C1D,0x1B,0x78,0x3F,0x3F,0xC2,0x40000,0x040C1D,0,0x00000,1,1,current_low_write
1.549025,68312,0x00F6C9,0x004D,0x4D,9,loop_high,0x0C,2,2,0x00,0x1D,0x0C,0x0C1D00,0x1D,0x0C,0x0C1D,0x1B,0x78,0x3F,0x3F,0xC2,0x40000,0x040C1D,0,0x00000,1,1,
1.549048,68313,0x00F6CE,0x00CD,0xCD,9,cur_high,0x0C,0,0,0x00,0x1D,0x0C,0x0C1D00,0x1D,0x0C,0x0C1D,0x1B,0x78,0x3F,0x3F,0xC2,0x40000,0x040C1D,0,0x00000,1,1,current_pair_complete
1.549070,68314,0x00F6D3,0x00CE,0xCE,9,ctrl,0xC2,0,0,0x00,0x1D,0x0C,0x0C1D00,0x1D,0x0C,0x0C1D,0x1B,0x78,0x3F,0x3F,0xC2,0x40000,0x040C1D,0,0x00000,1,1,retrigger_commit
1.562744,68917,0x00F6DA,0x005A,0x5A,11,vol_l,0x20,0,0,0x00,0xAB,0x29,0x29AB00,0xAB,0x29,0x29AB,0x2E,0x84,0x20,0x00,0xC2,0x40000,0x0429AB,1,0x01CE3,1,1,volume_on
1.562744,68917,0x00F6DE,0x005B,0x5B,11,vol_r,0x20,1,1,0x00,0xAB,0x29,0x29AB00,0xAB,0x29,0x29AB,0x2E,0x84,0x20,0x20,0xC2,0x40000,0x0429AB,1,0x01CE3,1,1,
1.562766,68918,0x00F6E3,0x005C,0x5C,11,loop_mid,0x7C,0,0,0x00,0xAB,0x29,0x29AB00,0x7C,0x29,0x297C,0x2E,0x84,0x20,0x20,0xC2,0x40000,0x0429AB,1,0x01CE3,1,1,
1.562766,68918,0x00F6E7,0x00DC,0xDC,11,cur_mid,0x7C,1,1,0x00,0x7C,0x29,0x297C00,0x7C,0x29,0x297C,0x2E,0x84,0x20,0x20,0xC2,0x40000,0x04297C,,,1,1,current_low_write
1.562766,68918,0x00F6EB,0x005D,0x5D,11,loop_high,0x43,2,2,0x00,0x7C,0x29,0x297C00,0x7C,0x43,0x437C,0x2E,0x84,0x20,0x20,0xC2,0x40000,0x04297C,,,1,1,
1.562766,68918,0x00F6EF,0x00DD,0xDD,11,cur_high,0x43,3,3,0x00,0x7C,0x43,0x437C00,0x7C,0x43,0x437C,0x2E,0x84,0x20,0x20,0xC2,0x40000,0x04437C,3,0x0349F,1,1,current_pair_complete
1.562789,68919,0x00F6F4,0x005E,0x5E,11,end,0x48,0,0,0x00,0x7C,0x43,0x437C00,0x7C,0x43,0x437C,0x48,0x84,0x20,0x20,0xC2,0x40000,0x04437C,3,0x0349F,1,1,
1.562812,68920,0x00F6F9,0x00DE,0xDE,11,ctrl,0xD2,0,0,0x00,0x7C,0x43,0x437C00,0x7C,0x43,0x437C,0x48,0x84,0x20,0x20,0xD2,0x50000,0x05437C,7,0x0B222,1,1,retrigger_commit
1.642472,72433,0x00F700,0x001C,0x1C,3,loop_mid,0x2F,0,0,0x84,0x2F,0x30,0x302F84,0x2F,0x30,0x302F,0x3A,0x84,0x07,0x07,0xC6,0x40000,0x04302F,2,0x02238,1,1,
1.642472,72433,0x00F704,0x009C,0x9C,3,cur_mid,0x2F,1,1,0x84,0x2F,0x30,0x302F84,0x2F,0x30,0x302F,0x3A,0x84,0x07,0x07,0xC6,0x40000,0x04302F,2,0x02238,1,1,current_low_write
1.642472,72433,0x00F708,0x001D,0x1D,3,loop_high,0x30,2,2,0x84,0x2F,0x30,0x302F84,0x2F,0x30,0x302F,0x3A,0x84,0x07,0x07,0xC6,0x40000,0x04302F,2,0x02238,1,1,
1.642472,72433,0x00F70C,0x009D,0x9D,3,cur_high,0x30,3,3,0x84,0x2F,0x30,0x302F84,0x2F,0x30,0x302F,0x3A,0x84,0x07,0x07,0xC6,0x40000,0x04302F,2,0x02238,1,1,current_pair_complete
1.642517,72435,0x00F711,0x009E,0x9E,3,ctrl,0xC6,0,0,0x84,0x2F,0x30,0x302F84,0x2F,0x30,0x302F,0x3A,0x84,0x07,0x07,0xC6,0x40000,0x04302F,2,0x02238,1,1,retrigger_commit
1.643039,72458,0x00F717,0x000C,0x0C,1,loop_mid,0x02,0,0,0x00,0x02,0x60,0x600200,0x02,0x60,0x6002,0x7F,0x84,0x10,0x10,0xD2,0x50000,0x056002,9,0x0C9D8,1,1,
1.643039,72458,0x00F71B,0x008C,0x8C,1,cur_mid,0x02,1,1,0x00,0x02,0x60,0x600200,0x02,0x60,0x6002,0x7F,0x84,0x10,0x10,0xD2,0x50000,0x056002,9,0x0C9D8,1,1,current_low_write
1.643061,72459,0x00F720,0x000D,0x0D,1,loop_high,0x60,0,0,0x00,0x02,0x60,0x600200,0x02,0x60,0x6002,0x7F,0x84,0x10,0x10,0xD2,0x50000,0x056002,9,0x0C9D8,1,1,
1.643061,72459,0x00F724,0x008D,0x8D,1,cur_high,0x60,1,1,0x00,0x02,0x60,0x600200,0x02,0x60,0x6002,0x7F,0x84,0x10,0x10,0xD2,0x50000,0x056002,9,0x0C9D8,1,1,current_pair_complete
1.643084,72460,0x00F729,0x008E,0x8E,1,ctrl,0xD2,0,0,0x00,0x02,0x60,0x600200,0x02,0x60,0x6002,0x7F,0x84,0x10,0x10,0xD2,0x50000,0x056002,9,0x0C9D8,1,1,retrigger_commit
1.739138,76696,0x00F760,0x001C,0x1C,3,loop_mid,0x2F,0,0,0x84,0x2F,0x30,0x302F84,0x2F,0x30,0x302F,0x3A,0x84,0x07,0x07,0xC6,0x40000,0x04302F,2,0x02238,1,1,
1.739138,76696,0x00F764,0x009C,0x9C,3,cur_mid,0x2F,1,1,0x84,0x2F,0x30,0x302F84,0x2F,0x30,0x302F,0x3A,0x84,0x07,0x07,0xC6,0x40000,0x04302F,2,0x02238,1,1,current_low_write
1.739138,76696,0x00F768,0x001D,0x1D,3,loop_high,0x30,2,2,0x84,0x2F,0x30,0x302F84,0x2F,0x30,0x302F,0x3A,0x84,0x07,0x07,0xC6,0x40000,0x04302F,2,0x02238,1,1,
1.739161,76697,0x00F76D,0x009D,0x9D,3,cur_high,0x30,0,0,0x84,0x2F,0x30,0x302F84,0x2F,0x30,0x302F,0x3A,0x84,0x07,0x07,0xC6,0x40000,0x04302F,2,0x02238,1,1,current_pair_complete
1.739184,76698,0x00F772,0x009E,0x9E,3,ctrl,0xC6,0,0,0x84,0x2F,0x30,0x302F84,0x2F,0x30,0x302F,0x3A,0x84,0x07,0x07,0xC6,0x40000,0x04302F,2,0x02238,1,1,retrigger_commit
1.739501,76712,0x00F777,0x005A,0x5A,11,vol_l,0x00,0,0,0x00,0x7C,0x43,0x437C00,0x7C,0x43,0x437C,0x48,0x84,0x00,0x20,0xD2,0x50000,0x05437C,7,0x0B222,1,1,
1.739501,76712,0x00F77B,0x005B,0x5B,11,vol_r,0x00,1,1,0x00,0x7C,0x43,0x437C00,0x7C,0x43,0x437C,0x48,0x84,0x00,0x00,0xD2,0x50000,0x05437C,7,0x0B222,1,0,
1.739524,76713,0x00F780,0x005C,0x5C,11,loop_mid,0xAB,0,0,0x00,0x7C,0x43,0x437C00,0xAB,0x43,0x43AB,0x48,0x84,0x00,0x00,0xD2,0x50000,0x05437C,7,0x0B222,1,0,
1.739524,76713,0x00F784,0x00DC,0xDC,11,cur_mid,0xAB,1,1,0x00,0xAB,0x43,0x43AB00,0xAB,0x43,0x43AB,0x48,0x84,0x00,0x00,0xD2,0x50000,0x0543AB,7,0x0B251,1,0,current_low_write
1.739524,76713,0x00F788,0x005D,0x5D,11,loop_high,0x29,2,2,0x00,0xAB,0x43,0x43AB00,0xAB,0x29,0x29AB,0x48,0x84,0x00,0x00,0xD2,0x50000,0x0543AB,7,0x0B251,1,0,
1.739524,76713,0x00F78C,0x00DD,0xDD,11,cur_high,0x29,3,3,0x00,0xAB,0x29,0x29AB00,0xAB,0x29,0x29AB,0x48,0x84,0x00,0x00,0xD2,0x50000,0x0529AB,6,0x098CD,1,0,current_pair_complete
1.739546,76714,0x00F791,0x005E,0x5E,11,end,0x2E,0,0,0x00,0xAB,0x29,0x29AB00,0xAB,0x29,0x29AB,0x2E,0x84,0x00,0x00,0xD2,0x50000,0x0529AB,6,0x098CD,1,0,
1.739569,76715,0x00F796,0x00DE,0xDE,11,ctrl,0xC2,0,0,0x00,0xAB,0x29,0x29AB00,0xAB,0x29,0x29AB,0x2E,0x84,0x00,0x00,0xC2,0x40000,0x0429AB,1,0x01CE3,1,0,control_active
1.740045,76736,0x00F79C,0x000C,0x0C,1,loop_mid,0x02,0,0,0x00,0x02,0x60,0x600200,0x02,0x60,0x6002,0x7F,0x84,0x10,0x10,0xD2,0x50000,0x056002,9,0x0C9D8,1,1,
1.740045,76736,0x00F7A0,0x008C,0x8C,1,cur_mid,0x02,1,1,0x00,0x02,0x60,0x600200,0x02,0x60,0x6002,0x7F,0x84,0x10,0x10,0xD2,0x50000,0x056002,9,0x0C9D8,1,1,current_low_write
1.740045,76736,0x00F7A4,0x000D,0x0D,1,loop_high,0x60,2,2,0x00,0x02,0x60,0x600200,0x02,0x60,0x6002,0x7F,0x84,0x10,0x10,0xD2,0x50000,0x056002,9,0x0C9D8,1,1,
1.740068,76737,0x00F7A9,0x008D,0x8D,1,cur_high,0x60,0,0,0x00,0x02,0x60,0x600200,0x02,0x60,0x6002,0x7F,0x84,0x10,0x10,0xD2,0x50000,0x056002,9,0x0C9D8,1,1,current_pair_complete
1.740091,76738,0x00F7AE,0x008E,0x8E,1,ctrl,0xD2,0,0,0x00,0x02,0x60,0x600200,0x02,0x60,0x6002,0x7F,0x84,0x10,0x10,0xD2,0x50000,0x056002,9,0x0C9D8,1,1,retrigger_commit
1.834467,80900,0x00F7B5,0x001C,0x1C,3,loop_mid,0x2F,0,0,0x84,0x2F,0x30,0x302F84,0x2F,0x30,0x302F,0x3A,0x84,0x07,0x07,0xC6,0x40000,0x04302F,2,0x02238,1,1,
1.834467,80900,0x00F7B9,0x009C,0x9C,3,cur_mid,0x2F,1,1,0x84,0x2F,0x30,0x302F84,0x2F,0x30,0x302F,0x3A,0x84,0x07,0x07,0xC6,0x40000,0x04302F,2,0x02238,1,1,current_low_write
1.834467,80900,0x00F7BD,0x001D,0x1D,3,loop_high,0x30,2,2,0x84,0x2F,0x30,0x302F84,0x2F,0x30,0x302F,0x3A,0x84,0x07,0x07,0xC6,0x40000,0x04302F,2,0x02238,1,1,
1.834490,80901,0x00F7C2,0x009D,0x9D,3,cur_high,0x30,0,0,0x84,0x2F,0x30,0x302F84,0x2F,0x30,0x302F,0x3A,0x84,0x07,0x07,0xC6,0x40000,0x04302F,2,0x02238,1,1,current_pair_complete
1.834512,80902,0x00F7C7,0x009E,0x9E,3,ctrl,0xC6,0,0,0x84,0x2F,0x30,0x302F84,0x2F,0x30,0x302F,0x3A,0x84,0x07,0x07,0xC6,0x40000,0x04302F,2,0x02238,1,1,retrigger_commit
1.835011,80924,0x00F7CD,0x003C,0x3C,7,loop_mid,0x02,0,0,0x00,0x02,0x60,0x600200,0x02,0x60,0x6002,0x7F,0x84,0x10,0x10,0xD2,0x50000,0x056002,9,0x0C9D8,1,1,
1.835011,80924,0x00F7D1,0x00BC,0xBC,7,cur_mid,0x02,1,1,0x00,0x02,0x60,0x600200,0x02,0x60,0x6002,0x7F,0x84,0x10,0x10,0xD2,0x50000,0x056002,9,0x0C9D8,1,1,current_low_write
1.835011,80924,0x00F7D5,0x003D,0x3D,7,loop_high,0x60,2,2,0x00,0x02,0x60,0x600200,0x02,0x60,0x6002,0x7F,0x84,0x10,0x10,0xD2,0x50000,0x056002,9,0x0C9D8,1,1,
1.835034,80925,0x00F7DA,0x00BD,0xBD,7,cur_high,0x60,0,0,0x00,0x02,0x60,0x600200,0x02,0x60,0x6002,0x7F,0x84,0x10,0x10,0xD2,0x50000,0x056002,9,0x0C9D8,1,1,current_pair_complete
1.835057,80926,0x00F7DF,0x00BE,0xBE,7,ctrl,0xD2,0,0,0x00,0x02,0x60,0x600200,0x02,0x60,0x6002,0x7F,0x84,0x10,0x10,0xD2,0x50000,0x056002,9,0x0C9D8,1,1,retrigger_commit
1.931701,85188,0x00F824,0x001C,0x1C,3,loop_mid,0x2F,0,0,0x84,0x2F,0x30,0x302F84,0x2F,0x30,0x302F,0x3A,0x84,0x07,0x07,0xC6,0x40000,0x04302F,2,0x02238,1,1,
1.931701,85188,0x00F828,0x009C,0x9C,3,cur_mid,0x2F,1,1,0x84,0x2F,0x30,0x302F84,0x2F,0x30,0x302F,0x3A,0x84,0x07,0x07,0xC6,0x40000,0x04302F,2,0x02238,1,1,current_low_write
1.931701,85188,0x00F82C,0x001D,0x1D,3,loop_high,0x30,2,2,0x84,0x2F,0x30,0x302F84,0x2F,0x30,0x302F,0x3A,0x84,0x07,0x07,0xC6,0x40000,0x04302F,2,0x02238,1,1,
1.931701,85188,0x00F830,0x009D,0x9D,3,cur_high,0x30,3,3,0x84,0x2F,0x30,0x302F84,0x2F,0x30,0x302F,0x3A,0x84,0x07,0x07,0xC6,0x40000,0x04302F,2,0x02238,1,1,current_pair_complete
1.931746,85190,0x00F835,0x009E,0x9E,3,ctrl,0xC6,0,0,0x84,0x2F,0x30,0x302F84,0x2F,0x30,0x302F,0x3A,0x84,0x07,0x07,0xC6,0x40000,0x04302F,2,0x02238,1,1,retrigger_commit
1.932132,85207,0x00F83B,0x004C,0x4C,9,loop_mid,0x1D,0,0,0x00,0x1D,0x0C,0x0C1D00,0x1D,0x0C,0x0C1D,0x1B,0x78,0x3F,0x3F,0xC2,0x40000,0x040C1D,0,0x00000,1,1,
1.932132,85207,0x00F83F,0x00CC,0xCC,9,cur_mid,0x1D,1,1,0x00,0x1D,0x0C,0x0C1D00,0x1D,0x0C,0x0C1D,0x1B,0x78,0x3F,0x3F,0xC2,0x40000,0x040C1D,0,0x00000,1,1,current_low_write
1.932132,85207,0x00F843,0x004D,0x4D,9,loop_high,0x0C,2,2,0x00,0x1D,0x0C,0x0C1D00,0x1D,0x0C,0x0C1D,0x1B,0x78,0x3F,0x3F,0xC2,0x40000,0x040C1D,0,0x00000,1,1,
1.932154,85208,0x00F848,0x00CD,0xCD,9,cur_high,0x0C,0,0,0x00,0x1D,0x0C,0x0C1D00,0x1D,0x0C,0x0C1D,0x1B,0x78,0x3F,0x3F,0xC2,0x40000,0x040C1D,0,0x00000,1,1,current_pair_complete
1.932177,85209,0x00F84D,0x00CE,0xCE,9,ctrl,0xC2,0,0,0x00,0x1D,0x0C,0x0C1D00,0x1D,0x0C,0x0C1D,0x1B,0x78,0x3F,0x3F,0xC2,0x40000,0x040C1D,0,0x00000,1,1,retrigger_commit
1.946735,85851,0x00F854,0x005A,0x5A,11,vol_l,0x20,0,0,0x00,0xAB,0x29,0x29AB00,0xAB,0x29,0x29AB,0x2E,0x84,0x20,0x00,0xC2,0x40000,0x0429AB,1,0x01CE3,1,1,volume_on
1.946757,85852,0x00F859,0x005B,0x5B,11,vol_r,0x20,0,0,0x00,0xAB,0x29,0x29AB00,0xAB,0x29,0x29AB,0x2E,0x84,0x20,0x20,0xC2,0x40000,0x0429AB,1,0x01CE3,1,1,
1.946757,85852,0x00F85D,0x005C,0x5C,11,loop_mid,0x7C,1,1,0x00,0xAB,0x29,0x29AB00,0x7C,0x29,0x297C,0x2E,0x84,0x20,0x20,0xC2,0x40000,0x0429AB,1,0x01CE3,1,1,
1.946757,85852,0x00F861,0x00DC,0xDC,11,cur_mid,0x7C,2,2,0x00,0x7C,0x29,0x297C00,0x7C,0x29,0x297C,0x2E,0x84,0x20,0x20,0xC2,0x40000,0x04297C,,,1,1,current_low_write
1.946780,85853,0x00F866,0x005D,0x5D,11,loop_high,0x43,0,0,0x00,0x7C,0x29,0x297C00,0x7C,0x43,0x437C,0x2E,0x84,0x20,0x20,0xC2,0x40000,0x04297C,,,1,1,
1.946780,85853,0x00F86A,0x00DD,0xDD,11,cur_high,0x43,1,1,0x00,0x7C,0x43,0x437C00,0x7C,0x43,0x437C,0x2E,0x84,0x20,0x20,0xC2,0x40000,0x04437C,3,0x0349F,1,1,current_pair_complete
1.946780,85853,0x00F86E,0x005E,0x5E,11,end,0x48,2,2,0x00,0x7C,0x43,0x437C00,0x7C,0x43,0x437C,0x48,0x84,0x20,0x20,0xC2,0x40000,0x04437C,3,0x0349F,1,1,
1.946803,85854,0x00F873,0x00DE,0xDE,11,ctrl,0xD2,0,0,0x00,0x7C,0x43,0x437C00,0x7C,0x43,0x437C,0x48,0x84,0x20,0x20,0xD2,0x50000,0x05437C,7,0x0B222,1,1,retrigger_commit
2.026463,89367,0x00F87A,0x001C,0x1C,3,loop_mid,0x2F,0,0,0x84,0x2F,0x30,0x302F84,0x2F,0x30,0x302F,0x3A,0x84,0x07,0x07,0xC6,0x40000,0x04302F,2,0x02238,1,1,
2.026463,89367,0x00F87E,0x009C,0x9C,3,cur_mid,0x2F,1,1,0x84,0x2F,0x30,0x302F84,0x2F,0x30,0x302F,0x3A,0x84,0x07,0x07,0xC6,0x40000,0x04302F,2,0x02238,1,1,current_low_write
2.026463,89367,0x00F882,0x001D,0x1D,3,loop_high,0x30,2,2,0x84,0x2F,0x30,0x302F84,0x2F,0x30,0x302F,0x3A,0x84,0x07,0x07,0xC6,0x40000,0x04302F,2,0x02238,1,1,
2.026485,89368,0x00F887,0x009D,0x9D,3,cur_high,0x30,0,0,0x84,0x2F,0x30,0x302F84,0x2F,0x30,0x302F,0x3A,0x84,0x07,0x07,0xC6,0x40000,0x04302F,2,0x02238,1,1,current_pair_complete
2.026508,89369,0x00F88C,0x009E,0x9E,3,ctrl,0xC6,0,0,0x84,0x2F,0x30,0x302F84,0x2F,0x30,0x302F,0x3A,0x84,0x07,0x07,0xC6,0x40000,0x04302F,2,0x02238,1,1,retrigger_commit
2.027052,89393,0x00F892,0x002C,0x2C,5,loop_mid,0x02,0,0,0x00,0x02,0x60,0x600200,0x02,0x60,0x6002,0x7F,0x84,0x10,0x10,0xD2,0x50000,0x056002,9,0x0C9D8,1,1,
2.027075,89394,0x00F897,0x00AC,0xAC,5,cur_mid,0x02,0,0,0x00,0x02,0x60,0x600200,0x02,0x60,0x6002,0x7F,0x84,0x10,0x10,0xD2,0x50000,0x056002,9,0x0C9D8,1,1,current_low_write
2.027075,89394,0x00F89B,0x002D,0x2D,5,loop_high,0x60,1,1,0x00,0x02,0x60,0x600200,0x02,0x60,0x6002,0x7F,0x84,0x10,0x10,0xD2,0x50000,0x056002,9,0x0C9D8,1,1,
2.027075,89394,0x00F89F,0x00AD,0xAD,5,cur_high,0x60,2,2,0x00,0x02,0x60,0x600200,0x02,0x60,0x6002,0x7F,0x84,0x10,0x10,0xD2,0x50000,0x056002,9,0x0C9D8,1,1,current_pair_complete
2.027098,89395,0x00F8A4,0x00AE,0xAE,5,ctrl,0xD2,0,0,0x00,0x02,0x60,0x600200,0x02,0x60,0x6002,0x7F,0x84,0x10,0x10,0xD2,0x50000,0x056002,9,0x0C9D8,1,1,retrigger_commit
2.123129,93630,0x00F8DF,0x001C,0x1C,3,loop_mid,0x2F,0,0,0x84,0x2F,0x30,0x302F84,0x2F,0x30,0x302F,0x3A,0x84,0x07,0x07,0xC6,0x40000,0x04302F,2,0x02238,1,1,
2.123152,93631,0x00F8E4,0x009C,0x9C,3,cur_mid,0x2F,0,0,0x84,0x2F,0x30,0x302F84,0x2F,0x30,0x302F,0x3A,0x84,0x07,0x07,0xC6,0x40000,0x04302F,2,0x02238,1,1,current_low_write
2.123152,93631,0x00F8E8,0x001D,0x1D,3,loop_high,0x30,1,1,0x84,0x2F,0x30,0x302F84,0x2F,0x30,0x302F,0x3A,0x84,0x07,0x07,0xC6,0x40000,0x04302F,2,0x02238,1,1,
2.123152,93631,0x00F8EC,0x009D,0x9D,3,cur_high,0x30,2,2,0x84,0x2F,0x30,0x302F84,0x2F,0x30,0x302F,0x3A,0x84,0x07,0x07,0xC6,0x40000,0x04302F,2,0x02238,1,1,current_pair_complete
2.123175,93632,0x00F8F1,0x009E,0x9E,3,ctrl,0xC6,0,0,0x84,0x2F,0x30,0x302F84,0x2F,0x30,0x302F,0x3A,0x84,0x07,0x07,0xC6,0x40000,0x04302F,2,0x02238,1,1,retrigger_commit
2.123515,93647,0x00F8F6,0x005A,0x5A,11,vol_l,0x00,0,0,0x00,0x7C,0x43,0x437C00,0x7C,0x43,0x437C,0x48,0x84,0x00,0x20,0xD2,0x50000,0x05437C,7,0x0B222,1,1,
2.123515,93647,0x00F8FA,0x005B,0x5B,11,vol_r,0x00,1,1,0x00,0x7C,0x43,0x437C00,0x7C,0x43,0x437C,0x48,0x84,0x00,0x00,0xD2,0x50000,0x05437C,7,0x0B222,1,0,
2.123515,93647,0x00F8FE,0x005C,0x5C,11,loop_mid,0xAB,2,2,0x00,0x7C,0x43,0x437C00,0xAB,0x43,0x43AB,0x48,0x84,0x00,0x00,0xD2,0x50000,0x05437C,7,0x0B222,1,0,
2.123537,93648,0x00F903,0x00DC,0xDC,11,cur_mid,0xAB,0,0,0x00,0xAB,0x43,0x43AB00,0xAB,0x43,0x43AB,0x48,0x84,0x00,0x00,0xD2,0x50000,0x0543AB,7,0x0B251,1,0,current_low_write
2.123537,93648,0x00F907,0x005D,0x5D,11,loop_high,0x29,1,1,0x00,0xAB,0x43,0x43AB00,0xAB,0x29,0x29AB,0x48,0x84,0x00,0x00,0xD2,0x50000,0x0543AB,7,0x0B251,1,0,
2.123537,93648,0x00F90B,0x00DD,0xDD,11,cur_high,0x29,2,2,0x00,0xAB,0x29,0x29AB00,0xAB,0x29,0x29AB,0x48,0x84,0x00,0x00,0xD2,0x50000,0x0529AB,6,0x098CD,1,0,current_pair_complete
2.123560,93649,0x00F910,0x005E,0x5E,11,end,0x2E,0,0,0x00,0xAB,0x29,0x29AB00,0xAB,0x29,0x29AB,0x2E,0x84,0x00,0x00,0xD2,0x50000,0x0529AB,6,0x098CD,1,0,
2.123560,93649,0x00F914,0x00DE,0xDE,11,ctrl,0xC2,1,1,0x00,0xAB,0x29,0x29AB00,0xAB,0x29,0x29AB,0x2E,0x84,0x00,0x00,0xC2,0x40000,0x0429AB,1,0x01CE3,1,0,control_active
2.124059,93671,0x00F91A,0x000C,0x0C,1,loop_mid,0x02,0,0,0x00,0x02,0x60,0x600200,0x02,0x60,0x6002,0x7F,0x84,0x10,0x10,0xD2,0x50000,0x056002,9,0x0C9D8,1,1,
2.124059,93671,0x00F91E,0x008C,0x8C,1,cur_mid,0x02,1,1,0x00,0x02,0x60,0x600200,0x02,0x60,0x6002,0x7F,0x84,0x10,0x10,0xD2,0x50000,0x056002,9,0x0C9D8,1,1,current_low_write
2.124059,93671,0x00F922,0x000D,0x0D,1,loop_high,0x60,2,2,0x00,0x02,0x60,0x600200,0x02,0x60,0x6002,0x7F,0x84,0x10,0x10,0xD2,0x50000,0x056002,9,0x0C9D8,1,1,
2.124082,93672,0x00F927,0x008D,0x8D,1,cur_high,0x60,0,0,0x00,0x02,0x60,0x600200,0x02,0x60,0x6002,0x7F,0x84,0x10,0x10,0xD2,0x50000,0x056002,9,0x0C9D8,1,1,current_pair_complete
2.124104,93673,0x00F92C,0x008E,0x8E,1,ctrl,0xD2,0,0,0x00,0x02,0x60,0x600200,0x02,0x60,0x6002,0x7F,0x84,0x10,0x10,0xD2,0x50000,0x056002,9,0x0C9D8,1,1,retrigger_commit
2.218481,97835,0x00F933,0x001C,0x1C,3,loop_mid,0x2F,0,0,0x84,0x2F,0x30,0x302F84,0x2F,0x30,0x302F,0x3A,0x84,0x07,0x07,0xC6,0x40000,0x04302F,2,0x02238,1,1,
2.218481,97835,0x00F937,0x009C,0x9C,3,cur_mid,0x2F,1,1,0x84,0x2F,0x30,0x302F84,0x2F,0x30,0x302F,0x3A,0x84,0x07,0x07,0xC6,0x40000,0x04302F,2,0x02238,1,1,current_low_write
2.218481,97835,0x00F93B,0x001D,0x1D,3,loop_high,0x30,2,2,0x84,0x2F,0x30,0x302F84,0x2F,0x30,0x302F,0x3A,0x84,0x07,0x07,0xC6,0x40000,0x04302F,2,0x02238,1,1,
2.218481,97835,0x00F93F,0x009D,0x9D,3,cur_high,0x30,3,3,0x84,0x2F,0x30,0x302F84,0x2F,0x30,0x302F,0x3A,0x84,0x07,0x07,0xC6,0x40000,0x04302F,2,0x02238,1,1,current_pair_complete
2.218526,97837,0x00F944,0x009E,0x9E,3,ctrl,0xC6,0,0,0x84,0x2F,0x30,0x302F84,0x2F,0x30,0x302F,0x3A,0x84,0x07,0x07,0xC6,0x40000,0x04302F,2,0x02238,1,1,retrigger_commit
2.219025,97859,0x00F94A,0x004A,0x4A,9,vol_l,0x10,0,0,0x00,0x1D,0x0C,0x0C1D00,0x1D,0x0C,0x0C1D,0x1B,0x78,0x10,0x3F,0xC2,0x40000,0x040C1D,0,0x00000,1,1,
2.219025,97859,0x00F94E,0x004B,0x4B,9,vol_r,0x10,1,1,0x00,0x1D,0x0C,0x0C1D00,0x1D,0x0C,0x0C1D,0x1B,0x78,0x10,0x10,0xC2,0x40000,0x040C1D,0,0x00000,1,1,
2.219025,97859,0x00F952,0x004C,0x4C,9,loop_mid,0x02,2,2,0x00,0x1D,0x0C,0x0C1D00,0x02,0x0C,0x0C02,0x1B,0x78,0x10,0x10,0xC2,0x40000,0x040C1D,0,0x00000,1,1,
2.219048,97860,0x00F957,0x00CC,0xCC,9,cur_mid,0x02,0,0,0x00,0x02,0x0C,0x0C0200,0x02,0x0C,0x0C02,0x1B,0x78,0x10,0x10,0xC2,0x40000,0x040C02,,,1,1,current_low_write
2.219048,97860,0x00F95B,0x004D,0x4D,9,loop_high,0x60,1,1,0x00,0x02,0x0C,0x0C0200,0x02,0x60,0x6002,0x1B,0x78,0x10,0x10,0xC2,0x40000,0x040C02,,,1,1,
2.219048,97860,0x00F95F,0x00CD,0xCD,9,cur_high,0x60,2,2,0x00,0x02,0x60,0x600200,0x02,0x60,0x6002,0x1B,0x78,0x10,0x10,0xC2,0x40000,0x046002,3,0x05125,1,1,current_pair_complete
2.219070,97861,0x00F964,0x004E,0x4E,9,end,0x7F,0,0,0x00,0x02,0x60,0x600200,0x02,0x60,0x6002,0x7F,0x78,0x10,0x10,0xC2,0x40000,0x046002,3,0x05125,1,1,
2.219070,97861,0x00F968,0x004F,0x4F,9,delta,0x84,1,1,0x00,0x02,0x60,0x600200,0x02,0x60,0x6002,0x7F,0x84,0x10,0x10,0xC2,0x40000,0x046002,3,0x05125,1,1,
2.219070,97861,0x00F96C,0x00CE,0xCE,9,ctrl,0xD2,2,2,0x00,0x02,0x60,0x600200,0x02,0x60,0x6002,0x7F,0x84,0x10,0x10,0xD2,0x50000,0x056002,9,0x0C9D8,1,1,retrigger_commit
2.315692,102122,0x00F9B1,0x001C,0x1C,3,loop_mid,0x2F,0,0,0x84,0x2F,0x30,0x302F84,0x2F,0x30,0x302F,0x3A,0x84,0x07,0x07,0xC6,0x40000,0x04302F,2,0x02238,1,1,
2.315692,102122,0x00F9B5,0x009C,0x9C,3,cur_mid,0x2F,1,1,0x84,0x2F,0x30,0x302F84,0x2F,0x30,0x302F,0x3A,0x84,0x07,0x07,0xC6,0x40000,0x04302F,2,0x02238,1,1,current_low_write
2.315692,102122,0x00F9B9,0x001D,0x1D,3,loop_high,0x30,2,2,0x84,0x2F,0x30,0x302F84,0x2F,0x30,0x302F,0x3A,0x84,0x07,0x07,0xC6,0x40000,0x04302F,2,0x02238,1,1,
2.315692,102122,0x00F9BD,0x009D,0x9D,3,cur_high,0x30,3,3,0x84,0x2F,0x30,0x302F84,0x2F,0x30,0x302F,0x3A,0x84,0x07,0x07,0xC6,0x40000,0x04302F,2,0x02238,1,1,current_pair_complete
2.315737,102124,0x00F9C2,0x009E,0x9E,3,ctrl,0xC6,0,0,0x84,0x2F,0x30,0x302F84,0x2F,0x30,0x302F,0x3A,0x84,0x07,0x07,0xC6,0x40000,0x04302F,2,0x02238,1,1,retrigger_commit
2.316122,102141,0x00F9C8,0x005A,0x5A,11,vol_l,0x20,0,0,0x00,0xAB,0x29,0x29AB00,0xAB,0x29,0x29AB,0x2E,0x84,0x20,0x00,0xC2,0x40000,0x0429AB,1,0x01CE3,1,1,volume_on
2.316122,102141,0x00F9CC,0x005B,0x5B,11,vol_r,0x20,1,1,0x00,0xAB,0x29,0x29AB00,0xAB,0x29,0x29AB,0x2E,0x84,0x20,0x20,0xC2,0x40000,0x0429AB,1,0x01CE3,1,1,
2.316145,102142,0x00F9D1,0x005C,0x5C,11,loop_mid,0xA0,0,0,0x00,0xAB,0x29,0x29AB00,0xA0,0x29,0x29A0,0x2E,0x84,0x20,0x20,0xC2,0x40000,0x0429AB,1,0x01CE3,1,1,
2.316145,102142,0x00F9D5,0x00DC,0xDC,11,cur_mid,0xA0,1,1,0x00,0xA0,0x29,0x29A000,0xA0,0x29,0x29A0,0x2E,0x84,0x20,0x20,0xC2,0x40000,0x0429A0,,,1,1,current_low_write
2.316145,102142,0x00F9D9,0x005D,0x5D,11,loop_high,0x4D,2,2,0x00,0xA0,0x29,0x29A000,0xA0,0x4D,0x4DA0,0x2E,0x84,0x20,0x20,0xC2,0x40000,0x0429A0,,,1,1,
2.316145,102142,0x00F9DD,0x00DD,0xDD,11,cur_high,0x4D,3,3,0x00,0xA0,0x4D,0x4DA000,0xA0,0x4D,0x4DA0,0x2E,0x84,0x20,0x20,0xC2,0x40000,0x044DA0,3,0x03EC3,1,1,current_pair_complete
2.316168,102143,0x00F9E2,0x005E,0x5E,11,end,0x57,0,0,0x00,0xA0,0x4D,0x4DA000,0xA0,0x4D,0x4DA0,0x57,0x84,0x20,0x20,0xC2,0x40000,0x044DA0,3,0x03EC3,1,1,
2.316190,102144,0x00F9E7,0x00DE,0xDE,11,ctrl,0xD2,0,0,0x00,0xA0,0x4D,0x4DA000,0xA0,0x4D,0x4DA0,0x57,0x84,0x20,0x20,0xD2,0x50000,0x054DA0,8,0x0B7A6,1,1,retrigger_commit
2.316531,102159,0x00F9EC,0x000A,0x0A,1,vol_l,0x3F,0,0,0x00,0x02,0x60,0x600200,0x02,0x60,0x6002,0x7F,0x84,0x3F,0x10,0xD2,0x50000,0x056002,9,0x0C9D8,1,1,
2.316531,102159,0x00F9F0,0x000B,0x0B,1,vol_r,0x3F,1,1,0x00,0x02,0x60,0x600200,0x02,0x60,0x6002,0x7F,0x84,0x3F,0x3F,0xD2,0x50000,0x056002,9,0x0C9D8,1,1,
2.316531,102159,0x00F9F4,0x000C,0x0C,1,loop_mid,0x1D,2,2,0x00,0x02,0x60,0x600200,0x1D,0x60,0x601D,0x7F,0x84,0x3F,0x3F,0xD2,0x50000,0x056002,9,0x0C9D8,1,1,
2.316553,102160,0x00F9F9,0x008C,0x8C,1,cur_mid,0x1D,0,0,0x00,0x1D,0x60,0x601D00,0x1D,0x60,0x601D,0x7F,0x84,0x3F,0x3F,0xD2,0x50000,0x05601D,9,0x0C9F3,1,1,current_low_write
2.316553,102160,0x00F9FD,0x000D,0x0D,1,loop_high,0x0C,1,1,0x00,0x1D,0x60,0x601D00,0x1D,0x0C,0x0C1D,0x7F,0x84,0x3F,0x3F,0xD2,0x50000,0x05601D,9,0x0C9F3,1,1,
2.316553,102160,0x00FA01,0x008D,0x8D,1,cur_high,0x0C,2,2,0x00,0x1D,0x0C,0x0C1D00,0x1D,0x0C,0x0C1D,0x7F,0x84,0x3F,0x3F,0xD2,0x50000,0x050C1D,5,0x07BFF,1,1,current_pair_complete
2.316576,102161,0x00FA06,0x000E,0x0E,1,end,0x1B,0,0,0x00,0x1D,0x0C,0x0C1D00,0x1D,0x0C,0x0C1D,0x1B,0x84,0x3F,0x3F,0xD2,0x50000,0x050C1D,5,0x07BFF,1,1,
2.316576,102161,0x00FA0A,0x000F,0x0F,1,delta,0x78,1,1,0x00,0x1D,0x0C,0x0C1D00,0x1D,0x0C,0x0C1D,0x1B,0x78,0x3F,0x3F,0xD2,0x50000,0x050C1D,5,0x07BFF,1,1,
2.316576,102161,0x00FA0E,0x008E,0x8E,1,ctrl,0xC2,2,2,0x00,0x1D,0x0C,0x0C1D00,0x1D,0x0C,0x0C1D,0x1B,0x78,0x3F,0x3F,0xC2,0x40000,0x040C1D,0,0x00000,1,1,retrigger_commit
2.330771,102787,0x00FA15,0x000A,0x0A,1,vol_l,0x20,0,0,0x00,0x1D,0x0C,0x0C1D00,0x1D,0x0C,0x0C1D,0x1B,0x78,0x20,0x3F,0xC2,0x40000,0x040C1D,0,0x00000,1,1,
2.330771,102787,0x00FA19,0x000B,0x0B,1,vol_r,0x20,1,1,0x00,0x1D,0x0C,0x0C1D00,0x1D,0x0C,0x0C1D,0x1B,0x78,0x20,0x20,0xC2,0x40000,0x040C1D,0,0x00000,1,1,
2.330771,102787,0x00FA1D,0x000C,0x0C,1,loop_mid,0x7C,2,2,0x00,0x1D,0x0C,0x0C1D00,0x7C,0x0C,0x0C7C,0x1B,0x78,0x20,0x20,0xC2,0x40000,0x040C1D,0,0x00000,1,1,
2.330794,102788,0x00FA22,0x008C,0x8C,1,cur_mid,0x7C,0,0,0x00,0x7C,0x0C,0x0C7C00,0x7C,0x0C,0x0C7C,0x1B,0x78,0x20,0x20,0xC2,0x40000,0x040C7C,0,0x0005F,1,1,current_low_write
2.330794,102788,0x00FA26,0x000D,0x0D,1,loop_high,0x43,1,1,0x00,0x7C,0x0C,0x0C7C00,0x7C,0x43,0x437C,0x1B,0x78,0x20,0x20,0xC2,0x40000,0x040C7C,0,0x0005F,1,1,
2.330794,102788,0x00FA2A,0x008D,0x8D,1,cur_high,0x43,2,2,0x00,0x7C,0x43,0x437C00,0x7C,0x43,0x437C,0x1B,0x78,0x20,0x20,0xC2,0x40000,0x04437C,3,0x0349F,1,1,current_pair_complete
2.330816,102789,0x00FA2F,0x000E,0x0E,1,end,0x48,0,0,0x00,0x7C,0x43,0x437C00,0x7C,0x43,0x437C,0x48,0x78,0x20,0x20,0xC2,0x40000,0x04437C,3,0x0349F,1,1,
2.330816,102789,0x00FA33,0x000F,0x0F,1,delta,0x84,1,1,0x00,0x7C,0x43,0x437C00,0x7C,0x43,0x437C,0x48,0x84,0x20,0x20,0xC2,0x40000,0x04437C,3,0x0349F,1,1,
2.330816,102789,0x00FA37,0x008E,0x8E,1,ctrl,0xD2,2,2,0x00,0x7C,0x43,0x437C00,0x7C,0x43,0x437C,0x48,0x84,0x20,0x20,0xD2,0x50000,0x05437C,7,0x0B222,1,1,retrigger_commit
2.410476,106302,0x00FA3E,0x001C,0x1C,3,loop_mid,0x2F,0,0,0x84,0x2F,0x30,0x302F84,0x2F,0x30,0x302F,0x3A,0x84,0x07,0x07,0xC6,0x40000,0x04302F,2,0x02238,1,1,
2.410476,106302,0x00FA42,0x009C,0x9C,3,cur_mid,0x2F,1,1,0x84,0x2F,0x30,0x302F84,0x2F,0x30,0x302F,0x3A,0x84,0x07,0x07,0xC6,0x40000,0x04302F,2,0x02238,1,1,current_low_write
2.410476,106302,0x00FA46,0x001D,0x1D,3,loop_high,0x30,2,2,0x84,0x2F,0x30,0x302F84,0x2F,0x30,0x302F,0x3A,0x84,0x07,0x07,0xC6,0x40000,0x04302F,2,0x02238,1,1,
2.410476,106302,0x00FA4A,0x009D,0x9D,3,cur_high,0x30,3,3,0x84,0x2F,0x30,0x302F84,0x2F,0x30,0x302F,0x3A,0x84,0x07,0x07,0xC6,0x40000,0x04302F,2,0x02238,1,1,current_pair_complete
2.410522,106304,0x00FA4F,0x009E,0x9E,3,ctrl,0xC6,0,0,0x84,0x2F,0x30,0x302F84,0x2F,0x30,0x302F,0x3A,0x84,0x07,0x07,0xC6,0x40000,0x04302F,2,0x02238,1,1,retrigger_commit
2.411088,106329,0x00FA55,0x003C,0x3C,7,loop_mid,0x02,0,0,0x00,0x02,0x60,0x600200,0x02,0x60,0x6002,0x7F,0x84,0x10,0x10,0xD2,0x50000,0x056002,9,0x0C9D8,1,1,
2.411088,106329,0x00FA59,0x00BC,0xBC,7,cur_mid,0x02,1,1,0x00,0x02,0x60,0x600200,0x02,0x60,0x6002,0x7F,0x84,0x10,0x10,0xD2,0x50000,0x056002,9,0x0C9D8,1,1,current_low_write
2.411088,106329,0x00FA5D,0x003D,0x3D,7,loop_high,0x60,2,2,0x00,0x02,0x60,0x600200,0x02,0x60,0x6002,0x7F,0x84,0x10,0x10,0xD2,0x50000,0x056002,9,0x0C9D8,1,1,
2.411111,106330,0x00FA62,0x00BD,0xBD,7,cur_high,0x60,0,0,0x00,0x02,0x60,0x600200,0x02,0x60,0x6002,0x7F,0x84,0x10,0x10,0xD2,0x50000,0x056002,9,0x0C9D8,1,1,current_pair_complete
2.411134,106331,0x00FA67,0x00BE,0xBE,7,ctrl,0xD2,0,0,0x00,0x02,0x60,0x600200,0x02,0x60,0x6002,0x7F,0x84,0x10,0x10,0xD2,0x50000,0x056002,9,0x0C9D8,1,1,retrigger_commit
2.507120,110564,0x00FAA2,0x001C,0x1C,3,loop_mid,0x2F,0,0,0x84,0x2F,0x30,0x302F84,0x2F,0x30,0x302F,0x3A,0x84,0x07,0x07,0xC6,0x40000,0x04302F,2,0x02238,1,1,
2.507143,110565,0x00FAA7,0x009C,0x9C,3,cur_mid,0x2F,0,0,0x84,0x2F,0x30,0x302F84,0x2F,0x30,0x302F,0x3A,0x84,0x07,0x07,0xC6,0x40000,0x04302F,2,0x02238,1,1,current_low_write
2.507143,110565,0x00FAAB,0x001D,0x1D,3,loop_high,0x30,1,1,0x84,0x2F,0x30,0x302F84,0x2F,0x30,0x302F,0x3A,0x84,0x07,0x07,0xC6,0x40000,0x04302F,2,0x02238,1,1,
2.507143,110565,0x00FAAF,0x009D,0x9D,3,cur_high,0x30,2,2,0x84,0x2F,0x30,0x302F84,0x2F,0x30,0x302F,0x3A,0x84,0x07,0x07,0xC6,0x40000,0x04302F,2,0x02238,1,1,current_pair_complete
2.507166,110566,0x00FAB4,0x009E,0x9E,3,ctrl,0xC6,0,0,0x84,0x2F,0x30,0x302F84,0x2F,0x30,0x302F,0x3A,0x84,0x07,0x07,0xC6,0x40000,0x04302F,2,0x02238,1,1,retrigger_commit
2.507506,110581,0x00FAB9,0x000A,0x0A,1,vol_l,0x38,0,0,0x00,0x7C,0x43,0x437C00,0x7C,0x43,0x437C,0x48,0x84,0x38,0x20,0xD2,0x50000,0x05437C,7,0x0B222,1,1,
2.507506,110581,0x00FABD,0x000B,0x0B,1,vol_r,0x38,1,1,0x00,0x7C,0x43,0x437C00,0x7C,0x43,0x437C,0x48,0x84,0x38,0x38,0xD2,0x50000,0x05437C,7,0x0B222,1,1,
2.507528,110582,0x00FAC2,0x000C,0x0C,1,loop_mid,0xAB,0,0,0x00,0x7C,0x43,0x437C00,0xAB,0x43,0x43AB,0x48,0x84,0x38,0x38,0xD2,0x50000,0x05437C,7,0x0B222,1,1,
2.507528,110582,0x00FAC6,0x008C,0x8C,1,cur_mid,0xAB,1,1,0x00,0xAB,0x43,0x43AB00,0xAB,0x43,0x43AB,0x48,0x84,0x38,0x38,0xD2,0x50000,0x0543AB,7,0x0B251,1,1,current_low_write
2.507528,110582,0x00FACA,0x000D,0x0D,1,loop_high,0x29,2,2,0x00,0xAB,0x43,0x43AB00,0xAB,0x29,0x29AB,0x48,0x84,0x38,0x38,0xD2,0x50000,0x0543AB,7,0x0B251,1,1,
2.507551,110583,0x00FACF,0x008D,0x8D,1,cur_high,0x29,0,0,0x00,0xAB,0x29,0x29AB00,0xAB,0x29,0x29AB,0x48,0x84,0x38,0x38,0xD2,0x50000,0x0529AB,6,0x098CD,1,1,current_pair_complete
2.507551,110583,0x00FAD3,0x000E,0x0E,1,end,0x2E,1,1,0x00,0xAB,0x29,0x29AB00,0xAB,0x29,0x29AB,0x2E,0x84,0x38,0x38,0xD2,0x50000,0x0529AB,6,0x098CD,1,1,
2.507574,110584,0x00FAD8,0x008E,0x8E,1,ctrl,0xC2,0,0,0x00,0xAB,0x29,0x29AB00,0xAB,0x29,0x29AB,0x2E,0x84,0x38,0x38,0xC2,0x40000,0x0429AB,1,0x01CE3,1,1,retrigger_commit
2.507959,110601,0x00FADE,0x005A,0x5A,11,vol_l,0x32,0,0,0x00,0xA0,0x4D,0x4DA000,0xA0,0x4D,0x4DA0,0x57,0x84,0x32,0x20,0xD2,0x50000,0x054DA0,8,0x0B7A6,1,1,
2.507959,110601,0x00FAE2,0x005B,0x5B,11,vol_r,0x32,1,1,0x00,0xA0,0x4D,0x4DA000,0xA0,0x4D,0x4DA0,0x57,0x84,0x32,0x32,0xD2,0x50000,0x054DA0,8,0x0B7A6,1,1,
2.507959,110601,0x00FAE6,0x005C,0x5C,11,loop_mid,0x30,2,2,0x00,0xA0,0x4D,0x4DA000,0x30,0x4D,0x4D30,0x57,0x84,0x32,0x32,0xD2,0x50000,0x054DA0,8,0x0B7A6,1,1,
2.507982,110602,0x00FAEB,0x00DC,0xDC,11,cur_mid,0x30,0,0,0x00,0x30,0x4D,0x4D3000,0x30,0x4D,0x4D30,0x57,0x84,0x32,0x32,0xD2,0x50000,0x054D30,,,1,1,current_low_write
2.507982,110602,0x00FAEF,0x005D,0x5D,11,loop_high,0x58,1,1,0x00,0x30,0x4D,0x4D3000,0x30,0x58,0x5830,0x57,0x84,0x32,0x32,0xD2,0x50000,0x054D30,,,1,1,
2.507982,110602,0x00FAF3,0x00DD,0xDD,11,cur_high,0x58,2,2,0x00,0x30,0x58,0x583000,0x30,0x58,0x5830,0x57,0x84,0x32,0x32,0xD2,0x50000,0x055830,9,0x0C206,1,1,current_pair_complete
2.508005,110603,0x00FAF8,0x005E,0x5E,11,end,0x5F,0,0,0x00,0x30,0x58,0x583000,0x30,0x58,0x5830,0x5F,0x84,0x32,0x32,0xD2,0x50000,0x055830,9,0x0C206,1,1,
2.508005,110603,0x00FAFC,0x00DE,0xDE,11,ctrl,0xD2,1,1,0x00,0x30,0x58,0x583000,0x30,0x58,0x5830,0x5F,0x84,0x32,0x32,0xD2,0x50000,0x055830,9,0x0C206,1,1,retrigger_commit
2.508367,110619,0x00FB01,0x000A,0x0A,1,vol_l,0x10,0,0,0x00,0xAB,0x29,0x29AB00,0xAB,0x29,0x29AB,0x2E,0x84,0x10,0x38,0xC2,0x40000,0x0429AB,1,0x01CE3,1,1,
2.508367,110619,0x00FB05,0x000B,0x0B,1,vol_r,0x10,1,1,0x00,0xAB,0x29,0x29AB00,0xAB,0x29,0x29AB,0x2E,0x84,0x10,0x10,0xC2,0x40000,0x0429AB,1,0x01CE3,1,1,
2.508367,110619,0x00FB09,0x000C,0x0C,1,loop_mid,0x02,2,2,0x00,0xAB,0x29,0x29AB00,0x02,0x29,0x2902,0x2E,0x84,0x10,0x10,0xC2,0x40000,0x0429AB,1,0x01CE3,1,1,
2.508390,110620,0x00FB0E,0x008C,0x8C,1,cur_mid,0x02,0,0,0x00,0x02,0x29,0x290200,0x02,0x29,0x2902,0x2E,0x84,0x10,0x10,0xC2,0x40000,0x042902,,,1,1,current_low_write
2.508390,110620,0x00FB12,0x000D,0x0D,1,loop_high,0x60,1,1,0x00,0x02,0x29,0x290200,0x02,0x60,0x6002,0x2E,0x84,0x10,0x10,0xC2,0x40000,0x042902,,,1,1,
2.508390,110620,0x00FB16,0x008D,0x8D,1,cur_high,0x60,2,2,0x00,0x02,0x60,0x600200,0x02,0x60,0x6002,0x2E,0x84,0x10,0x10,0xC2,0x40000,0x046002,3,0x05125,1,1,current_pair_complete
2.508413,110621,0x00FB1B,0x000E,0x0E,1,end,0x7F,0,0,0x00,0x02,0x60,0x600200,0x02,0x60,0x6002,0x7F,0x84,0x10,0x10,0xC2,0x40000,0x046002,3,0x05125,1,1,
2.508413,110621,0x00FB1F,0x008E,0x8E,1,ctrl,0xD2,1,1,0x00,0x02,0x60,0x600200,0x02,0x60,0x6002,0x7F,0x84,0x10,0x10,0xD2,0x50000,0x056002,9,0x0C9D8,1,1,retrigger_commit
2.602472,114769,0x00FB26,0x001C,0x1C,3,loop_mid,0x2F,0,0,0x84,0x2F,0x30,0x302F84,0x2F,0x30,0x302F,0x3A,0x84,0x07,0x07,0xC6,0x40000,0x04302F,2,0x02238,1,1,
2.602472,114769,0x00FB2A,0x009C,0x9C,3,cur_mid,0x2F,1,1,0x84,0x2F,0x30,0x302F84,0x2F,0x30,0x302F,0x3A,0x84,0x07,0x07,0xC6,0x40000,0x04302F,2,0x02238,1,1,current_low_write
2.602472,114769,0x00FB2E,0x001D,0x1D,3,loop_high,0x30,2,2,0x84,0x2F,0x30,0x302F84,0x2F,0x30,0x302F,0x3A,0x84,0x07,0x07,0xC6,0x40000,0x04302F,2,0x02238,1,1,
2.602472,114769,0x00FB32,0x009D,0x9D,3,cur_high,0x30,3,3,0x84,0x2F,0x30,0x302F84,0x2F,0x30,0x302F,0x3A,0x84,0x07,0x07,0xC6,0x40000,0x04302F,2,0x02238,1,1,current_pair_complete
2.602517,114771,0x00FB37,0x009E,0x9E,3,ctrl,0xC6,0,0,0x84,0x2F,0x30,0x302F84,0x2F,0x30,0x302F,0x3A,0x84,0x07,0x07,0xC6,0x40000,0x04302F,2,0x02238,1,1,retrigger_commit
2.602993,114792,0x00FB3D,0x002C,0x2C,5,loop_mid,0x02,0,0,0x00,0x02,0x60,0x600200,0x02,0x60,0x6002,0x7F,0x84,0x10,0x10,0xD2,0x50000,0x056002,9,0x0C9D8,1,1,
2.603016,114793,0x00FB42,0x00AC,0xAC,5,cur_mid,0x02,0,0,0x00,0x02,0x60,0x600200,0x02,0x60,0x6002,0x7F,0x84,0x10,0x10,0xD2,0x50000,0x056002,9,0x0C9D8,1,1,current_low_write
2.603016,114793,0x00FB46,0x002D,0x2D,5,loop_high,0x60,1,1,0x00,0x02,0x60,0x600200,0x02,0x60,0x6002,0x7F,0x84,0x10,0x10,0xD2,0x50000,0x056002,9,0x0C9D8,1,1,
2.603016,114793,0x00FB4A,0x00AD,0xAD,5,cur_high,0x60,2,2,0x00,0x02,0x60,0x600200,0x02,0x60,0x6002,0x7F,0x84,0x10,0x10,0xD2,0x50000,0x056002,9,0x0C9D8,1,1,current_pair_complete
2.603039,114794,0x00FB4F,0x00AE,0xAE,5,ctrl,0xD2,0,0,0x00,0x02,0x60,0x600200,0x02,0x60,0x6002,0x7F,0x84,0x10,0x10,0xD2,0x50000,0x056002,9,0x0C9D8,1,1,retrigger_commit
2.700726,119102,0x00FBA6,0x001C,0x1C,3,loop_mid,0x2F,0,0,0x84,0x2F,0x30,0x302F84,0x2F,0x30,0x302F,0x3A,0x84,0x07,0x07,0xC6,0x40000,0x04302F,2,0x02238,1,1,
2.700726,119102,0x00FBAA,0x009C,0x9C,3,cur_mid,0x2F,1,1,0x84,0x2F,0x30,0x302F84,0x2F,0x30,0x302F,0x3A,0x84,0x07,0x07,0xC6,0x40000,0x04302F,2,0x02238,1,1,current_low_write
2.700726,119102,0x00FBAE,0x001D,0x1D,3,loop_high,0x30,2,2,0x84,0x2F,0x30,0x302F84,0x2F,0x30,0x302F,0x3A,0x84,0x07,0x07,0xC6,0x40000,0x04302F,2,0x02238,1,1,
2.700726,119102,0x00FBB2,0x009D,0x9D,3,cur_high,0x30,3,3,0x84,0x2F,0x30,0x302F84,0x2F,0x30,0x302F,0x3A,0x84,0x07,0x07,0xC6,0x40000,0x04302F,2,0x02238,1,1,current_pair_complete
2.700771,119104,0x00FBB7,0x009E,0x9E,3,ctrl,0xC6,0,0,0x84,0x2F,0x30,0x302F84,0x2F,0x30,0x302F,0x3A,0x84,0x07,0x07,0xC6,0x40000,0x04302F,2,0x02238,1,1,retrigger_commit
2.701156,119121,0x00FBBD,0x005A,0x5A,11,vol_l,0x3F,0,0,0x00,0x30,0x58,0x583000,0x30,0x58,0x5830,0x5F,0x84,0x3F,0x32,0xD2,0x50000,0x055830,9,0x0C206,1,1,
2.701156,119121,0x00FBC1,0x005B,0x5B,11,vol_r,0x3F,1,1,0x00,0x30,0x58,0x583000,0x30,0x58,0x5830,0x5F,0x84,0x3F,0x3F,0xD2,0x50000,0x055830,9,0x0C206,1,1,
2.701156,119121,0x00FBC5,0x005C,0x5C,11,loop_mid,0x1D,2,2,0x00,0x30,0x58,0x583000,0x1D,0x58,0x581D,0x5F,0x84,0x3F,0x3F,0xD2,0x50000,0x055830,9,0x0C206,1,1,
2.701179,119122,0x00FBCA,0x00DC,0xDC,11,cur_mid,0x1D,0,0,0x00,0x1D,0x58,0x581D00,0x1D,0x58,0x581D,0x5F,0x84,0x3F,0x3F,0xD2,0x50000,0x05581D,,,1,1,current_low_write
2.701179,119122,0x00FBCE,0x005D,0x5D,11,loop_high,0x0C,1,1,0x00,0x1D,0x58,0x581D00,0x1D,0x0C,0x0C1D,0x5F,0x84,0x3F,0x3F,0xD2,0x50000,0x05581D,,,1,1,
2.701179,119122,0x00FBD2,0x00DD,0xDD,11,cur_high,0x0C,2,2,0x00,0x1D,0x0C,0x0C1D00,0x1D,0x0C,0x0C1D,0x5F,0x84,0x3F,0x3F,0xD2,0x50000,0x050C1D,5,0x07BFF,1,1,current_pair_complete
2.701202,119123,0x00FBD7,0x005E,0x5E,11,end,0x1B,0,0,0x00,0x1D,0x0C,0x0C1D00,0x1D,0x0C,0x0C1D,0x1B,0x84,0x3F,0x3F,0xD2,0x50000,0x050C1D,5,0x07BFF,1,1,
2.701202,119123,0x00FBDB,0x005F,0x5F,11,delta,0x78,1,1,0x00,0x1D,0x0C,0x0C1D00,0x1D,0x0C,0x0C1D,0x1B,0x78,0x3F,0x3F,0xD2,0x50000,0x050C1D,5,0x07BFF,1,1,
2.701202,119123,0x00FBDF,0x00DE,0xDE,11,ctrl,0xC2,2,2,0x00,0x1D,0x0C,0x0C1D00,0x1D,0x0C,0x0C1D,0x1B,0x78,0x3F,0x3F,0xC2,0x40000,0x040C1D,0,0x00000,1,1,retrigger_commit
2.701565,119139,0x00FBE4,0x000A,0x0A,1,vol_l,0x32,0,0,0x00,0x02,0x60,0x600200,0x02,0x60,0x6002,0x7F,0x84,0x32,0x10,0xD2,0x50000,0x056002,9,0x0C9D8,1,1,
2.701565,119139,0x00FBE8,0x000B,0x0B,1,vol_r,0x32,1,1,0x00,0x02,0x60,0x600200,0x02,0x60,0x6002,0x7F,0x84,0x32,0x32,0xD2,0x50000,0x056002,9,0x0C9D8,1,1,
2.701565,119139,0x00FBEC,0x000C,0x0C,1,loop_mid,0x30,2,2,0x00,0x02,0x60,0x600200,0x30,0x60,0x6030,0x7F,0x84,0x32,0x32,0xD2,0x50000,0x056002,9,0x0C9D8,1,1,
2.701587,119140,0x00FBF1,0x008C,0x8C,1,cur_mid,0x30,0,0,0x00,0x30,0x60,0x603000,0x30,0x60,0x6030,0x7F,0x84,0x32,0x32,0xD2,0x50000,0x056030,9,0x0CA06,1,1,current_low_write
2.701587,119140,0x00FBF5,0x000D,0x0D,1,loop_high,0x58,1,1,0x00,0x30,0x60,0x603000,0x30,0x58,0x5830,0x7F,0x84,0x32,0x32,0xD2,0x50000,0x056030,9,0x0CA06,1,1,
2.701587,119140,0x00FBF9,0x008D,0x8D,1,cur_high,0x58,2,2,0x00,0x30,0x58,0x583000,0x30,0x58,0x5830,0x7F,0x84,0x32,0x32,0xD2,0x50000,0x055830,9,0x0C206,1,1,current_pair_complete
2.701610,119141,0x00FBFE,0x000E,0x0E,1,end,0x5F,0,0,0x00,0x30,0x58,0x583000,0x30,0x58,0x5830,0x5F,0x84,0x32,0x32,0xD2,0x50000,0x055830,9,0x0C206,1,1,
2.701610,119141,0x00FC02,0x008E,0x8E,1,ctrl,0xD2,1,1,0x00,0x30,0x58,0x583000,0x30,0x58,0x5830,0x5F,0x84,0x32,0x32,0xD2,0x50000,0x055830,9,0x0C206,1,1,retrigger_commit
2.715057,119734,0x00FC09,0x000A,0x0A,1,vol_l,0x20,0,0,0x00,0x30,0x58,0x583000,0x30,0x58,0x5830,0x5F,0x84,0x20,0x32,0xD2,0x50000,0x055830,9,0x0C206,1,1,
2.715057,119734,0x00FC0D,0x000B,0x0B,1,vol_r,0x20,1,1,0x00,0x30,0x58,0x583000,0x30,0x58,0x5830,0x5F,0x84,0x20,0x20,0xD2,0x50000,0x055830,9,0x0C206,1,1,
2.715079,119735,0x00FC12,0x000C,0x0C,1,loop_mid,0x7C,0,0,0x00,0x30,0x58,0x583000,0x7C,0x58,0x587C,0x5F,0x84,0x20,0x20,0xD2,0x50000,0x055830,9,0x0C206,1,1,
2.715079,119735,0x00FC16,0x008C,0x8C,1,cur_mid,0x7C,1,1,0x00,0x7C,0x58,0x587C00,0x7C,0x58,0x587C,0x5F,0x84,0x20,0x20,0xD2,0x50000,0x05587C,9,0x0C252,1,1,current_low_write
2.715079,119735,0x00FC1A,0x000D,0x0D,1,loop_high,0x43,2,2,0x00,0x7C,0x58,0x587C00,0x7C,0x43,0x437C,0x5F,0x84,0x20,0x20,0xD2,0x50000,0x05587C,9,0x0C252,1,1,
2.715102,119736,0x00FC1F,0x008D,0x8D,1,cur_high,0x43,0,0,0x00,0x7C,0x43,0x437C00,0x7C,0x43,0x437C,0x5F,0x84,0x20,0x20,0xD2,0x50000,0x05437C,7,0x0B222,1,1,current_pair_complete
2.715102,119736,0x00FC23,0x000E,0x0E,1,end,0x48,1,1,0x00,0x7C,0x43,0x437C00,0x7C,0x43,0x437C,0x48,0x84,0x20,0x20,0xD2,0x50000,0x05437C,7,0x0B222,1,1,
2.715125,119737,0x00FC28,0x008E,0x8E,1,ctrl,0xD2,0,0,0x00,0x7C,0x43,0x437C00,0x7C,0x43,0x437C,0x48,0x84,0x20,0x20,0xD2,0x50000,0x05437C,7,0x0B222,1,1,retrigger_commit
2.794762,123249,0x00FC2F,0x001C,0x1C,3,loop_mid,0x2F,0,0,0x84,0x2F,0x30,0x302F84,0x2F,0x30,0x302F,0x3A,0x84,0x07,0x07,0xC6,0x40000,0x04302F,2,0x02238,1,1,
2.794785,123250,0x00FC34,0x009C,0x9C,3,cur_mid,0x2F,0,0,0x84,0x2F,0x30,0x302F84,0x2F,0x30,0x302F,0x3A,0x84,0x07,0x07,0xC6,0x40000,0x04302F,2,0x02238,1,1,current_low_write
2.794785,123250,0x00FC38,0x001D,0x1D,3,loop_high,0x30,1,1,0x84,0x2F,0x30,0x302F84,0x2F,0x30,0x302F,0x3A,0x84,0x07,0x07,0xC6,0x40000,0x04302F,2,0x02238,1,1,
2.794785,123250,0x00FC3C,0x009D,0x9D,3,cur_high,0x30,2,2,0x84,0x2F,0x30,0x302F84,0x2F,0x30,0x302F,0x3A,0x84,0x07,0x07,0xC6,0x40000,0x04302F,2,0x02238,1,1,current_pair_complete
2.794807,123251,0x00FC41,0x009E,0x9E,3,ctrl,0xC6,0,0,0x84,0x2F,0x30,0x302F84,0x2F,0x30,0x302F,0x3A,0x84,0x07,0x07,0xC6,0x40000,0x04302F,2,0x02238,1,1,retrigger_commit
2.795397,123277,0x00FC47,0x004C,0x4C,9,loop_mid,0x02,0,0,0x00,0x02,0x60,0x600200,0x02,0x60,0x6002,0x7F,0x84,0x10,0x10,0xD2,0x50000,0x056002,9,0x0C9D8,1,1,
2.795420,123278,0x00FC4C,0x00CC,0xCC,9,cur_mid,0x02,0,0,0x00,0x02,0x60,0x600200,0x02,0x60,0x6002,0x7F,0x84,0x10,0x10,0xD2,0x50000,0x056002,9,0x0C9D8,1,1,current_low_write
2.795420,123278,0x00FC50,0x004D,0x4D,9,loop_high,0x60,1,1,0x00,0x02,0x60,0x600200,0x02,0x60,0x6002,0x7F,0x84,0x10,0x10,0xD2,0x50000,0x056002,9,0x0C9D8,1,1,
2.795420,123278,0x00FC54,0x00CD,0xCD,9,cur_high,0x60,2,2,0x00,0x02,0x60,0x600200,0x02,0x60,0x6002,0x7F,0x84,0x10,0x10,0xD2,0x50000,0x056002,9,0x0C9D8,1,1,current_pair_complete
2.795442,123279,0x00FC59,0x00CE,0xCE,9,ctrl,0xD2,0,0,0x00,0x02,0x60,0x600200,0x02,0x60,0x6002,0x7F,0x84,0x10,0x10,0xD2,0x50000,0x056002,9,0x0C9D8,1,1,retrigger_commit
2.892154,127544,0x00FCB6,0x001C,0x1C,3,loop_mid,0x2F,0,0,0x84,0x2F,0x30,0x302F84,0x2F,0x30,0x302F,0x3A,0x84,0x07,0x07,0xC6,0x40000,0x04302F,2,0x02238,1,1,
2.892177,127545,0x00FCBB,0x009C,0x9C,3,cur_mid,0x2F,0,0,0x84,0x2F,0x30,0x302F84,0x2F,0x30,0x302F,0x3A,0x84,0x07,0x07,0xC6,0x40000,0x04302F,2,0x02238,1,1,current_low_write
2.892177,127545,0x00FCBF,0x001D,0x1D,3,loop_high,0x30,1,1,0x84,0x2F,0x30,0x302F84,0x2F,0x30,0x302F,0x3A,0x84,0x07,0x07,0xC6,0x40000,0x04302F,2,0x02238,1,1,
2.892177,127545,0x00FCC3,0x009D,0x9D,3,cur_high,0x30,2,2,0x84,0x2F,0x30,0x302F84,0x2F,0x30,0x302F,0x3A,0x84,0x07,0x07,0xC6,0x40000,0x04302F,2,0x02238,1,1,current_pair_complete
2.892200,127546,0x00FCC8,0x009E,0x9E,3,ctrl,0xC6,0,0,0x84,0x2F,0x30,0x302F84,0x2F,0x30,0x302F,0x3A,0x84,0x07,0x07,0xC6,0x40000,0x04302F,2,0x02238,1,1,retrigger_commit
2.892472,127558,0x00FCCD,0x000A,0x0A,1,vol_l,0x38,0,0,0x00,0x7C,0x43,0x437C00,0x7C,0x43,0x437C,0x48,0x84,0x38,0x20,0xD2,0x50000,0x05437C,7,0x0B222,1,1,
2.892472,127558,0x00FCD1,0x000B,0x0B,1,vol_r,0x38,1,1,0x00,0x7C,0x43,0x437C00,0x7C,0x43,0x437C,0x48,0x84,0x38,0x38,0xD2,0x50000,0x05437C,7,0x0B222,1,1,
2.892472,127558,0x00FCD5,0x000C,0x0C,1,loop_mid,0xAB,2,2,0x00,0x7C,0x43,0x437C00,0xAB,0x43,0x43AB,0x48,0x84,0x38,0x38,0xD2,0x50000,0x05437C,7,0x0B222,1,1,
2.892494,127559,0x00FCDA,0x008C,0x8C,1,cur_mid,0xAB,0,0,0x00,0xAB,0x43,0x43AB00,0xAB,0x43,0x43AB,0x48,0x84,0x38,0x38,0xD2,0x50000,0x0543AB,7,0x0B251,1,1,current_low_write
2.892494,127559,0x00FCDE,0x000D,0x0D,1,loop_high,0x29,1,1,0x00,0xAB,0x43,0x43AB00,0xAB,0x29,0x29AB,0x48,0x84,0x38,0x38,0xD2,0x50000,0x0543AB,7,0x0B251,1,1,
2.892494,127559,0x00FCE2,0x008D,0x8D,1,cur_high,0x29,2,2,0x00,0xAB,0x29,0x29AB00,0xAB,0x29,0x29AB,0x48,0x84,0x38,0x38,0xD2,0x50000,0x0529AB,6,0x098CD,1,1,current_pair_complete
2.892517,127560,0x00FCE7,0x000E,0x0E,1,end,0x2E,0,0,0x00,0xAB,0x29,0x29AB00,0xAB,0x29,0x29AB,0x2E,0x84,0x38,0x38,0xD2,0x50000,0x0529AB,6,0x098CD,1,1,
2.892517,127560,0x00FCEB,0x008E,0x8E,1,ctrl,0xC2,1,1,0x00,0xAB,0x29,0x29AB00,0xAB,0x29,0x29AB,0x2E,0x84,0x38,0x38,0xC2,0x40000,0x0429AB,1,0x01CE3,1,1,retrigger_commit
2.892993,127581,0x00FCF1,0x000A,0x0A,1,vol_l,0x10,0,0,0x00,0xAB,0x29,0x29AB00,0xAB,0x29,0x29AB,0x2E,0x84,0x10,0x38,0xC2,0x40000,0x0429AB,1,0x01CE3,1,1,
2.892993,127581,0x00FCF5,0x000B,0x0B,1,vol_r,0x10,1,1,0x00,0xAB,0x29,0x29AB00,0xAB,0x29,0x29AB,0x2E,0x84,0x10,0x10,0xC2,0x40000,0x0429AB,1,0x01CE3,1,1,
2.893016,127582,0x00FCFA,0x000C,0x0C,1,loop_mid,0x02,0,0,0x00,0xAB,0x29,0x29AB00,0x02,0x29,0x2902,0x2E,0x84,0x10,0x10,0xC2,0x40000,0x0429AB,1,0x01CE3,1,1,
2.893016,127582,0x00FCFE,0x008C,0x8C,1,cur_mid,0x02,1,1,0x00,0x02,0x29,0x290200,0x02,0x29,0x2902,0x2E,0x84,0x10,0x10,0xC2,0x40000,0x042902,,,1,1,current_low_write
2.893016,127582,0x00FD02,0x000D,0x0D,1,loop_high,0x60,2,2,0x00,0x02,0x29,0x290200,0x02,0x60,0x6002,0x2E,0x84,0x10,0x10,0xC2,0x40000,0x042902,,,1,1,
2.893039,127583,0x00FD07,0x008D,0x8D,1,cur_high,0x60,0,0,0x00,0x02,0x60,0x600200,0x02,0x60,0x6002,0x2E,0x84,0x10,0x10,0xC2,0x40000,0x046002,3,0x05125,1,1,current_pair_complete
2.893039,127583,0x00FD0B,0x000E,0x0E,1,end,0x7F,1,1,0x00,0x02,0x60,0x600200,0x02,0x60,0x6002,0x7F,0x84,0x10,0x10,0xC2,0x40000,0x046002,3,0x05125,1,1,
2.893061,127584,0x00FD10,0x008E,0x8E,1,ctrl,0xD2,0,0,0x00,0x02,0x60,0x600200,0x02,0x60,0x6002,0x7F,0x84,0x10,0x10,0xD2,0x50000,0x056002,9,0x0C9D8,1,1,retrigger_commit
2.986757,131716,0x00FD17,0x001C,0x1C,3,loop_mid,0x2F,0,0,0x84,0x2F,0x30,0x302F84,0x2F,0x30,0x302F,0x3A,0x84,0x07,0x07,0xC6,0x40000,0x04302F,2,0x02238,1,1,
2.986780,131717,0x00FD1C,0x009C,0x9C,3,cur_mid,0x2F,0,0,0x84,0x2F,0x30,0x302F84,0x2F,0x30,0x302F,0x3A,0x84,0x07,0x07,0xC6,0x40000,0x04302F,2,0x02238,1,1,current_low_write
2.986780,131717,0x00FD20,0x001D,0x1D,3,loop_high,0x30,1,1,0x84,0x2F,0x30,0x302F84,0x2F,0x30,0x302F,0x3A,0x84,0x07,0x07,0xC6,0x40000,0x04302F,2,0x02238,1,1,
2.986780,131717,0x00FD24,0x009D,0x9D,3,cur_high,0x30,2,2,0x84,0x2F,0x30,0x302F84,0x2F,0x30,0x302F,0x3A,0x84,0x07,0x07,0xC6,0x40000,0x04302F,2,0x02238,1,1,current_pair_complete
2.986803,131718,0x00FD29,0x009E,0x9E,3,ctrl,0xC6,0,0,0x84,0x2F,0x30,0x302F84,0x2F,0x30,0x302F,0x3A,0x84,0x07,0x07,0xC6,0x40000,0x04302F,2,0x02238,1,1,retrigger_commit
2.987324,131741,0x00FD2F,0x003C,0x3C,7,loop_mid,0x02,0,0,0x00,0x02,0x60,0x600200,0x02,0x60,0x6002,0x7F,0x84,0x10,0x10,0xD2,0x50000,0x056002,9,0x0C9D8,1,1,
2.987324,131741,0x00FD33,0x00BC,0xBC,7,cur_mid,0x02,1,1,0x00,0x02,0x60,0x600200,0x02,0x60,0x6002,0x7F,0x84,0x10,0x10,0xD2,0x50000,0x056002,9,0x0C9D8,1,1,current_low_write
2.987324,131741,0x00FD37,0x003D,0x3D,7,loop_high,0x60,2,2,0x00,0x02,0x60,0x600200,0x02,0x60,0x6002,0x7F,0x84,0x10,0x10,0xD2,0x50000,0x056002,9,0x0C9D8,1,1,
2.987347,131742,0x00FD3C,0x00BD,0xBD,7,cur_high,0x60,0,0,0x00,0x02,0x60,0x600200,0x02,0x60,0x6002,0x7F,0x84,0x10,0x10,0xD2,0x50000,0x056002,9,0x0C9D8,1,1,current_pair_complete
2.987370,131743,0x00FD41,0x00BE,0xBE,7,ctrl,0xD2,0,0,0x00,0x02,0x60,0x600200,0x02,0x60,0x6002,0x7F,0x84,0x10,0x10,0xD2,0x50000,0x056002,9,0x0C9D8,1,1,retrigger_commit
3.084150,136011,0x00FD8A,0x001A,0x1A,3,vol_l,0x10,0,0,0x84,0x2F,0x30,0x302F84,0x2F,0x30,0x302F,0x3A,0x84,0x10,0x07,0xC6,0x40000,0x04302F,2,0x02238,1,1,
3.084150,136011,0x00FD8E,0x001B,0x1B,3,vol_r,0x10,1,1,0x84,0x2F,0x30,0x302F84,0x2F,0x30,0x302F,0x3A,0x84,0x10,0x10,0xC6,0x40000,0x04302F,2,0x02238,1,1,
3.084150,136011,0x00FD92,0x001C,0x1C,3,loop_mid,0x2F,2,2,0x84,0x2F,0x30,0x302F84,0x2F,0x30,0x302F,0x3A,0x84,0x10,0x10,0xC6,0x40000,0x04302F,2,0x02238,1,1,
3.084172,136012,0x00FD97,0x009C,0x9C,3,cur_mid,0x2F,0,0,0x84,0x2F,0x30,0x302F84,0x2F,0x30,0x302F,0x3A,0x84,0x10,0x10,0xC6,0x40000,0x04302F,2,0x02238,1,1,current_low_write
3.084172,136012,0x00FD9B,0x001D,0x1D,3,loop_high,0x30,1,1,0x84,0x2F,0x30,0x302F84,0x2F,0x30,0x302F,0x3A,0x84,0x10,0x10,0xC6,0x40000,0x04302F,2,0x02238,1,1,
3.084172,136012,0x00FD9F,0x009D,0x9D,3,cur_high,0x30,2,2,0x84,0x2F,0x30,0x302F84,0x2F,0x30,0x302F,0x3A,0x84,0x10,0x10,0xC6,0x40000,0x04302F,2,0x02238,1,1,current_pair_complete
3.084195,136013,0x00FDA4,0x009E,0x9E,3,ctrl,0xC6,0,0,0x84,0x2F,0x30,0x302F84,0x2F,0x30,0x302F,0x3A,0x84,0x10,0x10,0xC6,0x40000,0x04302F,2,0x02238,1,1,retrigger_commit
3.085079,136052,0x00FDAB,0x005C,0x5C,11,loop_mid,0x1D,0,0,0x00,0x1D,0x0C,0x0C1D00,0x1D,0x0C,0x0C1D,0x1B,0x78,0x3F,0x3F,0xC2,0x40000,0x040C1D,0,0x00000,1,1,
3.085102,136053,0x00FDB0,0x00DC,0xDC,11,cur_mid,0x1D,0,0,0x00,0x1D,0x0C,0x0C1D00,0x1D,0x0C,0x0C1D,0x1B,0x78,0x3F,0x3F,0xC2,0x40000,0x040C1D,0,0x00000,1,1,current_low_write
3.085102,136053,0x00FDB4,0x005D,0x5D,11,loop_high,0x0C,1,1,0x00,0x1D,0x0C,0x0C1D00,0x1D,0x0C,0x0C1D,0x1B,0x78,0x3F,0x3F,0xC2,0x40000,0x040C1D,0,0x00000,1,1,
3.085102,136053,0x00FDB8,0x00DD,0xDD,11,cur_high,0x0C,2,2,0x00,0x1D,0x0C,0x0C1D00,0x1D,0x0C,0x0C1D,0x1B,0x78,0x3F,0x3F,0xC2,0x40000,0x040C1D,0,0x00000,1,1,current_pair_complete
3.085125,136054,0x00FDBD,0x00DE,0xDE,11,ctrl,0xC2,0,0,0x00,0x1D,0x0C,0x0C1D00,0x1D,0x0C,0x0C1D,0x1B,0x78,0x3F,0x3F,0xC2,0x40000,0x040C1D,0,0x00000,1,1,retrigger_commit
3.098776,136656,0x00FDC4,0x000A,0x0A,1,vol_l,0x20,0,0,0x00,0x02,0x60,0x600200,0x02,0x60,0x6002,0x7F,0x84,0x20,0x10,0xD2,0x50000,0x056002,9,0x0C9D8,1,1,
3.098776,136656,0x00FDC8,0x000B,0x0B,1,vol_r,0x20,1,1,0x00,0x02,0x60,0x600200,0x02,0x60,0x6002,0x7F,0x84,0x20,0x20,0xD2,0x50000,0x056002,9,0x0C9D8,1,1,
3.098776,136656,0x00FDCC,0x000C,0x0C,1,loop_mid,0x7C,2,2,0x00,0x02,0x60,0x600200,0x7C,0x60,0x607C,0x7F,0x84,0x20,0x20,0xD2,0x50000,0x056002,9,0x0C9D8,1,1,
3.098798,136657,0x00FDD1,0x008C,0x8C,1,cur_mid,0x7C,0,0,0x00,0x7C,0x60,0x607C00,0x7C,0x60,0x607C,0x7F,0x84,0x20,0x20,0xD2,0x50000,0x05607C,9,0x0CA52,1,1,current_low_write
3.098798,136657,0x00FDD5,0x000D,0x0D,1,loop_high,0x43,1,1,0x00,0x7C,0x60,0x607C00,0x7C,0x43,0x437C,0x7F,0x84,0x20,0x20,0xD2,0x50000,0x05607C,9,0x0CA52,1,1,
3.098798,136657,0x00FDD9,0x008D,0x8D,1,cur_high,0x43,2,2,0x00,0x7C,0x43,0x437C00,0x7C,0x43,0x437C,0x7F,0x84,0x20,0x20,0xD2,0x50000,0x05437C,7,0x0B222,1,1,current_pair_complete
3.098821,136658,0x00FDDE,0x000E,0x0E,1,end,0x48,0,0,0x00,0x7C,0x43,0x437C00,0x7C,0x43,0x437C,0x48,0x84,0x20,0x20,0xD2,0x50000,0x05437C,7,0x0B222,1,1,
3.098821,136658,0x00FDE2,0x008E,0x8E,1,ctrl,0xD2,1,1,0x00,0x7C,0x43,0x437C00,0x7C,0x43,0x437C,0x48,0x84,0x20,0x20,0xD2,0x50000,0x05437C,7,0x0B222,1,1,retrigger_commit
3.178526,140173,0x00FDE9,0x001A,0x1A,3,vol_l,0x07,0,0,0x84,0x2F,0x30,0x302F84,0x2F,0x30,0x302F,0x3A,0x84,0x07,0x10,0xC6,0x40000,0x04302F,2,0x02238,1,1,
3.178526,140173,0x00FDED,0x001B,0x1B,3,vol_r,0x07,1,1,0x84,0x2F,0x30,0x302F84,0x2F,0x30,0x302F,0x3A,0x84,0x07,0x07,0xC6,0x40000,0x04302F,2,0x02238,1,1,
3.178549,140174,0x00FDF2,0x001C,0x1C,3,loop_mid,0x2F,0,0,0x84,0x2F,0x30,0x302F84,0x2F,0x30,0x302F,0x3A,0x84,0x07,0x07,0xC6,0x40000,0x04302F,2,0x02238,1,1,
3.178549,140174,0x00FDF6,0x009C,0x9C,3,cur_mid,0x2F,1,1,0x84,0x2F,0x30,0x302F84,0x2F,0x30,0x302F,0x3A,0x84,0x07,0x07,0xC6,0x40000,0x04302F,2,0x02238,1,1,current_low_write
3.178549,140174,0x00FDFA,0x001D,0x1D,3,loop_high,0x30,2,2,0x84,0x2F,0x30,0x302F84,0x2F,0x30,0x302F,0x3A,0x84,0x07,0x07,0xC6,0x40000,0x04302F,2,0x02238,1,1,
3.178571,140175,0x00FDFF,0x009D,0x9D,3,cur_high,0x30,0,0,0x84,0x2F,0x30,0x302F84,0x2F,0x30,0x302F,0x3A,0x84,0x07,0x07,0xC6,0x40000,0x04302F,2,0x02238,1,1,current_pair_complete
3.178594,140176,0x00FE04,0x009E,0x9E,3,ctrl,0xC6,0,0,0x84,0x2F,0x30,0x302F84,0x2F,0x30,0x302F,0x3A,0x84,0x07,0x07,0xC6,0x40000,0x04302F,2,0x02238,1,1,retrigger_commit
3.179138,140200,0x00FE0A,0x002C,0x2C,5,loop_mid,0x02,0,0,0x00,0x02,0x60,0x600200,0x02,0x60,0x6002,0x7F,0x84,0x10,0x10,0xD2,0x50000,0x056002,9,0x0C9D8,1,1,
3.179161,140201,0x00FE0F,0x00AC,0xAC,5,cur_mid,0x02,0,0,0x00,0x02,0x60,0x600200,0x02,0x60,0x6002,0x7F,0x84,0x10,0x10,0xD2,0x50000,0x056002,9,0x0C9D8,1,1,current_low_write
3.179161,140201,0x00FE13,0x002D,0x2D,5,loop_high,0x60,1,1,0x00,0x02,0x60,0x600200,0x02,0x60,0x6002,0x7F,0x84,0x10,0x10,0xD2,0x50000,0x056002,9,0x0C9D8,1,1,
3.179161,140201,0x00FE17,0x00AD,0xAD,5,cur_high,0x60,2,2,0x00,0x02,0x60,0x600200,0x02,0x60,0x6002,0x7F,0x84,0x10,0x10,0xD2,0x50000,0x056002,9,0x0C9D8,1,1,current_pair_complete
3.179184,140202,0x00FE1C,0x00AE,0xAE,5,ctrl,0xD2,0,0,0x00,0x02,0x60,0x600200,0x02,0x60,0x6002,0x7F,0x84,0x10,0x10,0xD2,0x50000,0x056002,9,0x0C9D8,1,1,retrigger_commit
3.275147,144434,0x00FE53,0x000A,0x0A,1,vol_l,0x38,0,0,0x00,0x7C,0x43,0x437C00,0x7C,0x43,0x437C,0x48,0x84,0x38,0x20,0xD2,0x50000,0x05437C,7,0x0B222,1,1,
3.275147,144434,0x00FE57,0x000B,0x0B,1,vol_r,0x38,1,1,0x00,0x7C,0x43,0x437C00,0x7C,0x43,0x437C,0x48,0x84,0x38,0x38,0xD2,0x50000,0x05437C,7,0x0B222,1,1,
3.275170,144435,0x00FE5C,0x000C,0x0C,1,loop_mid,0xAB,0,0,0x00,0x7C,0x43,0x437C00,0xAB,0x43,0x43AB,0x48,0x84,0x38,0x38,0xD2,0x50000,0x05437C,7,0x0B222,1,1,
3.275170,144435,0x00FE60,0x008C,0x8C,1,cur_mid,0xAB,1,1,0x00,0xAB,0x43,0x43AB00,0xAB,0x43,0x43AB,0x48,0x84,0x38,0x38,0xD2,0x50000,0x0543AB,7,0x0B251,1,1,current_low_write
3.275170,144435,0x00FE64,0x000D,0x0D,1,loop_high,0x29,2,2,0x00,0xAB,0x43,0x43AB00,0xAB,0x29,0x29AB,0x48,0x84,0x38,0x38,0xD2,0x50000,0x0543AB,7,0x0B251,1,1,
3.275193,144436,0x00FE69,0x008D,0x8D,1,cur_high,0x29,0,0,0x00,0xAB,0x29,0x29AB00,0xAB,0x29,0x29AB,0x48,0x84,0x38,0x38,0xD2,0x50000,0x0529AB,6,0x098CD,1,1,current_pair_complete
3.275193,144436,0x00FE6D,0x000E,0x0E,1,end,0x2E,1,1,0x00,0xAB,0x29,0x29AB00,0xAB,0x29,0x29AB,0x2E,0x84,0x38,0x38,0xD2,0x50000,0x0529AB,6,0x098CD,1,1,
3.275215,144437,0x00FE72,0x008E,0x8E,1,ctrl,0xC2,0,0,0x00,0xAB,0x29,0x29AB00,0xAB,0x29,0x29AB,0x2E,0x84,0x38,0x38,0xC2,0x40000,0x0429AB,1,0x01CE3,1,1,retrigger_commit
3.370522,148640,0x00FE79,0x0008,0x08,1,cur_low,0x80,0,0,0x80,0xAB,0x29,0x29AB80,0xAB,0x29,0x29AB,0x2E,0x84,0x38,0x38,0xC2,0x40000,0x0429AB,1,0x01CE3,1,1,
3.370544,148641,0x00FE7E,0x000A,0x0A,1,vol_l,0x07,0,0,0x80,0xAB,0x29,0x29AB80,0xAB,0x29,0x29AB,0x2E,0x84,0x07,0x38,0xC2,0x40000,0x0429AB,1,0x01CE3,1,1,
3.370544,148641,0x00FE82,0x000B,0x0B,1,vol_r,0x07,1,1,0x80,0xAB,0x29,0x29AB80,0xAB,0x29,0x29AB,0x2E,0x84,0x07,0x07,0xC2,0x40000,0x0429AB,1,0x01CE3,1,1,
3.370544,148641,0x00FE86,0x000C,0x0C,1,loop_mid,0x2F,2,2,0x80,0xAB,0x29,0x29AB80,0x2F,0x29,0x292F,0x2E,0x84,0x07,0x07,0xC2,0x40000,0x0429AB,1,0x01CE3,1,1,
3.370567,148642,0x00FE8B,0x008C,0x8C,1,cur_mid,0x2F,0,0,0x80,0x2F,0x29,0x292F80,0x2F,0x29,0x292F,0x2E,0x84,0x07,0x07,0xC2,0x40000,0x04292F,,,1,1,current_low_write
3.370567,148642,0x00FE8F,0x000D,0x0D,1,loop_high,0x30,1,1,0x80,0x2F,0x29,0x292F80,0x2F,0x30,0x302F,0x2E,0x84,0x07,0x07,0xC2,0x40000,0x04292F,,,1,1,
3.370567,148642,0x00FE93,0x008D,0x8D,1,cur_high,0x30,2,2,0x80,0x2F,0x30,0x302F80,0x2F,0x30,0x302F,0x2E,0x84,0x07,0x07,0xC2,0x40000,0x04302F,2,0x02238,1,1,current_pair_complete
3.370590,148643,0x00FE98,0x000E,0x0E,1,end,0x3A,0,0,0x80,0x2F,0x30,0x302F80,0x2F,0x30,0x302F,0x3A,0x84,0x07,0x07,0xC2,0x40000,0x04302F,2,0x02238,1,1,
3.370590,148643,0x00FE9C,0x008E,0x8E,1,ctrl,0xC6,1,1,0x80,0x2F,0x30,0x302F80,0x2F,0x30,0x302F,0x3A,0x84,0x07,0x07,0xC6,0x40000,0x04302F,2,0x02238,1,1,retrigger_commit
3.371066,148664,0x00FEA2,0x0018,0x18,3,cur_low,0x00,0,0,0x00,0x2F,0x30,0x302F00,0x2F,0x30,0x302F,0x3A,0x84,0x07,0x07,0xC6,0x40000,0x04302F,2,0x02238,1,1,
3.371066,148664,0x00FEA6,0x001A,0x1A,3,vol_l,0x10,1,1,0x00,0x2F,0x30,0x302F00,0x2F,0x30,0x302F,0x3A,0x84,0x10,0x07,0xC6,0x40000,0x04302F,2,0x02238,1,1,
3.371066,148664,0x00FEAA,0x001B,0x1B,3,vol_r,0x10,2,2,0x00,0x2F,0x30,0x302F00,0x2F,0x30,0x302F,0x3A,0x84,0x10,0x10,0xC6,0x40000,0x04302F,2,0x02238,1,1,
3.371088,148665,0x00FEAF,0x001C,0x1C,3,loop_mid,0x02,0,0,0x00,0x2F,0x30,0x302F00,0x02,0x30,0x3002,0x3A,0x84,0x10,0x10,0xC6,0x40000,0x04302F,2,0x02238,1,1,
3.371088,148665,0x00FEB3,0x009C,0x9C,3,cur_mid,0x02,1,1,0x00,0x02,0x30,0x300200,0x02,0x30,0x3002,0x3A,0x84,0x10,0x10,0xC6,0x40000,0x043002,,,1,1,current_low_write
3.371088,148665,0x00FEB7,0x001D,0x1D,3,loop_high,0x60,2,2,0x00,0x02,0x30,0x300200,0x02,0x60,0x6002,0x3A,0x84,0x10,0x10,0xC6,0x40000,0x043002,,,1,1,
3.371111,148666,0x00FEBC,0x009D,0x9D,3,cur_high,0x60,0,0,0x00,0x02,0x60,0x600200,0x02,0x60,0x6002,0x3A,0x84,0x10,0x10,0xC6,0x40000,0x046002,3,0x05125,1,1,current_pair_complete
3.371111,148666,0x00FEC0,0x001E,0x1E,3,end,0x7F,1,1,0x00,0x02,0x60,0x600200,0x02,0x60,0x6002,0x7F,0x84,0x10,0x10,0xC6,0x40000,0x046002,3,0x05125,1,1,
3.371134,148667,0x00FEC5,0x009E,0x9E,3,ctrl,0xD2,0,0,0x00,0x02,0x60,0x600200,0x02,0x60,0x6002,0x7F,0x84,0x10,0x10,0xD2,0x50000,0x056002,9,0x0C9D8,1,1,retrigger_commit
3.467710,152926,0x00FF0A,0x0008,0x08,1,cur_low,0x84,0,0,0x84,0x2F,0x30,0x302F84,0x2F,0x30,0x302F,0x3A,0x84,0x07,0x07,0xC6,0x40000,0x04302F,2,0x02238,1,1,
3.467710,152926,0x00FF0E,0x000A,0x0A,1,vol_l,0x10,1,1,0x84,0x2F,0x30,0x302F84,0x2F,0x30,0x302F,0x3A,0x84,0x10,0x07,0xC6,0x40000,0x04302F,2,0x02238,1,1,
3.467710,152926,0x00FF12,0x000B,0x0B,1,vol_r,0x10,2,2,0x84,0x2F,0x30,0x302F84,0x2F,0x30,0x302F,0x3A,0x84,0x10,0x10,0xC6,0x40000,0x04302F,2,0x02238,1,1,
3.467732,152927,0x00FF17,0x000C,0x0C,1,loop_mid,0x2F,0,0,0x84,0x2F,0x30,0x302F84,0x2F,0x30,0x302F,0x3A,0x84,0x10,0x10,0xC6,0x40000,0x04302F,2,0x02238,1,1,
3.467732,152927,0x00FF1B,0x008C,0x8C,1,cur_mid,0x2F,1,1,0x84,0x2F,0x30,0x302F84,0x2F,0x30,0x302F,0x3A,0x84,0x10,0x10,0xC6,0x40000,0x04302F,2,0x02238,1,1,current_low_write
3.467732,152927,0x00FF1F,0x000D,0x0D,1,loop_high,0x30,2,2,0x84,0x2F,0x30,0x302F84,0x2F,0x30,0x302F,0x3A,0x84,0x10,0x10,0xC6,0x40000,0x04302F,2,0x02238,1,1,
3.467755,152928,0x00FF24,0x008D,0x8D,1,cur_high,0x30,0,0,0x84,0x2F,0x30,0x302F84,0x2F,0x30,0x302F,0x3A,0x84,0x10,0x10,0xC6,0x40000,0x04302F,2,0x02238,1,1,current_pair_complete
3.467778,152929,0x00FF29,0x008E,0x8E,1,ctrl,0xC6,0,0,0x84,0x2F,0x30,0x302F84,0x2F,0x30,0x302F,0x3A,0x84,0x10,0x10,0xC6,0x40000,0x04302F,2,0x02238,1,1,retrigger_commit
3.468141,152945,0x00FF2E,0x004A,0x4A,9,vol_l,0x3F,0,0,0x00,0x02,0x60,0x600200,0x02,0x60,0x6002,0x7F,0x84,0x3F,0x10,0xD2,0x50000,0x056002,9,0x0C9D8,1,1,
3.468141,152945,0x00FF32,0x004B,0x4B,9,vol_r,0x3F,1,1,0x00,0x02,0x60,0x600200,0x02,0x60,0x6002,0x7F,0x84,0x3F,0x3F,0xD2,0x50000,0x056002,9,0x0C9D8,1,1,
3.468163,152946,0x00FF37,0x004C,0x4C,9,loop_mid,0x1D,0,0,0x00,0x02,0x60,0x600200,0x1D,0x60,0x601D,0x7F,0x84,0x3F,0x3F,0xD2,0x50000,0x056002,9,0x0C9D8,1,1,
3.468163,152946,0x00FF3B,0x00CC,0xCC,9,cur_mid,0x1D,1,1,0x00,0x1D,0x60,0x601D00,0x1D,0x60,0x601D,0x7F,0x84,0x3F,0x3F,0xD2,0x50000,0x05601D,9,0x0C9F3,1,1,current_low_write
3.468163,152946,0x00FF3F,0x004D,0x4D,9,loop_high,0x0C,2,2,0x00,0x1D,0x60,0x601D00,0x1D,0x0C,0x0C1D,0x7F,0x84,0x3F,0x3F,0xD2,0x50000,0x05601D,9,0x0C9F3,1,1,
3.468186,152947,0x00FF44,0x00CD,0xCD,9,cur_high,0x0C,0,0,0x00,0x1D,0x0C,0x0C1D00,0x1D,0x0C,0x0C1D,0x7F,0x84,0x3F,0x3F,0xD2,0x50000,0x050C1D,5,0x07BFF,1,1,current_pair_complete
3.468186,152947,0x00FF48,0x004E,0x4E,9,end,0x1B,1,1,0x00,0x1D,0x0C,0x0C1D00,0x1D,0x0C,0x0C1D,0x1B,0x84,0x3F,0x3F,0xD2,0x50000,0x050C1D,5,0x07BFF,1,1,
3.468186,152947,0x00FF4C,0x004F,0x4F,9,delta,0x78,2,2,0x00,0x1D,0x0C,0x0C1D00,0x1D,0x0C,0x0C1D,0x1B,0x78,0x3F,0x3F,0xD2,0x50000,0x050C1D,5,0x07BFF,1,1,
3.468209,152948,0x00FF51,0x00CE,0xCE,9,ctrl,0xC2,0,0,0x00,0x1D,0x0C,0x0C1D00,0x1D,0x0C,0x0C1D,0x1B,0x78,0x3F,0x3F,0xC2,0x40000,0x040C1D,0,0x00000,1,1,retrigger_commit
3.482744,153589,0x00FF58,0x005A,0x5A,11,vol_l,0x20,0,0,0x00,0x1D,0x0C,0x0C1D00,0x1D,0x0C,0x0C1D,0x1B,0x78,0x20,0x3F,0xC2,0x40000,0x040C1D,0,0x00000,1,1,
3.482744,153589,0x00FF5C,0x005B,0x5B,11,vol_r,0x20,1,1,0x00,0x1D,0x0C,0x0C1D00,0x1D,0x0C,0x0C1D,0x1B,0x78,0x20,0x20,0xC2,0x40000,0x040C1D,0,0x00000,1,1,
3.482766,153590,0x00FF61,0x005C,0x5C,11,loop_mid,0x7C,0,0,0x00,0x1D,0x0C,0x0C1D00,0x7C,0x0C,0x0C7C,0x1B,0x78,0x20,0x20,0xC2,0x40000,0x040C1D,0,0x00000,1,1,
3.482766,153590,0x00FF65,0x00DC,0xDC,11,cur_mid,0x7C,1,1,0x00,0x7C,0x0C,0x0C7C00,0x7C,0x0C,0x0C7C,0x1B,0x78,0x20,0x20,0xC2,0x40000,0x040C7C,0,0x0005F,1,1,current_low_write
3.482766,153590,0x00FF69,0x005D,0x5D,11,loop_high,0x43,2,2,0x00,0x7C,0x0C,0x0C7C00,0x7C,0x43,0x437C,0x1B,0x78,0x20,0x20,0xC2,0x40000,0x040C7C,0,0x0005F,1,1,
3.482766,153590,0x00FF6D,0x00DD,0xDD,11,cur_high,0x43,3,3,0x00,0x7C,0x43,0x437C00,0x7C,0x43,0x437C,0x1B,0x78,0x20,0x20,0xC2,0x40000,0x04437C,3,0x0349F,1,1,current_pair_complete
3.482789,153591,0x00FF72,0x005E,0x5E,11,end,0x48,0,0,0x00,0x7C,0x43,0x437C00,0x7C,0x43,0x437C,0x48,0x78,0x20,0x20,0xC2,0x40000,0x04437C,3,0x0349F,1,1,
3.482789,153591,0x00FF76,0x005F,0x5F,11,delta,0x84,1,1,0x00,0x7C,0x43,0x437C00,0x7C,0x43,0x437C,0x48,0x84,0x20,0x20,0xC2,0x40000,0x04437C,3,0x0349F,1,1,
3.482812,153592,0x00FF7B,0x00DE,0xDE,11,ctrl,0xD2,0,0,0x00,0x7C,0x43,0x437C00,0x7C,0x43,0x437C,0x48,0x84,0x20,0x20,0xD2,0x50000,0x05437C,7,0x0B222,1,1,retrigger_commit
3.562494,157106,0x00FF82,0x000A,0x0A,1,vol_l,0x07,0,0,0x84,0x2F,0x30,0x302F84,0x2F,0x30,0x302F,0x3A,0x84,0x07,0x10,0xC6,0x40000,0x04302F,2,0x02238,1,1,
3.562517,157107,0x00FF87,0x000B,0x0B,1,vol_r,0x07,0,0,0x84,0x2F,0x30,0x302F84,0x2F,0x30,0x302F,0x3A,0x84,0x07,0x07,0xC6,0x40000,0x04302F,2,0x02238,1,1,
3.562517,157107,0x00FF8B,0x000C,0x0C,1,loop_mid,0x2F,1,1,0x84,0x2F,0x30,0x302F84,0x2F,0x30,0x302F,0x3A,0x84,0x07,0x07,0xC6,0x40000,0x04302F,2,0x02238,1,1,
3.562517,157107,0x00FF8F,0x008C,0x8C,1,cur_mid,0x2F,2,2,0x84,0x2F,0x30,0x302F84,0x2F,0x30,0x302F,0x3A,0x84,0x07,0x07,0xC6,0x40000,0x04302F,2,0x02238,1,1,current_low_write
3.562540,157108,0x00FF94,0x000D,0x0D,1,loop_high,0x30,0,0,0x84,0x2F,0x30,0x302F84,0x2F,0x30,0x302F,0x3A,0x84,0x07,0x07,0xC6,0x40000,0x04302F,2,0x02238,1,1,
3.562540,157108,0x00FF98,0x008D,0x8D,1,cur_high,0x30,1,1,0x84,0x2F,0x30,0x302F84,0x2F,0x30,0x302F,0x3A,0x84,0x07,0x07,0xC6,0x40000,0x04302F,2,0x02238,1,1,current_pair_complete
3.562562,157109,0x00FF9D,0x008E,0x8E,1,ctrl,0xC6,0,0,0x84,0x2F,0x30,0x302F84,0x2F,0x30,0x302F,0x3A,0x84,0x07,0x07,0xC6,0x40000,0x04302F,2,0x02238,1,1,retrigger_commit
3.563129,157134,0x00FFA3,0x003C,0x3C,7,loop_mid,0x02,0,0,0x00,0x02,0x60,0x600200,0x02,0x60,0x6002,0x7F,0x84,0x10,0x10,0xD2,0x50000,0x056002,9,0x0C9D8,1,1,
3.563129,157134,0x00FFA7,0x00BC,0xBC,7,cur_mid,0x02,1,1,0x00,0x02,0x60,0x600200,0x02,0x60,0x6002,0x7F,0x84,0x10,0x10,0xD2,0x50000,0x056002,9,0x0C9D8,1,1,current_low_write
3.563152,157135,0x00FFAC,0x003D,0x3D,7,loop_high,0x60,0,0,0x00,0x02,0x60,0x600200,0x02,0x60,0x6002,0x7F,0x84,0x10,0x10,0xD2,0x50000,0x056002,9,0x0C9D8,1,1,
3.563152,157135,0x00FFB0,0x00BD,0xBD,7,cur_high,0x60,1,1,0x00,0x02,0x60,0x600200,0x02,0x60,0x6002,0x7F,0x84,0x10,0x10,0xD2,0x50000,0x056002,9,0x0C9D8,1,1,current_pair_complete
3.563175,157136,0x00FFB5,0x00BE,0xBE,7,ctrl,0xD2,0,0,0x00,0x02,0x60,0x600200,0x02,0x60,0x6002,0x7F,0x84,0x10,0x10,0xD2,0x50000,0x056002,9,0x0C9D8,1,1,retrigger_commit
3.659229,161372,0x00FFF0,0x005A,0x5A,11,vol_l,0x38,0,0,0x00,0x7C,0x43,0x437C00,0x7C,0x43,0x437C,0x48,0x84,0x38,0x20,0xD2,0x50000,0x05437C,7,0x0B222,1,1,
3.659229,161372,0x00FFF4,0x005B,0x5B,11,vol_r,0x38,1,1,0x00,0x7C,0x43,0x437C00,0x7C,0x43,0x437C,0x48,0x84,0x38,0x38,0xD2,0x50000,0x05437C,7,0x0B222,1,1,
3.659229,161372,0x00FFF8,0x005C,0x5C,11,loop_mid,0xAB,2,2,0x00,0x7C,0x43,0x437C00,0xAB,0x43,0x43AB,0x48,0x84,0x38,0x38,0xD2,0x50000,0x05437C,7,0x0B222,1,1,
3.659252,161373,0x00FFFD,0x00DC,0xDC,11,cur_mid,0xAB,0,0,0x00,0xAB,0x43,0x43AB00,0xAB,0x43,0x43AB,0x48,0x84,0x38,0x38,0xD2,0x50000,0x0543AB,7,0x0B251,1,1,current_low_write
3.659252,161373,0x010001,0x005D,0x5D,11,loop_high,0x29,1,1,0x00,0xAB,0x43,0x43AB00,0xAB,0x29,0x29AB,0x48,0x84,0x38,0x38,0xD2,0x50000,0x0543AB,7,0x0B251,1,1,
3.659252,161373,0x010005,0x00DD,0xDD,11,cur_high,0x29,2,2,0x00,0xAB,0x29,0x29AB00,0xAB,0x29,0x29AB,0x48,0x84,0x38,0x38,0xD2,0x50000,0x0529AB,6,0x098CD,1,1,current_pair_complete
3.659274,161374,0x01000A,0x005E,0x5E,11,end,0x2E,0,0,0x00,0xAB,0x29,0x29AB00,0xAB,0x29,0x29AB,0x2E,0x84,0x38,0x38,0xD2,0x50000,0x0529AB,6,0x098CD,1,1,
3.659274,161374,0x01000E,0x00DE,0xDE,11,ctrl,0xC2,1,1,0x00,0xAB,0x29,0x29AB00,0xAB,0x29,0x29AB,0x2E,0x84,0x38,0x38,0xC2,0x40000,0x0429AB,1,0x01CE3,1,1,retrigger_commit
3.754512,165574,0x010015,0x0008,0x08,1,cur_low,0x80,0,0,0x80,0x2F,0x30,0x302F80,0x2F,0x30,0x302F,0x3A,0x84,0x07,0x07,0xC6,0x40000,0x04302F,2,0x02238,1,1,
3.754558,165576,0x01001A,0x000C,0x0C,1,loop_mid,0x2F,0,0,0x80,0x2F,0x30,0x302F80,0x2F,0x30,0x302F,0x3A,0x84,0x07,0x07,0xC6,0x40000,0x04302F,2,0x02238,1,1,
3.754558,165576,0x01001E,0x008C,0x8C,1,cur_mid,0x2F,1,1,0x80,0x2F,0x30,0x302F80,0x2F,0x30,0x302F,0x3A,0x84,0x07,0x07,0xC6,0x40000,0x04302F,2,0x02238,1,1,current_low_write
3.754558,165576,0x010022,0x000D,0x0D,1,loop_high,0x30,2,2,0x80,0x2F,0x30,0x302F80,0x2F,0x30,0x302F,0x3A,0x84,0x07,0x07,0xC6,0x40000,0x04302F,2,0x02238,1,1,
3.754558,165576,0x010026,0x008D,0x8D,1,cur_high,0x30,3,3,0x80,0x2F,0x30,0x302F80,0x2F,0x30,0x302F,0x3A,0x84,0x07,0x07,0xC6,0x40000,0x04302F,2,0x02238,1,1,current_pair_complete
3.754603,165578,0x01002B,0x008E,0x8E,1,ctrl,0xC6,0,0,0x80,0x2F,0x30,0x302F80,0x2F,0x30,0x302F,0x3A,0x84,0x07,0x07,0xC6,0x40000,0x04302F,2,0x02238,1,1,retrigger_commit
3.755079,165599,0x010031,0x002C,0x2C,5,loop_mid,0x02,0,0,0x00,0x02,0x60,0x600200,0x02,0x60,0x6002,0x7F,0x84,0x10,0x10,0xD2,0x50000,0x056002,9,0x0C9D8,1,1,
3.755102,165600,0x010036,0x00AC,0xAC,5,cur_mid,0x02,0,0,0x00,0x02,0x60,0x600200,0x02,0x60,0x6002,0x7F,0x84,0x10,0x10,0xD2,0x50000,0x056002,9,0x0C9D8,1,1,current_low_write
3.755102,165600,0x01003A,0x002D,0x2D,5,loop_high,0x60,1,1,0x00,0x02,0x60,0x600200,0x02,0x60,0x6002,0x7F,0x84,0x10,0x10,0xD2,0x50000,0x056002,9,0x0C9D8,1,1,
3.755102,165600,0x01003E,0x00AD,0xAD,5,cur_high,0x60,2,2,0x00,0x02,0x60,0x600200,0x02,0x60,0x6002,0x7F,0x84,0x10,0x10,0xD2,0x50000,0x056002,9,0x0C9D8,1,1,current_pair_complete
3.755125,165601,0x010043,0x00AE,0xAE,5,ctrl,0xD2,0,0,0x00,0x02,0x60,0x600200,0x02,0x60,0x6002,0x7F,0x84,0x10,0x10,0xD2,0x50000,0x056002,9,0x0C9D8,1,1,retrigger_commit
3.851723,169861,0x010088,0x0008,0x08,1,cur_low,0x84,0,0,0x84,0x2F,0x30,0x302F84,0x2F,0x30,0x302F,0x3A,0x84,0x07,0x07,0xC6,0x40000,0x04302F,2,0x02238,1,1,
3.851723,169861,0x01008C,0x000A,0x0A,1,vol_l,0x10,1,1,0x84,0x2F,0x30,0x302F84,0x2F,0x30,0x302F,0x3A,0x84,0x10,0x07,0xC6,0x40000,0x04302F,2,0x02238,1,1,
3.851723,169861,0x010090,0x000B,0x0B,1,vol_r,0x10,2,2,0x84,0x2F,0x30,0x302F84,0x2F,0x30,0x302F,0x3A,0x84,0x10,0x10,0xC6,0x40000,0x04302F,2,0x02238,1,1,
3.851746,169862,0x010095,0x000C,0x0C,1,loop_mid,0x2F,0,0,0x84,0x2F,0x30,0x302F84,0x2F,0x30,0x302F,0x3A,0x84,0x10,0x10,0xC6,0x40000,0x04302F,2,0x02238,1,1,
3.851746,169862,0x010099,0x008C,0x8C,1,cur_mid,0x2F,1,1,0x84,0x2F,0x30,0x302F84,0x2F,0x30,0x302F,0x3A,0x84,0x10,0x10,0xC6,0x40000,0x04302F,2,0x02238,1,1,current_low_write
3.851746,169862,0x01009D,0x000D,0x0D,1,loop_high,0x30,2,2,0x84,0x2F,0x30,0x302F84,0x2F,0x30,0x302F,0x3A,0x84,0x10,0x10,0xC6,0x40000,0x04302F,2,0x02238,1,1,
3.851769,169863,0x0100A2,0x008D,0x8D,1,cur_high,0x30,0,0,0x84,0x2F,0x30,0x302F84,0x2F,0x30,0x302F,0x3A,0x84,0x10,0x10,0xC6,0x40000,0x04302F,2,0x02238,1,1,current_pair_complete
3.851791,169864,0x0100A7,0x008E,0x8E,1,ctrl,0xC6,0,0,0x84,0x2F,0x30,0x302F84,0x2F,0x30,0x302F,0x3A,0x84,0x10,0x10,0xC6,0x40000,0x04302F,2,0x02238,1,1,retrigger_commit
3.852177,169881,0x0100AD,0x004C,0x4C,9,loop_mid,0x1D,0,0,0x00,0x1D,0x0C,0x0C1D00,0x1D,0x0C,0x0C1D,0x1B,0x78,0x3F,0x3F,0xC2,0x40000,0x040C1D,0,0x00000,1,1,
3.852177,169881,0x0100B1,0x00CC,0xCC,9,cur_mid,0x1D,1,1,0x00,0x1D,0x0C,0x0C1D00,0x1D,0x0C,0x0C1D,0x1B,0x78,0x3F,0x3F,0xC2,0x40000,0x040C1D,0,0x00000,1,1,current_low_write
3.852177,169881,0x0100B5,0x004D,0x4D,9,loop_high,0x0C,2,2,0x00,0x1D,0x0C,0x0C1D00,0x1D,0x0C,0x0C1D,0x1B,0x78,0x3F,0x3F,0xC2,0x40000,0x040C1D,0,0x00000,1,1,
3.852200,169882,0x0100BA,0x00CD,0xCD,9,cur_high,0x0C,0,0,0x00,0x1D,0x0C,0x0C1D00,0x1D,0x0C,0x0C1D,0x1B,0x78,0x3F,0x3F,0xC2,0x40000,0x040C1D,0,0x00000,1,1,current_pair_complete
3.852222,169883,0x0100BF,0x00CE,0xCE,9,ctrl,0xC2,0,0,0x00,0x1D,0x0C,0x0C1D00,0x1D,0x0C,0x0C1D,0x1B,0x78,0x3F,0x3F,0xC2,0x40000,0x040C1D,0,0x00000,1,1,retrigger_commit
3.866735,170523,0x0100C6,0x005A,0x5A,11,vol_l,0x20,0,0,0x00,0xAB,0x29,0x29AB00,0xAB,0x29,0x29AB,0x2E,0x84,0x20,0x38,0xC2,0x40000,0x0429AB,1,0x01CE3,1,1,
3.866757,170524,0x0100CB,0x005B,0x5B,11,vol_r,0x20,0,0,0x00,0xAB,0x29,0x29AB00,0xAB,0x29,0x29AB,0x2E,0x84,0x20,0x20,0xC2,0x40000,0x0429AB,1,0x01CE3,1,1,
3.866757,170524,0x0100CF,0x005C,0x5C,11,loop_mid,0x7C,1,1,0x00,0xAB,0x29,0x29AB00,0x7C,0x29,0x297C,0x2E,0x84,0x20,0x20,0xC2,0x40000,0x0429AB,1,0x01CE3,1,1,
3.866757,170524,0x0100D3,0x00DC,0xDC,11,cur_mid,0x7C,2,2,0x00,0x7C,0x29,0x297C00,0x7C,0x29,0x297C,0x2E,0x84,0x20,0x20,0xC2,0x40000,0x04297C,,,1,1,current_low_write
3.866780,170525,0x0100D8,0x005D,0x5D,11,loop_high,0x43,0,0,0x00,0x7C,0x29,0x297C00,0x7C,0x43,0x437C,0x2E,0x84,0x20,0x20,0xC2,0x40000,0x04297C,,,1,1,
3.866780,170525,0x0100DC,0x00DD,0xDD,11,cur_high,0x43,1,1,0x00,0x7C,0x43,0x437C00,0x7C,0x43,0x437C,0x2E,0x84,0x20,0x20,0xC2,0x40000,0x04437C,3,0x0349F,1,1,current_pair_complete
3.866780,170525,0x0100E0,0x005E,0x5E,11,end,0x48,2,2,0x00,0x7C,0x43,0x437C00,0x7C,0x43,0x437C,0x48,0x84,0x20,0x20,0xC2,0x40000,0x04437C,3,0x0349F,1,1,
3.866803,170526,0x0100E5,0x00DE,0xDE,11,ctrl,0xD2,0,0,0x00,0x7C,0x43,0x437C00,0x7C,0x43,0x437C,0x48,0x84,0x20,0x20,0xD2,0x50000,0x05437C,7,0x0B222,1,1,retrigger_commit
3.946508,174041,0x0100EC,0x000A,0x0A,1,vol_l,0x07,0,0,0x84,0x2F,0x30,0x302F84,0x2F,0x30,0x302F,0x3A,0x84,0x07,0x10,0xC6,0x40000,0x04302F,2,0x02238,1,1,
3.946508,174041,0x0100F0,0x000B,0x0B,1,vol_r,0x07,1,1,0x84,0x2F,0x30,0x302F84,0x2F,0x30,0x302F,0x3A,0x84,0x07,0x07,0xC6,0x40000,0x04302F,2,0x02238,1,1,
3.946508,174041,0x0100F4,0x000C,0x0C,1,loop_mid,0x2F,2,2,0x84,0x2F,0x30,0x302F84,0x2F,0x30,0x302F,0x3A,0x84,0x07,0x07,0xC6,0x40000,0x04302F,2,0x02238,1,1,
3.946531,174042,0x0100F9,0x008C,0x8C,1,cur_mid,0x2F,0,0,0x84,0x2F,0x30,0x302F84,0x2F,0x30,0x302F,0x3A,0x84,0x07,0x07,0xC6,0x40000,0x04302F,2,0x02238,1,1,current_low_write
3.946531,174042,0x0100FD,0x000D,0x0D,1,loop_high,0x30,1,1,0x84,0x2F,0x30,0x302F84,0x2F,0x30,0x302F,0x3A,0x84,0x07,0x07,0xC6,0x40000,0x04302F,2,0x02238,1,1,
3.946531,174042,0x010101,0x008D,0x8D,1,cur_high,0x30,2,2,0x84,0x2F,0x30,0x302F84,0x2F,0x30,0x302F,0x3A,0x84,0x07,0x07,0xC6,0x40000,0x04302F,2,0x02238,1,1,current_pair_complete
3.946553,174043,0x010106,0x008E,0x8E,1,ctrl,0xC6,0,0,0x84,0x2F,0x30,0x302F84,0x2F,0x30,0x302F,0x3A,0x84,0x07,0x07,0xC6,0x40000,0x04302F,2,0x02238,1,1,retrigger_commit
3.947120,174068,0x01010C,0x001C,0x1C,3,loop_mid,0x02,0,0,0x00,0x02,0x60,0x600200,0x02,0x60,0x6002,0x7F,0x84,0x10,0x10,0xD2,0x50000,0x056002,9,0x0C9D8,1,1,
3.947120,174068,0x010110,0x009C,0x9C,3,cur_mid,0x02,1,1,0x00,0x02,0x60,0x600200,0x02,0x60,0x6002,0x7F,0x84,0x10,0x10,0xD2,0x50000,0x056002,9,0x0C9D8,1,1,current_low_write
3.947120,174068,0x010114,0x001D,0x1D,3,loop_high,0x60,2,2,0x00,0x02,0x60,0x600200,0x02,0x60,0x6002,0x7F,0x84,0x10,0x10,0xD2,0x50000,0x056002,9,0x0C9D8,1,1,
3.947143,174069,0x010119,0x009D,0x9D,3,cur_high,0x60,0,0,0x00,0x02,0x60,0x600200,0x02,0x60,0x6002,0x7F,0x84,0x10,0x10,0xD2,0x50000,0x056002,9,0x0C9D8,1,1,current_pair_complete
3.947166,174070,0x01011E,0x009E,0x9E,3,ctrl,0xD2,0,0,0x00,0x02,0x60,0x600200,0x02,0x60,0x6002,0x7F,0x84,0x10,0x10,0xD2,0x50000,0x056002,9,0x0C9D8,1,1,retrigger_commit
4.043220,178306,0x010159,0x005A,0x5A,11,vol_l,0x38,0,0,0x00,0x7C,0x43,0x437C00,0x7C,0x43,0x437C,0x48,0x84,0x38,0x20,0xD2,0x50000,0x05437C,7,0x0B222,1,1,
4.043220,178306,0x01015D,0x005B,0x5B,11,vol_r,0x38,1,1,0x00,0x7C,0x43,0x437C00,0x7C,0x43,0x437C,0x48,0x84,0x38,0x38,0xD2,0x50000,0x05437C,7,0x0B222,1,1,
4.043243,178307,0x010162,0x005C,0x5C,11,loop_mid,0xAB,0,0,0x00,0x7C,0x43,0x437C00,0xAB,0x43,0x43AB,0x48,0x84,0x38,0x38,0xD2,0x50000,0x05437C,7,0x0B222,1,1,
4.043243,178307,0x010166,0x00DC,0xDC,11,cur_mid,0xAB,1,1,0x00,0xAB,0x43,0x43AB00,0xAB,0x43,0x43AB,0x48,0x84,0x38,0x38,0xD2,0x50000,0x0543AB,7,0x0B251,1,1,current_low_write
4.043243,178307,0x01016A,0x005D,0x5D,11,loop_high,0x29,2,2,0x00,0xAB,0x43,0x43AB00,0xAB,0x29,0x29AB,0x48,0x84,0x38,0x38,0xD2,0x50000,0x0543AB,7,0x0B251,1,1,
4.043243,178307,0x01016E,0x00DD,0xDD,11,cur_high,0x29,3,3,0x00,0xAB,0x29,0x29AB00,0xAB,0x29,0x29AB,0x48,0x84,0x38,0x38,0xD2,0x50000,0x0529AB,6,0x098CD,1,1,current_pair_complete
4.043265,178308,0x010173,0x005E,0x5E,11,end,0x2E,0,0,0x00,0xAB,0x29,0x29AB00,0xAB,0x29,0x29AB,0x2E,0x84,0x38,0x38,0xD2,0x50000,0x0529AB,6,0x098CD,1,1,
4.043288,178309,0x010178,0x00DE,0xDE,11,ctrl,0xC2,0,0,0x00,0xAB,0x29,0x29AB00,0xAB,0x29,0x29AB,0x2E,0x84,0x38,0x38,0xC2,0x40000,0x0429AB,1,0x01CE3,1,1,retrigger_commit
4.138526,182509,0x01017F,0x0008,0x08,1,cur_low,0x80,0,0,0x80,0x2F,0x30,0x302F80,0x2F,0x30,0x302F,0x3A,0x84,0x07,0x07,0xC6,0x40000,0x04302F,2,0x02238,1,1,
4.138549,182510,0x010184,0x000C,0x0C,1,loop_mid,0x2F,0,0,0x80,0x2F,0x30,0x302F80,0x2F,0x30,0x302F,0x3A,0x84,0x07,0x07,0xC6,0x40000,0x04302F,2,0x02238,1,1,
4.138571,182511,0x010189,0x008C,0x8C,1,cur_mid,0x2F,0,0,0x80,0x2F,0x30,0x302F80,0x2F,0x30,0x302F,0x3A,0x84,0x07,0x07,0xC6,0x40000,0x04302F,2,0x02238,1,1,current_low_write
4.138571,182511,0x01018D,0x000D,0x0D,1,loop_high,0x30,1,1,0x80,0x2F,0x30,0x302F80,0x2F,0x30,0x302F,0x3A,0x84,0x07,0x07,0xC6,0x40000,0x04302F,2,0x02238,1,1,
4.138571,182511,0x010191,0x008D,0x8D,1,cur_high,0x30,2,2,0x80,0x2F,0x30,0x302F80,0x2F,0x30,0x302F,0x3A,0x84,0x07,0x07,0xC6,0x40000,0x04302F,2,0x02238,1,1,current_pair_complete
4.138594,182512,0x010196,0x008E,0x8E,1,ctrl,0xC6,0,0,0x80,0x2F,0x30,0x302F80,0x2F,0x30,0x302F,0x3A,0x84,0x07,0x07,0xC6,0x40000,0x04302F,2,0x02238,1,1,retrigger_commit
4.139116,182535,0x01019C,0x003C,0x3C,7,loop_mid,0x02,0,0,0x00,0x02,0x60,0x600200,0x02,0x60,0x6002,0x7F,0x84,0x10,0x10,0xD2,0x50000,0x056002,9,0x0C9D8,1,1,
4.139116,182535,0x0101A0,0x00BC,0xBC,7,cur_mid,0x02,1,1,0x00,0x02,0x60,0x600200,0x02,0x60,0x6002,0x7F,0x84,0x10,0x10,0xD2,0x50000,0x056002,9,0x0C9D8,1,1,current_low_write
4.139116,182535,0x0101A4,0x003D,0x3D,7,loop_high,0x60,2,2,0x00,0x02,0x60,0x600200,0x02,0x60,0x6002,0x7F,0x84,0x10,0x10,0xD2,0x50000,0x056002,9,0x0C9D8,1,1,
4.139138,182536,0x0101A9,0x00BD,0xBD,7,cur_high,0x60,0,0,0x00,0x02,0x60,0x600200,0x02,0x60,0x6002,0x7F,0x84,0x10,0x10,0xD2,0x50000,0x056002,9,0x0C9D8,1,1,current_pair_complete
4.139161,182537,0x0101AE,0x00BE,0xBE,7,ctrl,0xD2,0,0,0x00,0x02,0x60,0x600200,0x02,0x60,0x6002,0x7F,0x84,0x10,0x10,0xD2,0x50000,0x056002,9,0x0C9D8,1,1,retrigger_commit
4.236735,186840,0x010205,0x0008,0x08,1,cur_low,0x84,0,0,0x84,0x2F,0x30,0x302F84,0x2F,0x30,0x302F,0x3A,0x84,0x07,0x07,0xC6,0x40000,0x04302F,2,0x02238,1,1,
4.236735,186840,0x010209,0x000A,0x0A,1,vol_l,0x10,1,1,0x84,0x2F,0x30,0x302F84,0x2F,0x30,0x302F,0x3A,0x84,0x10,0x07,0xC6,0x40000,0x04302F,2,0x02238,1,1,
4.236735,186840,0x01020D,0x000B,0x0B,1,vol_r,0x10,2,2,0x84,0x2F,0x30,0x302F84,0x2F,0x30,0x302F,0x3A,0x84,0x10,0x10,0xC6,0x40000,0x04302F,2,0x02238,1,1,
4.236757,186841,0x010212,0x000C,0x0C,1,loop_mid,0x2F,0,0,0x84,0x2F,0x30,0x302F84,0x2F,0x30,0x302F,0x3A,0x84,0x10,0x10,0xC6,0x40000,0x04302F,2,0x02238,1,1,
4.236757,186841,0x010216,0x008C,0x8C,1,cur_mid,0x2F,1,1,0x84,0x2F,0x30,0x302F84,0x2F,0x30,0x302F,0x3A,0x84,0x10,0x10,0xC6,0x40000,0x04302F,2,0x02238,1,1,current_low_write
4.236757,186841,0x01021A,0x000D,0x0D,1,loop_high,0x30,2,2,0x84,0x2F,0x30,0x302F84,0x2F,0x30,0x302F,0x3A,0x84,0x10,0x10,0xC6,0x40000,0x04302F,2,0x02238,1,1,
4.236780,186842,0x01021F,0x008D,0x8D,1,cur_high,0x30,0,0,0x84,0x2F,0x30,0x302F84,0x2F,0x30,0x302F,0x3A,0x84,0x10,0x10,0xC6,0x40000,0x04302F,2,0x02238,1,1,current_pair_complete
4.236803,186843,0x010224,0x008E,0x8E,1,ctrl,0xC6,0,0,0x84,0x2F,0x30,0x302F84,0x2F,0x30,0x302F,0x3A,0x84,0x10,0x10,0xC6,0x40000,0x04302F,2,0x02238,1,1,retrigger_commit
4.237188,186860,0x01022A,0x004C,0x4C,9,loop_mid,0x1D,0,0,0x00,0x1D,0x0C,0x0C1D00,0x1D,0x0C,0x0C1D,0x1B,0x78,0x3F,0x3F,0xC2,0x40000,0x040C1D,0,0x00000,1,1,
4.237188,186860,0x01022E,0x00CC,0xCC,9,cur_mid,0x1D,1,1,0x00,0x1D,0x0C,0x0C1D00,0x1D,0x0C,0x0C1D,0x1B,0x78,0x3F,0x3F,0xC2,0x40000,0x040C1D,0,0x00000,1,1,current_low_write
4.237188,186860,0x010232,0x004D,0x4D,9,loop_high,0x0C,2,2,0x00,0x1D,0x0C,0x0C1D00,0x1D,0x0C,0x0C1D,0x1B,0x78,0x3F,0x3F,0xC2,0x40000,0x040C1D,0,0x00000,1,1,
4.237211,186861,0x010237,0x00CD,0xCD,9,cur_high,0x0C,0,0,0x00,0x1D,0x0C,0x0C1D00,0x1D,0x0C,0x0C1D,0x1B,0x78,0x3F,0x3F,0xC2,0x40000,0x040C1D,0,0x00000,1,1,current_pair_complete
4.237234,186862,0x01023C,0x00CE,0xCE,9,ctrl,0xC2,0,0,0x00,0x1D,0x0C,0x0C1D00,0x1D,0x0C,0x0C1D,0x1B,0x78,0x3F,0x3F,0xC2,0x40000,0x040C1D,0,0x00000,1,1,retrigger_commit
4.251043,187471,0x010243,0x005A,0x5A,11,vol_l,0x20,0,0,0x00,0xAB,0x29,0x29AB00,0xAB,0x29,0x29AB,0x2E,0x84,0x20,0x38,0xC2,0x40000,0x0429AB,1,0x01CE3,1,1,
4.251066,187472,0x010248,0x005B,0x5B,11,vol_r,0x20,0,0,0x00,0xAB,0x29,0x29AB00,0xAB,0x29,0x29AB,0x2E,0x84,0x20,0x20,0xC2,0x40000,0x0429AB,1,0x01CE3,1,1,
4.251066,187472,0x01024C,0x005C,0x5C,11,loop_mid,0x7C,1,1,0x00,0xAB,0x29,0x29AB00,0x7C,0x29,0x297C,0x2E,0x84,0x20,0x20,0xC2,0x40000,0x0429AB,1,0x01CE3,1,1,
4.251066,187472,0x010250,0x00DC,0xDC,11,cur_mid,0x7C,2,2,0x00,0x7C,0x29,0x297C00,0x7C,0x29,0x297C,0x2E,0x84,0x20,0x20,0xC2,0x40000,0x04297C,,,1,1,current_low_write
4.251088,187473,0x010255,0x005D,0x5D,11,loop_high,0x43,0,0,0x00,0x7C,0x29,0x297C00,0x7C,0x43,0x437C,0x2E,0x84,0x20,0x20,0xC2,0x40000,0x04297C,,,1,1,
4.251088,187473,0x010259,0x00DD,0xDD,11,cur_high,0x43,1,1,0x00,0x7C,0x43,0x437C00,0x7C,0x43,0x437C,0x2E,0x84,0x20,0x20,0xC2,0x40000,0x04437C,3,0x0349F,1,1,current_pair_complete
4.251088,187473,0x01025D,0x005E,0x5E,11,end,0x48,2,2,0x00,0x7C,0x43,0x437C00,0x7C,0x43,0x437C,0x48,0x84,0x20,0x20,0xC2,0x40000,0x04437C,3,0x0349F,1,1,
4.251111,187474,0x010262,0x00DE,0xDE,11,ctrl,0xD2,0,0,0x00,0x7C,0x43,0x437C00,0x7C,0x43,0x437C,0x48,0x84,0x20,0x20,0xD2,0x50000,0x05437C,7,0x0B222,1,1,retrigger_commit
4.330816,190989,0x010269,0x000A,0x0A,1,vol_l,0x07,0,0,0x84,0x2F,0x30,0x302F84,0x2F,0x30,0x302F,0x3A,0x84,0x07,0x10,0xC6,0x40000,0x04302F,2,0x02238,1,1,
4.330816,190989,0x01026D,0x000B,0x0B,1,vol_r,0x07,1,1,0x84,0x2F,0x30,0x302F84,0x2F,0x30,0x302F,0x3A,0x84,0x07,0x07,0xC6,0x40000,0x04302F,2,0x02238,1,1,
4.330839,190990,0x010272,0x000C,0x0C,1,loop_mid,0x2F,0,0,0x84,0x2F,0x30,0x302F84,0x2F,0x30,0x302F,0x3A,0x84,0x07,0x07,0xC6,0x40000,0x04302F,2,0x02238,1,1,
4.330839,190990,0x010276,0x008C,0x8C,1,cur_mid,0x2F,1,1,0x84,0x2F,0x30,0x302F84,0x2F,0x30,0x302F,0x3A,0x84,0x07,0x07,0xC6,0x40000,0x04302F,2,0x02238,1,1,current_low_write
4.330839,190990,0x01027A,0x000D,0x0D,1,loop_high,0x30,2,2,0x84,0x2F,0x30,0x302F84,0x2F,0x30,0x302F,0x3A,0x84,0x07,0x07,0xC6,0x40000,0x04302F,2,0x02238,1,1,
4.330839,190990,0x01027E,0x008D,0x8D,1,cur_high,0x30,3,3,0x84,0x2F,0x30,0x302F84,0x2F,0x30,0x302F,0x3A,0x84,0x07,0x07,0xC6,0x40000,0x04302F,2,0x02238,1,1,current_pair_complete
4.330884,190992,0x010283,0x008E,0x8E,1,ctrl,0xC6,0,0,0x84,0x2F,0x30,0x302F84,0x2F,0x30,0x302F,0x3A,0x84,0x07,0x07,0xC6,0x40000,0x04302F,2,0x02238,1,1,retrigger_commit
4.331429,191016,0x010289,0x002C,0x2C,5,loop_mid,0x02,0,0,0x00,0x02,0x60,0x600200,0x02,0x60,0x6002,0x7F,0x84,0x10,0x10,0xD2,0x50000,0x056002,9,0x0C9D8,1,1,
4.331451,191017,0x01028E,0x00AC,0xAC,5,cur_mid,0x02,0,0,0x00,0x02,0x60,0x600200,0x02,0x60,0x6002,0x7F,0x84,0x10,0x10,0xD2,0x50000,0x056002,9,0x0C9D8,1,1,current_low_write
4.331451,191017,0x010292,0x002D,0x2D,5,loop_high,0x60,1,1,0x00,0x02,0x60,0x600200,0x02,0x60,0x6002,0x7F,0x84,0x10,0x10,0xD2,0x50000,0x056002,9,0x0C9D8,1,1,
4.331451,191017,0x010296,0x00AD,0xAD,5,cur_high,0x60,2,2,0x00,0x02,0x60,0x600200,0x02,0x60,0x6002,0x7F,0x84,0x10,0x10,0xD2,0x50000,0x056002,9,0x0C9D8,1,1,current_pair_complete
4.331474,191018,0x01029B,0x00AE,0xAE,5,ctrl,0xD2,0,0,0x00,0x02,0x60,0x600200,0x02,0x60,0x6002,0x7F,0x84,0x10,0x10,0xD2,0x50000,0x056002,9,0x0C9D8,1,1,retrigger_commit
4.428231,195285,0x010304,0x005A,0x5A,11,vol_l,0x38,0,0,0x00,0x7C,0x43,0x437C00,0x7C,0x43,0x437C,0x48,0x84,0x38,0x20,0xD2,0x50000,0x05437C,7,0x0B222,1,1,
4.428231,195285,0x010308,0x005B,0x5B,11,vol_r,0x38,1,1,0x00,0x7C,0x43,0x437C00,0x7C,0x43,0x437C,0x48,0x84,0x38,0x38,0xD2,0x50000,0x05437C,7,0x0B222,1,1,
4.428254,195286,0x01030D,0x005C,0x5C,11,loop_mid,0xAB,0,0,0x00,0x7C,0x43,0x437C00,0xAB,0x43,0x43AB,0x48,0x84,0x38,0x38,0xD2,0x50000,0x05437C,7,0x0B222,1,1,
4.428254,195286,0x010311,0x00DC,0xDC,11,cur_mid,0xAB,1,1,0x00,0xAB,0x43,0x43AB00,0xAB,0x43,0x43AB,0x48,0x84,0x38,0x38,0xD2,0x50000,0x0543AB,7,0x0B251,1,1,current_low_write
4.428254,195286,0x010315,0x005D,0x5D,11,loop_high,0x29,2,2,0x00,0xAB,0x43,0x43AB00,0xAB,0x29,0x29AB,0x48,0x84,0x38,0x38,0xD2,0x50000,0x0543AB,7,0x0B251,1,1,
4.428254,195286,0x010319,0x00DD,0xDD,11,cur_high,0x29,3,3,0x00,0xAB,0x29,0x29AB00,0xAB,0x29,0x29AB,0x48,0x84,0x38,0x38,0xD2,0x50000,0x0529AB,6,0x098CD,1,1,current_pair_complete
4.428277,195287,0x01031E,0x005E,0x5E,11,end,0x2E,0,0,0x00,0xAB,0x29,0x29AB00,0xAB,0x29,0x29AB,0x2E,0x84,0x38,0x38,0xD2,0x50000,0x0529AB,6,0x098CD,1,1,
4.428299,195288,0x010323,0x00DE,0xDE,11,ctrl,0xC2,0,0,0x00,0xAB,0x29,0x29AB00,0xAB,0x29,0x29AB,0x2E,0x84,0x38,0x38,0xC2,0x40000,0x0429AB,1,0x01CE3,1,1,retrigger_commit
4.522834,199457,0x01032A,0x0008,0x08,1,cur_low,0x80,0,0,0x80,0x2F,0x30,0x302F80,0x2F,0x30,0x302F,0x3A,0x84,0x07,0x07,0xC6,0x40000,0x04302F,2,0x02238,1,1,
4.522857,199458,0x01032F,0x000C,0x0C,1,loop_mid,0x2F,0,0,0x80,0x2F,0x30,0x302F80,0x2F,0x30,0x302F,0x3A,0x84,0x07,0x07,0xC6,0x40000,0x04302F,2,0x02238,1,1,
4.522857,199458,0x010333,0x008C,0x8C,1,cur_mid,0x2F,1,1,0x80,0x2F,0x30,0x302F80,0x2F,0x30,0x302F,0x3A,0x84,0x07,0x07,0xC6,0x40000,0x04302F,2,0x02238,1,1,current_low_write
4.522880,199459,0x010338,0x000D,0x0D,1,loop_high,0x30,0,0,0x80,0x2F,0x30,0x302F80,0x2F,0x30,0x302F,0x3A,0x84,0x07,0x07,0xC6,0x40000,0x04302F,2,0x02238,1,1,
4.522880,199459,0x01033C,0x008D,0x8D,1,cur_high,0x30,1,1,0x80,0x2F,0x30,0x302F80,0x2F,0x30,0x302F,0x3A,0x84,0x07,0x07,0xC6,0x40000,0x04302F,2,0x02238,1,1,current_pair_complete
4.522902,199460,0x010341,0x008E,0x8E,1,ctrl,0xC6,0,0,0x80,0x2F,0x30,0x302F80,0x2F,0x30,0x302F,0x3A,0x84,0x07,0x07,0xC6,0x40000,0x04302F,2,0x02238,1,1,retrigger_commit
4.523379,199481,0x010347,0x001C,0x1C,3,loop_mid,0x02,0,0,0x00,0x02,0x60,0x600200,0x02,0x60,0x6002,0x7F,0x84,0x10,0x10,0xD2,0x50000,0x056002,9,0x0C9D8,1,1,
4.523379,199481,0x01034B,0x009C,0x9C,3,cur_mid,0x02,1,1,0x00,0x02,0x60,0x600200,0x02,0x60,0x6002,0x7F,0x84,0x10,0x10,0xD2,0x50000,0x056002,9,0x0C9D8,1,1,current_low_write
4.523401,199482,0x010350,0x001D,0x1D,3,loop_high,0x60,0,0,0x00,0x02,0x60,0x600200,0x02,0x60,0x6002,0x7F,0x84,0x10,0x10,0xD2,0x50000,0x056002,9,0x0C9D8,1,1,
4.523401,199482,0x010354,0x009D,0x9D,3,cur_high,0x60,1,1,0x00,0x02,0x60,0x600200,0x02,0x60,0x6002,0x7F,0x84,0x10,0x10,0xD2,0x50000,0x056002,9,0x0C9D8,1,1,current_pair_complete
4.523424,199483,0x010359,0x009E,0x9E,3,ctrl,0xD2,0,0,0x00,0x02,0x60,0x600200,0x02,0x60,0x6002,0x7F,0x84,0x10,0x10,0xD2,0x50000,0x056002,9,0x0C9D8,1,1,retrigger_commit
4.619955,203740,0x010392,0x0008,0x08,1,cur_low,0x84,0,0,0x84,0x2F,0x30,0x302F84,0x2F,0x30,0x302F,0x3A,0x84,0x07,0x07,0xC6,0x40000,0x04302F,2,0x02238,1,1,
4.619977,203741,0x010397,0x000A,0x0A,1,vol_l,0x10,0,0,0x84,0x2F,0x30,0x302F84,0x2F,0x30,0x302F,0x3A,0x84,0x10,0x07,0xC6,0x40000,0x04302F,2,0x02238,1,1,
4.619977,203741,0x01039B,0x000B,0x0B,1,vol_r,0x10,1,1,0x84,0x2F,0x30,0x302F84,0x2F,0x30,0x302F,0x3A,0x84,0x10,0x10,0xC6,0x40000,0x04302F,2,0x02238,1,1,
4.620000,203742,0x0103A0,0x000C,0x0C,1,loop_mid,0x2F,0,0,0x84,0x2F,0x30,0x302F84,0x2F,0x30,0x302F,0x3A,0x84,0x10,0x10,0xC6,0x40000,0x04302F,2,0x02238,1,1,
4.620000,203742,0x0103A4,0x008C,0x8C,1,cur_mid,0x2F,1,1,0x84,0x2F,0x30,0x302F84,0x2F,0x30,0x302F,0x3A,0x84,0x10,0x10,0xC6,0x40000,0x04302F,2,0x02238,1,1,current_low_write
4.620000,203742,0x0103A8,0x000D,0x0D,1,loop_high,0x30,2,2,0x84,0x2F,0x30,0x302F84,0x2F,0x30,0x302F,0x3A,0x84,0x10,0x10,0xC6,0x40000,0x04302F,2,0x02238,1,1,
4.620000,203742,0x0103AC,0x008D,0x8D,1,cur_high,0x30,3,3,0x84,0x2F,0x30,0x302F84,0x2F,0x30,0x302F,0x3A,0x84,0x10,0x10,0xC6,0x40000,0x04302F,2,0x02238,1,1,current_pair_complete
4.620045,203744,0x0103B1,0x008E,0x8E,1,ctrl,0xC6,0,0,0x84,0x2F,0x30,0x302F84,0x2F,0x30,0x302F,0x3A,0x84,0x10,0x10,0xC6,0x40000,0x04302F,2,0x02238,1,1,retrigger_commit
4.620907,203782,0x0103B8,0x004C,0x4C,9,loop_mid,0x1D,0,0,0x00,0x1D,0x0C,0x0C1D00,0x1D,0x0C,0x0C1D,0x1B,0x78,0x3F,0x3F,0xC2,0x40000,0x040C1D,0,0x00000,1,1,
4.620907,203782,0x0103BC,0x00CC,0xCC,9,cur_mid,0x1D,1,1,0x00,0x1D,0x0C,0x0C1D00,0x1D,0x0C,0x0C1D,0x1B,0x78,0x3F,0x3F,0xC2,0x40000,0x040C1D,0,0x00000,1,1,current_low_write
4.620907,203782,0x0103C0,0x004D,0x4D,9,loop_high,0x0C,2,2,0x00,0x1D,0x0C,0x0C1D00,0x1D,0x0C,0x0C1D,0x1B,0x78,0x3F,0x3F,0xC2,0x40000,0x040C1D,0,0x00000,1,1,
4.620930,203783,0x0103C5,0x00CD,0xCD,9,cur_high,0x0C,0,0,0x00,0x1D,0x0C,0x0C1D00,0x1D,0x0C,0x0C1D,0x1B,0x78,0x3F,0x3F,0xC2,0x40000,0x040C1D,0,0x00000,1,1,current_pair_complete
4.620952,203784,0x0103CA,0x00CE,0xCE,9,ctrl,0xC2,0,0,0x00,0x1D,0x0C,0x0C1D00,0x1D,0x0C,0x0C1D,0x1B,0x78,0x3F,0x3F,0xC2,0x40000,0x040C1D,0,0x00000,1,1,retrigger_commit
4.635034,204405,0x0103D1,0x005A,0x5A,11,vol_l,0x20,0,0,0x00,0xAB,0x29,0x29AB00,0xAB,0x29,0x29AB,0x2E,0x84,0x20,0x38,0xC2,0x40000,0x0429AB,1,0x01CE3,1,1,
4.635057,204406,0x0103D6,0x005B,0x5B,11,vol_r,0x20,0,0,0x00,0xAB,0x29,0x29AB00,0xAB,0x29,0x29AB,0x2E,0x84,0x20,0x20,0xC2,0x40000,0x0429AB,1,0x01CE3,1,1,
4.635057,204406,0x0103DA,0x005C,0x5C,11,loop_mid,0x7C,1,1,0x00,0xAB,0x29,0x29AB00,0x7C,0x29,0x297C,0x2E,0x84,0x20,0x20,0xC2,0x40000,0x0429AB,1,0x01CE3,1,1,
4.635057,204406,0x0103DE,0x00DC,0xDC,11,cur_mid,0x7C,2,2,0x00,0x7C,0x29,0x297C00,0x7C,0x29,0x297C,0x2E,0x84,0x20,0x20,0xC2,0x40000,0x04297C,,,1,1,current_low_write
4.635079,204407,0x0103E3,0x005D,0x5D,11,loop_high,0x43,0,0,0x00,0x7C,0x29,0x297C00,0x7C,0x43,0x437C,0x2E,0x84,0x20,0x20,0xC2,0x40000,0x04297C,,,1,1,
4.635079,204407,0x0103E7,0x00DD,0xDD,11,cur_high,0x43,1,1,0x00,0x7C,0x43,0x437C00,0x7C,0x43,0x437C,0x2E,0x84,0x20,0x20,0xC2,0x40000,0x04437C,3,0x0349F,1,1,current_pair_complete
4.635079,204407,0x0103EB,0x005E,0x5E,11,end,0x48,2,2,0x00,0x7C,0x43,0x437C00,0x7C,0x43,0x437C,0x48,0x84,0x20,0x20,0xC2,0x40000,0x04437C,3,0x0349F,1,1,
4.635102,204408,0x0103F0,0x00DE,0xDE,11,ctrl,0xD2,0,0,0x00,0x7C,0x43,0x437C00,0x7C,0x43,0x437C,0x48,0x84,0x20,0x20,0xD2,0x50000,0x05437C,7,0x0B222,1,1,retrigger_commit
4.714807,207923,0x0103F7,0x000A,0x0A,1,vol_l,0x07,0,0,0x84,0x2F,0x30,0x302F84,0x2F,0x30,0x302F,0x3A,0x84,0x07,0x10,0xC6,0x40000,0x04302F,2,0x02238,1,1,
4.714807,207923,0x0103FB,0x000B,0x0B,1,vol_r,0x07,1,1,0x84,0x2F,0x30,0x302F84,0x2F,0x30,0x302F,0x3A,0x84,0x07,0x07,0xC6,0x40000,0x04302F,2,0x02238,1,1,
4.714830,207924,0x010400,0x000C,0x0C,1,loop_mid,0x2F,0,0,0x84,0x2F,0x30,0x302F84,0x2F,0x30,0x302F,0x3A,0x84,0x07,0x07,0xC6,0x40000,0x04302F,2,0x02238,1,1,
4.714830,207924,0x010404,0x008C,0x8C,1,cur_mid,0x2F,1,1,0x84,0x2F,0x30,0x302F84,0x2F,0x30,0x302F,0x3A,0x84,0x07,0x07,0xC6,0x40000,0x04302F,2,0x02238,1,1,current_low_write
4.714830,207924,0x010408,0x000D,0x0D,1,loop_high,0x30,2,2,0x84,0x2F,0x30,0x302F84,0x2F,0x30,0x302F,0x3A,0x84,0x07,0x07,0xC6,0x40000,0x04302F,2,0x02238,1,1,
4.714830,207924,0x01040C,0x008D,0x8D,1,cur_high,0x30,3,3,0x84,0x2F,0x30,0x302F84,0x2F,0x30,0x302F,0x3A,0x84,0x07,0x07,0xC6,0x40000,0x04302F,2,0x02238,1,1,current_pair_complete
4.714875,207926,0x010411,0x008E,0x8E,1,ctrl,0xC6,0,0,0x84,0x2F,0x30,0x302F84,0x2F,0x30,0x302F,0x3A,0x84,0x07,0x07,0xC6,0x40000,0x04302F,2,0x02238,1,1,retrigger_commit
4.715442,207951,0x010417,0x003C,0x3C,7,loop_mid,0x02,0,0,0x00,0x02,0x60,0x600200,0x02,0x60,0x6002,0x7F,0x84,0x10,0x10,0xD2,0x50000,0x056002,9,0x0C9D8,1,1,
4.715442,207951,0x01041B,0x00BC,0xBC,7,cur_mid,0x02,1,1,0x00,0x02,0x60,0x600200,0x02,0x60,0x6002,0x7F,0x84,0x10,0x10,0xD2,0x50000,0x056002,9,0x0C9D8,1,1,current_low_write
4.715442,207951,0x01041F,0x003D,0x3D,7,loop_high,0x60,2,2,0x00,0x02,0x60,0x600200,0x02,0x60,0x6002,0x7F,0x84,0x10,0x10,0xD2,0x50000,0x056002,9,0x0C9D8,1,1,
4.715465,207952,0x010424,0x00BD,0xBD,7,cur_high,0x60,0,0,0x00,0x02,0x60,0x600200,0x02,0x60,0x6002,0x7F,0x84,0x10,0x10,0xD2,0x50000,0x056002,9,0x0C9D8,1,1,current_pair_complete
4.715488,207953,0x010429,0x00BE,0xBE,7,ctrl,0xD2,0,0,0x00,0x02,0x60,0x600200,0x02,0x60,0x6002,0x7F,0x84,0x10,0x10,0xD2,0x50000,0x056002,9,0x0C9D8,1,1,retrigger_commit
4.811542,212189,0x010460,0x000A,0x0A,1,vol_l,0x10,0,0,0x84,0x2F,0x30,0x302F84,0x2F,0x30,0x302F,0x3A,0x84,0x10,0x07,0xC6,0x40000,0x04302F,2,0x02238,1,1,
4.811542,212189,0x010464,0x000B,0x0B,1,vol_r,0x10,1,1,0x84,0x2F,0x30,0x302F84,0x2F,0x30,0x302F,0x3A,0x84,0x10,0x10,0xC6,0x40000,0x04302F,2,0x02238,1,1,
4.811565,212190,0x010469,0x000C,0x0C,1,loop_mid,0x2F,0,0,0x84,0x2F,0x30,0x302F84,0x2F,0x30,0x302F,0x3A,0x84,0x10,0x10,0xC6,0x40000,0x04302F,2,0x02238,1,1,
4.811565,212190,0x01046D,0x008C,0x8C,1,cur_mid,0x2F,1,1,0x84,0x2F,0x30,0x302F84,0x2F,0x30,0x302F,0x3A,0x84,0x10,0x10,0xC6,0x40000,0x04302F,2,0x02238,1,1,current_low_write
4.811565,212190,0x010471,0x000D,0x0D,1,loop_high,0x30,2,2,0x84,0x2F,0x30,0x302F84,0x2F,0x30,0x302F,0x3A,0x84,0x10,0x10,0xC6,0x40000,0x04302F,2,0x02238,1,1,
4.811587,212191,0x010476,0x008D,0x8D,1,cur_high,0x30,0,0,0x84,0x2F,0x30,0x302F84,0x2F,0x30,0x302F,0x3A,0x84,0x10,0x10,0xC6,0x40000,0x04302F,2,0x02238,1,1,current_pair_complete
4.811610,212192,0x01047B,0x008E,0x8E,1,ctrl,0xC6,0,0,0x84,0x2F,0x30,0x302F84,0x2F,0x30,0x302F,0x3A,0x84,0x10,0x10,0xC6,0x40000,0x04302F,2,0x02238,1,1,retrigger_commit
4.811927,212206,0x010480,0x005A,0x5A,11,vol_l,0x38,0,0,0x00,0x7C,0x43,0x437C00,0x7C,0x43,0x437C,0x48,0x84,0x38,0x20,0xD2,0x50000,0x05437C,7,0x0B222,1,1,
4.811927,212206,0x010484,0x005B,0x5B,11,vol_r,0x38,1,1,0x00,0x7C,0x43,0x437C00,0x7C,0x43,0x437C,0x48,0x84,0x38,0x38,0xD2,0x50000,0x05437C,7,0x0B222,1,1,
4.811950,212207,0x010489,0x005C,0x5C,11,loop_mid,0xAB,0,0,0x00,0x7C,0x43,0x437C00,0xAB,0x43,0x43AB,0x48,0x84,0x38,0x38,0xD2,0x50000,0x05437C,7,0x0B222,1,1,
4.811950,212207,0x01048D,0x00DC,0xDC,11,cur_mid,0xAB,1,1,0x00,0xAB,0x43,0x43AB00,0xAB,0x43,0x43AB,0x48,0x84,0x38,0x38,0xD2,0x50000,0x0543AB,7,0x0B251,1,1,current_low_write
4.811950,212207,0x010491,0x005D,0x5D,11,loop_high,0x29,2,2,0x00,0xAB,0x43,0x43AB00,0xAB,0x29,0x29AB,0x48,0x84,0x38,0x38,0xD2,0x50000,0x0543AB,7,0x0B251,1,1,
4.811950,212207,0x010495,0x00DD,0xDD,11,cur_high,0x29,3,3,0x00,0xAB,0x29,0x29AB00,0xAB,0x29,0x29AB,0x48,0x84,0x38,0x38,0xD2,0x50000,0x0529AB,6,0x098CD,1,1,current_pair_complete
4.811973,212208,0x01049A,0x005E,0x5E,11,end,0x2E,0,0,0x00,0xAB,0x29,0x29AB00,0xAB,0x29,0x29AB,0x2E,0x84,0x38,0x38,0xD2,0x50000,0x0529AB,6,0x098CD,1,1,
4.811995,212209,0x01049F,0x00DE,0xDE,11,ctrl,0xC2,0,0,0x00,0xAB,0x29,0x29AB00,0xAB,0x29,0x29AB,0x2E,0x84,0x38,0x38,0xC2,0x40000,0x0429AB,1,0x01CE3,1,1,retrigger_commit
4.812449,212229,0x0104A5,0x0008,0x08,1,cur_low,0x00,0,0,0x00,0x2F,0x30,0x302F00,0x2F,0x30,0x302F,0x3A,0x84,0x10,0x10,0xC6,0x40000,0x04302F,2,0x02238,1,1,
4.812472,212230,0x0104AA,0x000C,0x0C,1,loop_mid,0x02,0,0,0x00,0x2F,0x30,0x302F00,0x02,0x30,0x3002,0x3A,0x84,0x10,0x10,0xC6,0x40000,0x04302F,2,0x02238,1,1,
4.812472,212230,0x0104AE,0x008C,0x8C,1,cur_mid,0x02,1,1,0x00,0x02,0x30,0x300200,0x02,0x30,0x3002,0x3A,0x84,0x10,0x10,0xC6,0x40000,0x043002,,,1,1,current_low_write
4.812472,212230,0x0104B2,0x000D,0x0D,1,loop_high,0x60,2,2,0x00,0x02,0x30,0x300200,0x02,0x60,0x6002,0x3A,0x84,0x10,0x10,0xC6,0x40000,0x043002,,,1,1,
4.812494,212231,0x0104B7,0x008D,0x8D,1,cur_high,0x60,0,0,0x00,0x02,0x60,0x600200,0x02,0x60,0x6002,0x3A,0x84,0x10,0x10,0xC6,0x40000,0x046002,3,0x05125,1,1,current_pair_complete
4.812494,212231,0x0104BB,0x000E,0x0E,1,end,0x7F,1,1,0x00,0x02,0x60,0x600200,0x02,0x60,0x6002,0x7F,0x84,0x10,0x10,0xC6,0x40000,0x046002,3,0x05125,1,1,
4.812517,212232,0x0104C0,0x008E,0x8E,1,ctrl,0xD2,0,0,0x00,0x02,0x60,0x600200,0x02,0x60,0x6002,0x7F,0x84,0x10,0x10,0xD2,0x50000,0x056002,9,0x0C9D8,1,1,retrigger_commit
4.906916,216395,0x0104C7,0x0028,0x28,5,cur_low,0x80,0,0,0x80,0x02,0x60,0x600280,0x02,0x60,0x6002,0x7F,0x84,0x10,0x10,0xD2,0x50000,0x056002,9,0x0C9D8,1,1,
4.906916,216395,0x0104CB,0x002A,0x2A,5,vol_l,0x07,1,1,0x80,0x02,0x60,0x600280,0x02,0x60,0x6002,0x7F,0x84,0x07,0x10,0xD2,0x50000,0x056002,9,0x0C9D8,1,1,
4.906939,216396,0x0104D0,0x002B,0x2B,5,vol_r,0x07,0,0,0x80,0x02,0x60,0x600280,0x02,0x60,0x6002,0x7F,0x84,0x07,0x07,0xD2,0x50000,0x056002,9,0x0C9D8,1,1,
4.906939,216396,0x0104D4,0x002C,0x2C,5,loop_mid,0x2F,1,1,0x80,0x02,0x60,0x600280,0x2F,0x60,0x602F,0x7F,0x84,0x07,0x07,0xD2,0x50000,0x056002,9,0x0C9D8,1,1,
4.906939,216396,0x0104D8,0x00AC,0xAC,5,cur_mid,0x2F,2,2,0x80,0x2F,0x60,0x602F80,0x2F,0x60,0x602F,0x7F,0x84,0x07,0x07,0xD2,0x50000,0x05602F,9,0x0CA05,1,1,current_low_write
4.906961,216397,0x0104DD,0x002D,0x2D,5,loop_high,0x30,0,0,0x80,0x2F,0x60,0x602F80,0x2F,0x30,0x302F,0x7F,0x84,0x07,0x07,0xD2,0x50000,0x05602F,9,0x0CA05,1,1,
4.906961,216397,0x0104E1,0x00AD,0xAD,5,cur_high,0x30,1,1,0x80,0x2F,0x30,0x302F80,0x2F,0x30,0x302F,0x7F,0x84,0x07,0x07,0xD2,0x50000,0x05302F,6,0x09F51,1,1,current_pair_complete
4.906961,216397,0x0104E5,0x002E,0x2E,5,end,0x3A,2,2,0x80,0x2F,0x30,0x302F80,0x2F,0x30,0x302F,0x3A,0x84,0x07,0x07,0xD2,0x50000,0x05302F,6,0x09F51,1,1,
4.906984,216398,0x0104EA,0x00AE,0xAE,5,ctrl,0xC6,0,0,0x80,0x2F,0x30,0x302F80,0x2F,0x30,0x302F,0x3A,0x84,0x07,0x07,0xC6,0x40000,0x04302F,2,0x02238,1,1,retrigger_commit
4.907483,216420,0x0104F0,0x004A,0x4A,9,vol_l,0x10,0,0,0x00,0x1D,0x0C,0x0C1D00,0x1D,0x0C,0x0C1D,0x1B,0x78,0x10,0x3F,0xC2,0x40000,0x040C1D,0,0x00000,1,1,
4.907483,216420,0x0104F4,0x004B,0x4B,9,vol_r,0x10,1,1,0x00,0x1D,0x0C,0x0C1D00,0x1D,0x0C,0x0C1D,0x1B,0x78,0x10,0x10,0xC2,0x40000,0x040C1D,0,0x00000,1,1,
4.907483,216420,0x0104F8,0x004C,0x4C,9,loop_mid,0x02,2,2,0x00,0x1D,0x0C,0x0C1D00,0x02,0x0C,0x0C02,0x1B,0x78,0x10,0x10,0xC2,0x40000,0x040C1D,0,0x00000,1,1,
4.907506,216421,0x0104FD,0x00CC,0xCC,9,cur_mid,0x02,0,0,0x00,0x02,0x0C,0x0C0200,0x02,0x0C,0x0C02,0x1B,0x78,0x10,0x10,0xC2,0x40000,0x040C02,,,1,1,current_low_write
4.907506,216421,0x010501,0x004D,0x4D,9,loop_high,0x60,1,1,0x00,0x02,0x0C,0x0C0200,0x02,0x60,0x6002,0x1B,0x78,0x10,0x10,0xC2,0x40000,0x040C02,,,1,1,
4.907506,216421,0x010505,0x00CD,0xCD,9,cur_high,0x60,2,2,0x00,0x02,0x60,0x600200,0x02,0x60,0x6002,0x1B,0x78,0x10,0x10,0xC2,0x40000,0x046002,3,0x05125,1,1,current_pair_complete
4.907528,216422,0x01050A,0x004E,0x4E,9,end,0x7F,0,0,0x00,0x02,0x60,0x600200,0x02,0x60,0x6002,0x7F,0x78,0x10,0x10,0xC2,0x40000,0x046002,3,0x05125,1,1,
4.907528,216422,0x01050E,0x004F,0x4F,9,delta,0x84,1,1,0x00,0x02,0x60,0x600200,0x02,0x60,0x6002,0x7F,0x84,0x10,0x10,0xC2,0x40000,0x046002,3,0x05125,1,1,
4.907528,216422,0x010512,0x00CE,0xCE,9,ctrl,0xD2,2,2,0x00,0x02,0x60,0x600200,0x02,0x60,0x6002,0x7F,0x84,0x10,0x10,0xD2,0x50000,0x056002,9,0x0C9D8,1,1,retrigger_commit
5.004036,220678,0x010557,0x0028,0x28,5,cur_low,0x84,0,0,0x84,0x2F,0x30,0x302F84,0x2F,0x30,0x302F,0x3A,0x84,0x07,0x07,0xC6,0x40000,0x04302F,2,0x02238,1,1,
5.004059,220679,0x01055C,0x002A,0x2A,5,vol_l,0x10,0,0,0x84,0x2F,0x30,0x302F84,0x2F,0x30,0x302F,0x3A,0x84,0x10,0x07,0xC6,0x40000,0x04302F,2,0x02238,1,1,
5.004059,220679,0x010560,0x002B,0x2B,5,vol_r,0x10,1,1,0x84,0x2F,0x30,0x302F84,0x2F,0x30,0x302F,0x3A,0x84,0x10,0x10,0xC6,0x40000,0x04302F,2,0x02238,1,1,
5.004059,220679,0x010564,0x002C,0x2C,5,loop_mid,0x2F,2,2,0x84,0x2F,0x30,0x302F84,0x2F,0x30,0x302F,0x3A,0x84,0x10,0x10,0xC6,0x40000,0x04302F,2,0x02238,1,1,
5.004082,220680,0x010569,0x00AC,0xAC,5,cur_mid,0x2F,0,0,0x84,0x2F,0x30,0x302F84,0x2F,0x30,0x302F,0x3A,0x84,0x10,0x10,0xC6,0x40000,0x04302F,2,0x02238,1,1,current_low_write
5.004082,220680,0x01056D,0x002D,0x2D,5,loop_high,0x30,1,1,0x84,0x2F,0x30,0x302F84,0x2F,0x30,0x302F,0x3A,0x84,0x10,0x10,0xC6,0x40000,0x04302F,2,0x02238,1,1,
5.004082,220680,0x010571,0x00AD,0xAD,5,cur_high,0x30,2,2,0x84,0x2F,0x30,0x302F84,0x2F,0x30,0x302F,0x3A,0x84,0x10,0x10,0xC6,0x40000,0x04302F,2,0x02238,1,1,current_pair_complete
5.004104,220681,0x010576,0x00AE,0xAE,5,ctrl,0xC6,0,0,0x84,0x2F,0x30,0x302F84,0x2F,0x30,0x302F,0x3A,0x84,0x10,0x10,0xC6,0x40000,0x04302F,2,0x02238,1,1,retrigger_commit
5.004512,220699,0x01057C,0x005A,0x5A,11,vol_l,0x3F,0,0,0x00,0xAB,0x29,0x29AB00,0xAB,0x29,0x29AB,0x2E,0x84,0x3F,0x38,0xC2,0x40000,0x0429AB,1,0x01CE3,1,1,
5.004512,220699,0x010580,0x005B,0x5B,11,vol_r,0x3F,1,1,0x00,0xAB,0x29,0x29AB00,0xAB,0x29,0x29AB,0x2E,0x84,0x3F,0x3F,0xC2,0x40000,0x0429AB,1,0x01CE3,1,1,
5.004512,220699,0x010584,0x005C,0x5C,11,loop_mid,0x1D,2,2,0x00,0xAB,0x29,0x29AB00,0x1D,0x29,0x291D,0x2E,0x84,0x3F,0x3F,0xC2,0x40000,0x0429AB,1,0x01CE3,1,1,
5.004535,220700,0x010589,0x00DC,0xDC,11,cur_mid,0x1D,0,0,0x00,0x1D,0x29,0x291D00,0x1D,0x29,0x291D,0x2E,0x84,0x3F,0x3F,0xC2,0x40000,0x04291D,,,1,1,current_low_write
5.004535,220700,0x01058D,0x005D,0x5D,11,loop_high,0x0C,1,1,0x00,0x1D,0x29,0x291D00,0x1D,0x0C,0x0C1D,0x2E,0x84,0x3F,0x3F,0xC2,0x40000,0x04291D,,,1,1,
5.004535,220700,0x010591,0x00DD,0xDD,11,cur_high,0x0C,2,2,0x00,0x1D,0x0C,0x0C1D00,0x1D,0x0C,0x0C1D,0x2E,0x84,0x3F,0x3F,0xC2,0x40000,0x040C1D,0,0x00000,1,1,current_pair_complete
5.004558,220701,0x010596,0x005E,0x5E,11,end,0x1B,0,0,0x00,0x1D,0x0C,0x0C1D00,0x1D,0x0C,0x0C1D,0x1B,0x84,0x3F,0x3F,0xC2,0x40000,0x040C1D,0,0x00000,1,1,
5.004558,220701,0x01059A,0x005F,0x5F,11,delta,0x78,1,1,0x00,0x1D,0x0C,0x0C1D00,0x1D,0x0C,0x0C1D,0x1B,0x78,0x3F,0x3F,0xC2,0x40000,0x040C1D,0,0x00000,1,1,
5.004558,220701,0x01059E,0x00DE,0xDE,11,ctrl,0xC2,2,2,0x00,0x1D,0x0C,0x0C1D00,0x1D,0x0C,0x0C1D,0x1B,0x78,0x3F,0x3F,0xC2,0x40000,0x040C1D,0,0x00000,1,1,retrigger_commit
5.019048,221340,0x0105A5,0x000A,0x0A,1,vol_l,0x20,0,0,0x00,0x02,0x60,0x600200,0x02,0x60,0x6002,0x7F,0x84,0x20,0x10,0xD2,0x50000,0x056002,9,0x0C9D8,1,1,
5.019048,221340,0x0105A9,0x000B,0x0B,1,vol_r,0x20,1,1,0x00,0x02,0x60,0x600200,0x02,0x60,0x6002,0x7F,0x84,0x20,0x20,0xD2,0x50000,0x056002,9,0x0C9D8,1,1,
5.019070,221341,0x0105AE,0x000C,0x0C,1,loop_mid,0x7C,0,0,0x00,0x02,0x60,0x600200,0x7C,0x60,0x607C,0x7F,0x84,0x20,0x20,0xD2,0x50000,0x056002,9,0x0C9D8,1,1,
5.019070,221341,0x0105B2,0x008C,0x8C,1,cur_mid,0x7C,1,1,0x00,0x7C,0x60,0x607C00,0x7C,0x60,0x607C,0x7F,0x84,0x20,0x20,0xD2,0x50000,0x05607C,9,0x0CA52,1,1,current_low_write
5.019070,221341,0x0105B6,0x000D,0x0D,1,loop_high,0x43,2,2,0x00,0x7C,0x60,0x607C00,0x7C,0x43,0x437C,0x7F,0x84,0x20,0x20,0xD2,0x50000,0x05607C,9,0x0CA52,1,1,
5.019093,221342,0x0105BB,0x008D,0x8D,1,cur_high,0x43,0,0,0x00,0x7C,0x43,0x437C00,0x7C,0x43,0x437C,0x7F,0x84,0x20,0x20,0xD2,0x50000,0x05437C,7,0x0B222,1,1,current_pair_complete
5.019093,221342,0x0105BF,0x000E,0x0E,1,end,0x48,1,1,0x00,0x7C,0x43,0x437C00,0x7C,0x43,0x437C,0x48,0x84,0x20,0x20,0xD2,0x50000,0x05437C,7,0x0B222,1,1,
5.019116,221343,0x0105C4,0x008E,0x8E,1,ctrl,0xD2,0,0,0x00,0x7C,0x43,0x437C00,0x7C,0x43,0x437C,0x48,0x84,0x20,0x20,0xD2,0x50000,0x05437C,7,0x0B222,1,1,retrigger_commit
5.098821,224858,0x0105CB,0x002A,0x2A,5,vol_l,0x07,0,0,0x84,0x2F,0x30,0x302F84,0x2F,0x30,0x302F,0x3A,0x84,0x07,0x10,0xC6,0x40000,0x04302F,2,0x02238,1,1,
5.098844,224859,0x0105D0,0x002B,0x2B,5,vol_r,0x07,0,0,0x84,0x2F,0x30,0x302F84,0x2F,0x30,0x302F,0x3A,0x84,0x07,0x07,0xC6,0x40000,0x04302F,2,0x02238,1,1,
5.098844,224859,0x0105D4,0x002C,0x2C,5,loop_mid,0x2F,1,1,0x84,0x2F,0x30,0x302F84,0x2F,0x30,0x302F,0x3A,0x84,0x07,0x07,0xC6,0x40000,0x04302F,2,0x02238,1,1,
5.098844,224859,0x0105D8,0x00AC,0xAC,5,cur_mid,0x2F,2,2,0x84,0x2F,0x30,0x302F84,0x2F,0x30,0x302F,0x3A,0x84,0x07,0x07,0xC6,0x40000,0x04302F,2,0x02238,1,1,current_low_write
5.098866,224860,0x0105DD,0x002D,0x2D,5,loop_high,0x30,0,0,0x84,0x2F,0x30,0x302F84,0x2F,0x30,0x302F,0x3A,0x84,0x07,0x07,0xC6,0x40000,0x04302F,2,0x02238,1,1,
5.098866,224860,0x0105E1,0x00AD,0xAD,5,cur_high,0x30,1,1,0x84,0x2F,0x30,0x302F84,0x2F,0x30,0x302F,0x3A,0x84,0x07,0x07,0xC6,0x40000,0x04302F,2,0x02238,1,1,current_pair_complete
5.098889,224861,0x0105E6,0x00AE,0xAE,5,ctrl,0xC6,0,0,0x84,0x2F,0x30,0x302F84,0x2F,0x30,0x302F,0x3A,0x84,0x07,0x07,0xC6,0x40000,0x04302F,2,0x02238,1,1,retrigger_commit
5.099433,224885,0x0105EC,0x001C,0x1C,3,loop_mid,0x02,0,0,0x00,0x02,0x60,0x600200,0x02,0x60,0x6002,0x7F,0x84,0x10,0x10,0xD2,0x50000,0x056002,9,0x0C9D8,1,1,
5.099433,224885,0x0105F0,0x009C,0x9C,3,cur_mid,0x02,1,1,0x00,0x02,0x60,0x600200,0x02,0x60,0x6002,0x7F,0x84,0x10,0x10,0xD2,0x50000,0x056002,9,0x0C9D8,1,1,current_low_write
5.099433,224885,0x0105F4,0x001D,0x1D,3,loop_high,0x60,2,2,0x00,0x02,0x60,0x600200,0x02,0x60,0x6002,0x7F,0x84,0x10,0x10,0xD2,0x50000,0x056002,9,0x0C9D8,1,1,
5.099456,224886,0x0105F9,0x009D,0x9D,3,cur_high,0x60,0,0,0x00,0x02,0x60,0x600200,0x02,0x60,0x6002,0x7F,0x84,0x10,0x10,0xD2,0x50000,0x056002,9,0x0C9D8,1,1,current_pair_complete
5.099478,224887,0x0105FE,0x009E,0x9E,3,ctrl,0xD2,0,0,0x00,0x02,0x60,0x600200,0x02,0x60,0x6002,0x7F,0x84,0x10,0x10,0xD2,0x50000,0x056002,9,0x0C9D8,1,1,retrigger_commit
5.195578,229125,0x010639,0x002A,0x2A,5,vol_l,0x10,0,0,0x84,0x2F,0x30,0x302F84,0x2F,0x30,0x302F,0x3A,0x84,0x10,0x07,0xC6,0x40000,0x04302F,2,0x02238,1,1,
5.195578,229125,0x01063D,0x002B,0x2B,5,vol_r,0x10,1,1,0x84,0x2F,0x30,0x302F84,0x2F,0x30,0x302F,0x3A,0x84,0x10,0x10,0xC6,0x40000,0x04302F,2,0x02238,1,1,
5.195578,229125,0x010641,0x002C,0x2C,5,loop_mid,0x2F,2,2,0x84,0x2F,0x30,0x302F84,0x2F,0x30,0x302F,0x3A,0x84,0x10,0x10,0xC6,0x40000,0x04302F,2,0x02238,1,1,
5.195601,229126,0x010646,0x00AC,0xAC,5,cur_mid,0x2F,0,0,0x84,0x2F,0x30,0x302F84,0x2F,0x30,0x302F,0x3A,0x84,0x10,0x10,0xC6,0x40000,0x04302F,2,0x02238,1,1,current_low_write
5.195601,229126,0x01064A,0x002D,0x2D,5,loop_high,0x30,1,1,0x84,0x2F,0x30,0x302F84,0x2F,0x30,0x302F,0x3A,0x84,0x10,0x10,0xC6,0x40000,0x04302F,2,0x02238,1,1,
5.195601,229126,0x01064E,0x00AD,0xAD,5,cur_high,0x30,2,2,0x84,0x2F,0x30,0x302F84,0x2F,0x30,0x302F,0x3A,0x84,0x10,0x10,0xC6,0x40000,0x04302F,2,0x02238,1,1,current_pair_complete
5.195624,229127,0x010653,0x00AE,0xAE,5,ctrl,0xC6,0,0,0x84,0x2F,0x30,0x302F84,0x2F,0x30,0x302F,0x3A,0x84,0x10,0x10,0xC6,0x40000,0x04302F,2,0x02238,1,1,retrigger_commit
5.195896,229139,0x010658,0x000A,0x0A,1,vol_l,0x38,0,0,0x00,0x7C,0x43,0x437C00,0x7C,0x43,0x437C,0x48,0x84,0x38,0x20,0xD2,0x50000,0x05437C,7,0x0B222,1,1,
5.195896,229139,0x01065C,0x000B,0x0B,1,vol_r,0x38,1,1,0x00,0x7C,0x43,0x437C00,0x7C,0x43,0x437C,0x48,0x84,0x38,0x38,0xD2,0x50000,0x05437C,7,0x0B222,1,1,
5.195896,229139,0x010660,0x000C,0x0C,1,loop_mid,0xAB,2,2,0x00,0x7C,0x43,0x437C00,0xAB,0x43,0x43AB,0x48,0x84,0x38,0x38,0xD2,0x50000,0x05437C,7,0x0B222,1,1,
5.195918,229140,0x010665,0x008C,0x8C,1,cur_mid,0xAB,0,0,0x00,0xAB,0x43,0x43AB00,0xAB,0x43,0x43AB,0x48,0x84,0x38,0x38,0xD2,0x50000,0x0543AB,7,0x0B251,1,1,current_low_write
5.195918,229140,0x010669,0x000D,0x0D,1,loop_high,0x29,1,1,0x00,0xAB,0x43,0x43AB00,0xAB,0x29,0x29AB,0x48,0x84,0x38,0x38,0xD2,0x50000,0x0543AB,7,0x0B251,1,1,
5.195918,229140,0x01066D,0x008D,0x8D,1,cur_high,0x29,2,2,0x00,0xAB,0x29,0x29AB00,0xAB,0x29,0x29AB,0x48,0x84,0x38,0x38,0xD2,0x50000,0x0529AB,6,0x098CD,1,1,current_pair_complete
5.195941,229141,0x010672,0x000E,0x0E,1,end,0x2E,0,0,0x00,0xAB,0x29,0x29AB00,0xAB,0x29,0x29AB,0x2E,0x84,0x38,0x38,0xD2,0x50000,0x0529AB,6,0x098CD,1,1,
5.195941,229141,0x010676,0x008E,0x8E,1,ctrl,0xC2,1,1,0x00,0xAB,0x29,0x29AB00,0xAB,0x29,0x29AB,0x2E,0x84,0x38,0x38,0xC2,0x40000,0x0429AB,1,0x01CE3,1,1,retrigger_commit
5.196417,229162,0x01067C,0x000A,0x0A,1,vol_l,0x10,0,0,0x00,0xAB,0x29,0x29AB00,0xAB,0x29,0x29AB,0x2E,0x84,0x10,0x38,0xC2,0x40000,0x0429AB,1,0x01CE3,1,1,
5.196417,229162,0x010680,0x000B,0x0B,1,vol_r,0x10,1,1,0x00,0xAB,0x29,0x29AB00,0xAB,0x29,0x29AB,0x2E,0x84,0x10,0x10,0xC2,0x40000,0x0429AB,1,0x01CE3,1,1,
5.196440,229163,0x010685,0x000C,0x0C,1,loop_mid,0x02,0,0,0x00,0xAB,0x29,0x29AB00,0x02,0x29,0x2902,0x2E,0x84,0x10,0x10,0xC2,0x40000,0x0429AB,1,0x01CE3,1,1,
5.196440,229163,0x010689,0x008C,0x8C,1,cur_mid,0x02,1,1,0x00,0x02,0x29,0x290200,0x02,0x29,0x2902,0x2E,0x84,0x10,0x10,0xC2,0x40000,0x042902,,,1,1,current_low_write
5.196440,229163,0x01068D,0x000D,0x0D,1,loop_high,0x60,2,2,0x00,0x02,0x29,0x290200,0x02,0x60,0x6002,0x2E,0x84,0x10,0x10,0xC2,0x40000,0x042902,,,1,1,
5.196463,229164,0x010692,0x008D,0x8D,1,cur_high,0x60,0,0,0x00,0x02,0x60,0x600200,0x02,0x60,0x6002,0x2E,0x84,0x10,0x10,0xC2,0x40000,0x046002,3,0x05125,1,1,current_pair_complete
5.196463,229164,0x010696,0x000E,0x0E,1,end,0x7F,1,1,0x00,0x02,0x60,0x600200,0x02,0x60,0x6002,0x7F,0x84,0x10,0x10,0xC2,0x40000,0x046002,3,0x05125,1,1,
5.196485,229165,0x01069B,0x008E,0x8E,1,ctrl,0xD2,0,0,0x00,0x02,0x60,0x600200,0x02,0x60,0x6002,0x7F,0x84,0x10,0x10,0xD2,0x50000,0x056002,9,0x0C9D8,1,1,retrigger_commit
5.290839,233326,0x0106A2,0x002A,0x2A,5,vol_l,0x07,0,0,0x84,0x2F,0x30,0x302F84,0x2F,0x30,0x302F,0x3A,0x84,0x07,0x10,0xC6,0x40000,0x04302F,2,0x02238,1,1,
5.290862,233327,0x0106A7,0x002B,0x2B,5,vol_r,0x07,0,0,0x84,0x2F,0x30,0x302F84,0x2F,0x30,0x302F,0x3A,0x84,0x07,0x07,0xC6,0x40000,0x04302F,2,0x02238,1,1,
5.290862,233327,0x0106AB,0x002C,0x2C,5,loop_mid,0x2F,1,1,0x84,0x2F,0x30,0x302F84,0x2F,0x30,0x302F,0x3A,0x84,0x07,0x07,0xC6,0x40000,0x04302F,2,0x02238,1,1,
5.290862,233327,0x0106AF,0x00AC,0xAC,5,cur_mid,0x2F,2,2,0x84,0x2F,0x30,0x302F84,0x2F,0x30,0x302F,0x3A,0x84,0x07,0x07,0xC6,0x40000,0x04302F,2,0x02238,1,1,current_low_write
5.290884,233328,0x0106B4,0x002D,0x2D,5,loop_high,0x30,0,0,0x84,0x2F,0x30,0x302F84,0x2F,0x30,0x302F,0x3A,0x84,0x07,0x07,0xC6,0x40000,0x04302F,2,0x02238,1,1,
5.290884,233328,0x0106B8,0x00AD,0xAD,5,cur_high,0x30,1,1,0x84,0x2F,0x30,0x302F84,0x2F,0x30,0x302F,0x3A,0x84,0x07,0x07,0xC6,0x40000,0x04302F,2,0x02238,1,1,current_pair_complete
5.290907,233329,0x0106BD,0x00AE,0xAE,5,ctrl,0xC6,0,0,0x84,0x2F,0x30,0x302F84,0x2F,0x30,0x302F,0x3A,0x84,0x07,0x07,0xC6,0x40000,0x04302F,2,0x02238,1,1,retrigger_commit
5.291406,233351,0x0106C3,0x003C,0x3C,7,loop_mid,0x02,0,0,0x00,0x02,0x60,0x600200,0x02,0x60,0x6002,0x7F,0x84,0x10,0x10,0xD2,0x50000,0x056002,9,0x0C9D8,1,1,
5.291406,233351,0x0106C7,0x00BC,0xBC,7,cur_mid,0x02,1,1,0x00,0x02,0x60,0x600200,0x02,0x60,0x6002,0x7F,0x84,0x10,0x10,0xD2,0x50000,0x056002,9,0x0C9D8,1,1,current_low_write
5.291406,233351,0x0106CB,0x003D,0x3D,7,loop_high,0x60,2,2,0x00,0x02,0x60,0x600200,0x02,0x60,0x6002,0x7F,0x84,0x10,0x10,0xD2,0x50000,0x056002,9,0x0C9D8,1,1,
5.291429,233352,0x0106D0,0x00BD,0xBD,7,cur_high,0x60,0,0,0x00,0x02,0x60,0x600200,0x02,0x60,0x6002,0x7F,0x84,0x10,0x10,0xD2,0x50000,0x056002,9,0x0C9D8,1,1,current_pair_complete
5.291451,233353,0x0106D5,0x00BE,0xBE,7,ctrl,0xD2,0,0,0x00,0x02,0x60,0x600200,0x02,0x60,0x6002,0x7F,0x84,0x10,0x10,0xD2,0x50000,0x056002,9,0x0C9D8,1,1,retrigger_commit
5.388050,237613,0x01071A,0x002A,0x2A,5,vol_l,0x10,0,0,0x84,0x2F,0x30,0x302F84,0x2F,0x30,0x302F,0x3A,0x84,0x10,0x07,0xC6,0x40000,0x04302F,2,0x02238,1,1,
5.388050,237613,0x01071E,0x002B,0x2B,5,vol_r,0x10,1,1,0x84,0x2F,0x30,0x302F84,0x2F,0x30,0x302F,0x3A,0x84,0x10,0x10,0xC6,0x40000,0x04302F,2,0x02238,1,1,
5.388050,237613,0x010722,0x002C,0x2C,5,loop_mid,0x2F,2,2,0x84,0x2F,0x30,0x302F84,0x2F,0x30,0x302F,0x3A,0x84,0x10,0x10,0xC6,0x40000,0x04302F,2,0x02238,1,1,
5.388073,237614,0x010727,0x00AC,0xAC,5,cur_mid,0x2F,0,0,0x84,0x2F,0x30,0x302F84,0x2F,0x30,0x302F,0x3A,0x84,0x10,0x10,0xC6,0x40000,0x04302F,2,0x02238,1,1,current_low_write
5.388073,237614,0x01072B,0x002D,0x2D,5,loop_high,0x30,1,1,0x84,0x2F,0x30,0x302F84,0x2F,0x30,0x302F,0x3A,0x84,0x10,0x10,0xC6,0x40000,0x04302F,2,0x02238,1,1,
5.388073,237614,0x01072F,0x00AD,0xAD,5,cur_high,0x30,2,2,0x84,0x2F,0x30,0x302F84,0x2F,0x30,0x302F,0x3A,0x84,0x10,0x10,0xC6,0x40000,0x04302F,2,0x02238,1,1,current_pair_complete
5.388095,237615,0x010734,0x00AE,0xAE,5,ctrl,0xC6,0,0,0x84,0x2F,0x30,0x302F84,0x2F,0x30,0x302F,0x3A,0x84,0x10,0x10,0xC6,0x40000,0x04302F,2,0x02238,1,1,retrigger_commit
5.388503,237633,0x01073A,0x005C,0x5C,11,loop_mid,0x1D,0,0,0x00,0x1D,0x0C,0x0C1D00,0x1D,0x0C,0x0C1D,0x1B,0x78,0x3F,0x3F,0xC2,0x40000,0x040C1D,0,0x00000,1,1,
5.388526,237634,0x01073F,0x00DC,0xDC,11,cur_mid,0x1D,0,0,0x00,0x1D,0x0C,0x0C1D00,0x1D,0x0C,0x0C1D,0x1B,0x78,0x3F,0x3F,0xC2,0x40000,0x040C1D,0,0x00000,1,1,current_low_write
5.388526,237634,0x010743,0x005D,0x5D,11,loop_high,0x0C,1,1,0x00,0x1D,0x0C,0x0C1D00,0x1D,0x0C,0x0C1D,0x1B,0x78,0x3F,0x3F,0xC2,0x40000,0x040C1D,0,0x00000,1,1,
5.388526,237634,0x010747,0x00DD,0xDD,11,cur_high,0x0C,2,2,0x00,0x1D,0x0C,0x0C1D00,0x1D,0x0C,0x0C1D,0x1B,0x78,0x3F,0x3F,0xC2,0x40000,0x040C1D,0,0x00000,1,1,current_pair_complete
5.388549,237635,0x01074C,0x00DE,0xDE,11,ctrl,0xC2,0,0,0x00,0x1D,0x0C,0x0C1D00,0x1D,0x0C,0x0C1D,0x1B,0x78,0x3F,0x3F,0xC2,0x40000,0x040C1D,0,0x00000,1,1,retrigger_commit
5.403061,238275,0x010753,0x000A,0x0A,1,vol_l,0x20,0,0,0x00,0x02,0x60,0x600200,0x02,0x60,0x6002,0x7F,0x84,0x20,0x10,0xD2,0x50000,0x056002,9,0x0C9D8,1,1,
5.403061,238275,0x010757,0x000B,0x0B,1,vol_r,0x20,1,1,0x00,0x02,0x60,0x600200,0x02,0x60,0x6002,0x7F,0x84,0x20,0x20,0xD2,0x50000,0x056002,9,0x0C9D8,1,1,
5.403084,238276,0x01075C,0x000C,0x0C,1,loop_mid,0x7C,0,0,0x00,0x02,0x60,0x600200,0x7C,0x60,0x607C,0x7F,0x84,0x20,0x20,0xD2,0x50000,0x056002,9,0x0C9D8,1,1,
5.403084,238276,0x010760,0x008C,0x8C,1,cur_mid,0x7C,1,1,0x00,0x7C,0x60,0x607C00,0x7C,0x60,0x607C,0x7F,0x84,0x20,0x20,0xD2,0x50000,0x05607C,9,0x0CA52,1,1,current_low_write
5.403084,238276,0x010764,0x000D,0x0D,1,loop_high,0x43,2,2,0x00,0x7C,0x60,0x607C00,0x7C,0x43,0x437C,0x7F,0x84,0x20,0x20,0xD2,0x50000,0x05607C,9,0x0CA52,1,1,
5.403107,238277,0x010769,0x008D,0x8D,1,cur_high,0x43,0,0,0x00,0x7C,0x43,0x437C00,0x7C,0x43,0x437C,0x7F,0x84,0x20,0x20,0xD2,0x50000,0x05437C,7,0x0B222,1,1,current_pair_complete
5.403107,238277,0x01076D,0x000E,0x0E,1,end,0x48,1,1,0x00,0x7C,0x43,0x437C00,0x7C,0x43,0x437C,0x48,0x84,0x20,0x20,0xD2,0x50000,0x05437C,7,0x0B222,1,1,
5.403129,238278,0x010772,0x008E,0x8E,1,ctrl,0xD2,0,0,0x00,0x7C,0x43,0x437C00,0x7C,0x43,0x437C,0x48,0x84,0x20,0x20,0xD2,0x50000,0x05437C,7,0x0B222,1,1,retrigger_commit
5.482834,241793,0x010779,0x002A,0x2A,5,vol_l,0x07,0,0,0x84,0x2F,0x30,0x302F84,0x2F,0x30,0x302F,0x3A,0x84,0x07,0x10,0xC6,0x40000,0x04302F,2,0x02238,1,1,
5.482857,241794,0x01077E,0x002B,0x2B,5,vol_r,0x07,0,0,0x84,0x2F,0x30,0x302F84,0x2F,0x30,0x302F,0x3A,0x84,0x07,0x07,0xC6,0x40000,0x04302F,2,0x02238,1,1,
5.482857,241794,0x010782,0x002C,0x2C,5,loop_mid,0x2F,1,1,0x84,0x2F,0x30,0x302F84,0x2F,0x30,0x302F,0x3A,0x84,0x07,0x07,0xC6,0x40000,0x04302F,2,0x02238,1,1,
5.482857,241794,0x010786,0x00AC,0xAC,5,cur_mid,0x2F,2,2,0x84,0x2F,0x30,0x302F84,0x2F,0x30,0x302F,0x3A,0x84,0x07,0x07,0xC6,0x40000,0x04302F,2,0x02238,1,1,current_low_write
5.482880,241795,0x01078B,0x002D,0x2D,5,loop_high,0x30,0,0,0x84,0x2F,0x30,0x302F84,0x2F,0x30,0x302F,0x3A,0x84,0x07,0x07,0xC6,0x40000,0x04302F,2,0x02238,1,1,
5.482880,241795,0x01078F,0x00AD,0xAD,5,cur_high,0x30,1,1,0x84,0x2F,0x30,0x302F84,0x2F,0x30,0x302F,0x3A,0x84,0x07,0x07,0xC6,0x40000,0x04302F,2,0x02238,1,1,current_pair_complete
5.482902,241796,0x010794,0x00AE,0xAE,5,ctrl,0xC6,0,0,0x84,0x2F,0x30,0x302F84,0x2F,0x30,0x302F,0x3A,0x84,0x07,0x07,0xC6,0x40000,0x04302F,2,0x02238,1,1,retrigger_commit
5.483492,241822,0x01079A,0x004C,0x4C,9,loop_mid,0x02,0,0,0x00,0x02,0x60,0x600200,0x02,0x60,0x6002,0x7F,0x84,0x10,0x10,0xD2,0x50000,0x056002,9,0x0C9D8,1,1,
5.483492,241822,0x01079E,0x00CC,0xCC,9,cur_mid,0x02,1,1,0x00,0x02,0x60,0x600200,0x02,0x60,0x6002,0x7F,0x84,0x10,0x10,0xD2,0x50000,0x056002,9,0x0C9D8,1,1,current_low_write
5.483492,241822,0x0107A2,0x004D,0x4D,9,loop_high,0x60,2,2,0x00,0x02,0x60,0x600200,0x02,0x60,0x6002,0x7F,0x84,0x10,0x10,0xD2,0x50000,0x056002,9,0x0C9D8,1,1,
5.483492,241822,0x0107A6,0x00CD,0xCD,9,cur_high,0x60,3,3,0x00,0x02,0x60,0x600200,0x02,0x60,0x6002,0x7F,0x84,0x10,0x10,0xD2,0x50000,0x056002,9,0x0C9D8,1,1,current_pair_complete
5.483537,241824,0x0107AB,0x00CE,0xCE,9,ctrl,0xD2,0,0,0x00,0x02,0x60,0x600200,0x02,0x60,0x6002,0x7F,0x84,0x10,0x10,0xD2,0x50000,0x056002,9,0x0C9D8,1,1,retrigger_commit
5.579569,246059,0x0107E6,0x002A,0x2A,5,vol_l,0x10,0,0,0x84,0x2F,0x30,0x302F84,0x2F,0x30,0x302F,0x3A,0x84,0x10,0x07,0xC6,0x40000,0x04302F,2,0x02238,1,1,
5.579569,246059,0x0107EA,0x002B,0x2B,5,vol_r,0x10,1,1,0x84,0x2F,0x30,0x302F84,0x2F,0x30,0x302F,0x3A,0x84,0x10,0x10,0xC6,0x40000,0x04302F,2,0x02238,1,1,
5.579569,246059,0x0107EE,0x002C,0x2C,5,loop_mid,0x2F,2,2,0x84,0x2F,0x30,0x302F84,0x2F,0x30,0x302F,0x3A,0x84,0x10,0x10,0xC6,0x40000,0x04302F,2,0x02238,1,1,
5.579592,246060,0x0107F3,0x00AC,0xAC,5,cur_mid,0x2F,0,0,0x84,0x2F,0x30,0x302F84,0x2F,0x30,0x302F,0x3A,0x84,0x10,0x10,0xC6,0x40000,0x04302F,2,0x02238,1,1,current_low_write
5.579592,246060,0x0107F7,0x002D,0x2D,5,loop_high,0x30,1,1,0x84,0x2F,0x30,0x302F84,0x2F,0x30,0x302F,0x3A,0x84,0x10,0x10,0xC6,0x40000,0x04302F,2,0x02238,1,1,
5.579592,246060,0x0107FB,0x00AD,0xAD,5,cur_high,0x30,2,2,0x84,0x2F,0x30,0x302F84,0x2F,0x30,0x302F,0x3A,0x84,0x10,0x10,0xC6,0x40000,0x04302F,2,0x02238,1,1,current_pair_complete
5.579615,246061,0x010800,0x00AE,0xAE,5,ctrl,0xC6,0,0,0x84,0x2F,0x30,0x302F84,0x2F,0x30,0x302F,0x3A,0x84,0x10,0x10,0xC6,0x40000,0x04302F,2,0x02238,1,1,retrigger_commit
5.579887,246073,0x010805,0x000A,0x0A,1,vol_l,0x38,0,0,0x00,0x7C,0x43,0x437C00,0x7C,0x43,0x437C,0x48,0x84,0x38,0x20,0xD2,0x50000,0x05437C,7,0x0B222,1,1,
5.579887,246073,0x010809,0x000B,0x0B,1,vol_r,0x38,1,1,0x00,0x7C,0x43,0x437C00,0x7C,0x43,0x437C,0x48,0x84,0x38,0x38,0xD2,0x50000,0x05437C,7,0x0B222,1,1,
5.579887,246073,0x01080D,0x000C,0x0C,1,loop_mid,0xAB,2,2,0x00,0x7C,0x43,0x437C00,0xAB,0x43,0x43AB,0x48,0x84,0x38,0x38,0xD2,0x50000,0x05437C,7,0x0B222,1,1,
5.579909,246074,0x010812,0x008C,0x8C,1,cur_mid,0xAB,0,0,0x00,0xAB,0x43,0x43AB00,0xAB,0x43,0x43AB,0x48,0x84,0x38,0x38,0xD2,0x50000,0x0543AB,7,0x0B251,1,1,current_low_write
5.579909,246074,0x010816,0x000D,0x0D,1,loop_high,0x29,1,1,0x00,0xAB,0x43,0x43AB00,0xAB,0x29,0x29AB,0x48,0x84,0x38,0x38,0xD2,0x50000,0x0543AB,7,0x0B251,1,1,
5.579909,246074,0x01081A,0x008D,0x8D,1,cur_high,0x29,2,2,0x00,0xAB,0x29,0x29AB00,0xAB,0x29,0x29AB,0x48,0x84,0x38,0x38,0xD2,0x50000,0x0529AB,6,0x098CD,1,1,current_pair_complete
5.579932,246075,0x01081F,0x000E,0x0E,1,end,0x2E,0,0,0x00,0xAB,0x29,0x29AB00,0xAB,0x29,0x29AB,0x2E,0x84,0x38,0x38,0xD2,0x50000,0x0529AB,6,0x098CD,1,1,
5.579932,246075,0x010823,0x008E,0x8E,1,ctrl,0xC2,1,1,0x00,0xAB,0x29,0x29AB00,0xAB,0x29,0x29AB,0x2E,0x84,0x38,0x38,0xC2,0x40000,0x0429AB,1,0x01CE3,1,1,retrigger_commit
5.580363,246094,0x010829,0x000A,0x0A,1,vol_l,0x32,0,0,0x00,0xAB,0x29,0x29AB00,0xAB,0x29,0x29AB,0x2E,0x84,0x32,0x38,0xC2,0x40000,0x0429AB,1,0x01CE3,1,1,
5.580363,246094,0x01082D,0x000B,0x0B,1,vol_r,0x32,1,1,0x00,0xAB,0x29,0x29AB00,0xAB,0x29,0x29AB,0x2E,0x84,0x32,0x32,0xC2,0x40000,0x0429AB,1,0x01CE3,1,1,
5.580363,246094,0x010831,0x000C,0x0C,1,loop_mid,0x30,2,2,0x00,0xAB,0x29,0x29AB00,0x30,0x29,0x2930,0x2E,0x84,0x32,0x32,0xC2,0x40000,0x0429AB,1,0x01CE3,1,1,
5.580385,246095,0x010836,0x008C,0x8C,1,cur_mid,0x30,0,0,0x00,0x30,0x29,0x293000,0x30,0x29,0x2930,0x2E,0x84,0x32,0x32,0xC2,0x40000,0x042930,,,1,1,current_low_write
5.580385,246095,0x01083A,0x000D,0x0D,1,loop_high,0x58,1,1,0x00,0x30,0x29,0x293000,0x30,0x58,0x5830,0x2E,0x84,0x32,0x32,0xC2,0x40000,0x042930,,,1,1,
5.580385,246095,0x01083E,0x008D,0x8D,1,cur_high,0x58,2,2,0x00,0x30,0x58,0x583000,0x30,0x58,0x5830,0x2E,0x84,0x32,0x32,0xC2,0x40000,0x045830,3,0x04953,1,1,current_pair_complete
5.580408,246096,0x010843,0x000E,0x0E,1,end,0x5F,0,0,0x00,0x30,0x58,0x583000,0x30,0x58,0x5830,0x5F,0x84,0x32,0x32,0xC2,0x40000,0x045830,3,0x04953,1,1,
5.580408,246096,0x010847,0x008E,0x8E,1,ctrl,0xD2,1,1,0x00,0x30,0x58,0x583000,0x30,0x58,0x5830,0x5F,0x84,0x32,0x32,0xD2,0x50000,0x055830,9,0x0C206,1,1,retrigger_commit
5.580771,246112,0x01084C,0x000A,0x0A,1,vol_l,0x10,0,0,0x00,0x30,0x58,0x583000,0x30,0x58,0x5830,0x5F,0x84,0x10,0x32,0xD2,0x50000,0x055830,9,0x0C206,1,1,
5.580771,246112,0x010850,0x000B,0x0B,1,vol_r,0x10,1,1,0x00,0x30,0x58,0x583000,0x30,0x58,0x5830,0x5F,0x84,0x10,0x10,0xD2,0x50000,0x055830,9,0x0C206,1,1,
5.580771,246112,0x010854,0x000C,0x0C,1,loop_mid,0x02,2,2,0x00,0x30,0x58,0x583000,0x02,0x58,0x5802,0x5F,0x84,0x10,0x10,0xD2,0x50000,0x055830,9,0x0C206,1,1,
5.580794,246113,0x010859,0x008C,0x8C,1,cur_mid,0x02,0,0,0x00,0x02,0x58,0x580200,0x02,0x58,0x5802,0x5F,0x84,0x10,0x10,0xD2,0x50000,0x055802,,,1,1,current_low_write
5.580794,246113,0x01085D,0x000D,0x0D,1,loop_high,0x60,1,1,0x00,0x02,0x58,0x580200,0x02,0x60,0x6002,0x5F,0x84,0x10,0x10,0xD2,0x50000,0x055802,,,1,1,
5.580794,246113,0x010861,0x008D,0x8D,1,cur_high,0x60,2,2,0x00,0x02,0x60,0x600200,0x02,0x60,0x6002,0x5F,0x84,0x10,0x10,0xD2,0x50000,0x056002,9,0x0C9D8,1,1,current_pair_complete
5.580816,246114,0x010866,0x000E,0x0E,1,end,0x7F,0,0,0x00,0x02,0x60,0x600200,0x02,0x60,0x6002,0x7F,0x84,0x10,0x10,0xD2,0x50000,0x056002,9,0x0C9D8,1,1,
5.580816,246114,0x01086A,0x008E,0x8E,1,ctrl,0xD2,1,1,0x00,0x02,0x60,0x600200,0x02,0x60,0x6002,0x7F,0x84,0x10,0x10,0xD2,0x50000,0x056002,9,0x0C9D8,1,1,retrigger_commit
5.674830,250260,0x010871,0x002A,0x2A,5,vol_l,0x07,0,0,0x84,0x2F,0x30,0x302F84,0x2F,0x30,0x302F,0x3A,0x84,0x07,0x10,0xC6,0x40000,0x04302F,2,0x02238,1,1,
5.674853,250261,0x010876,0x002B,0x2B,5,vol_r,0x07,0,0,0x84,0x2F,0x30,0x302F84,0x2F,0x30,0x302F,0x3A,0x84,0x07,0x07,0xC6,0x40000,0x04302F,2,0x02238,1,1,
5.674853,250261,0x01087A,0x002C,0x2C,5,loop_mid,0x2F,1,1,0x84,0x2F,0x30,0x302F84,0x2F,0x30,0x302F,0x3A,0x84,0x07,0x07,0xC6,0x40000,0x04302F,2,0x02238,1,1,
5.674853,250261,0x01087E,0x00AC,0xAC,5,cur_mid,0x2F,2,2,0x84,0x2F,0x30,0x302F84,0x2F,0x30,0x302F,0x3A,0x84,0x07,0x07,0xC6,0x40000,0x04302F,2,0x02238,1,1,current_low_write
5.674875,250262,0x010883,0x002D,0x2D,5,loop_high,0x30,0,0,0x84,0x2F,0x30,0x302F84,0x2F,0x30,0x302F,0x3A,0x84,0x07,0x07,0xC6,0x40000,0x04302F,2,0x02238,1,1,
5.674875,250262,0x010887,0x00AD,0xAD,5,cur_high,0x30,1,1,0x84,0x2F,0x30,0x302F84,0x2F,0x30,0x302F,0x3A,0x84,0x07,0x07,0xC6,0x40000,0x04302F,2,0x02238,1,1,current_pair_complete
5.674898,250263,0x01088C,0x00AE,0xAE,5,ctrl,0xC6,0,0,0x84,0x2F,0x30,0x302F84,0x2F,0x30,0x302F,0x3A,0x84,0x07,0x07,0xC6,0x40000,0x04302F,2,0x02238,1,1,retrigger_commit
5.675374,250284,0x010892,0x001C,0x1C,3,loop_mid,0x02,0,0,0x00,0x02,0x60,0x600200,0x02,0x60,0x6002,0x7F,0x84,0x10,0x10,0xD2,0x50000,0x056002,9,0x0C9D8,1,1,
5.675374,250284,0x010896,0x009C,0x9C,3,cur_mid,0x02,1,1,0x00,0x02,0x60,0x600200,0x02,0x60,0x6002,0x7F,0x84,0x10,0x10,0xD2,0x50000,0x056002,9,0x0C9D8,1,1,current_low_write
5.675374,250284,0x01089A,0x001D,0x1D,3,loop_high,0x60,2,2,0x00,0x02,0x60,0x600200,0x02,0x60,0x6002,0x7F,0x84,0x10,0x10,0xD2,0x50000,0x056002,9,0x0C9D8,1,1,
5.675397,250285,0x01089F,0x009D,0x9D,3,cur_high,0x60,0,0,0x00,0x02,0x60,0x600200,0x02,0x60,0x6002,0x7F,0x84,0x10,0x10,0xD2,0x50000,0x056002,9,0x0C9D8,1,1,current_pair_complete
5.675420,250286,0x0108A4,0x009E,0x9E,3,ctrl,0xD2,0,0,0x00,0x02,0x60,0x600200,0x02,0x60,0x6002,0x7F,0x84,0x10,0x10,0xD2,0x50000,0x056002,9,0x0C9D8,1,1,retrigger_commit
5.772789,254580,0x01090C,0x002A,0x2A,5,vol_l,0x10,0,0,0x84,0x2F,0x30,0x302F84,0x2F,0x30,0x302F,0x3A,0x84,0x10,0x07,0xC6,0x40000,0x04302F,2,0x02238,1,1,
5.772789,254580,0x010910,0x002B,0x2B,5,vol_r,0x10,1,1,0x84,0x2F,0x30,0x302F84,0x2F,0x30,0x302F,0x3A,0x84,0x10,0x10,0xC6,0x40000,0x04302F,2,0x02238,1,1,
5.772789,254580,0x010914,0x002C,0x2C,5,loop_mid,0x2F,2,2,0x84,0x2F,0x30,0x302F84,0x2F,0x30,0x302F,0x3A,0x84,0x10,0x10,0xC6,0x40000,0x04302F,2,0x02238,1,1,
5.772812,254581,0x010919,0x00AC,0xAC,5,cur_mid,0x2F,0,0,0x84,0x2F,0x30,0x302F84,0x2F,0x30,0x302F,0x3A,0x84,0x10,0x10,0xC6,0x40000,0x04302F,2,0x02238,1,1,current_low_write
5.772812,254581,0x01091D,0x002D,0x2D,5,loop_high,0x30,1,1,0x84,0x2F,0x30,0x302F84,0x2F,0x30,0x302F,0x3A,0x84,0x10,0x10,0xC6,0x40000,0x04302F,2,0x02238,1,1,
5.772812,254581,0x010921,0x00AD,0xAD,5,cur_high,0x30,2,2,0x84,0x2F,0x30,0x302F84,0x2F,0x30,0x302F,0x3A,0x84,0x10,0x10,0xC6,0x40000,0x04302F,2,0x02238,1,1,current_pair_complete
5.772834,254582,0x010926,0x00AE,0xAE,5,ctrl,0xC6,0,0,0x84,0x2F,0x30,0x302F84,0x2F,0x30,0x302F,0x3A,0x84,0x10,0x10,0xC6,0x40000,0x04302F,2,0x02238,1,1,retrigger_commit
5.773243,254600,0x01092C,0x005C,0x5C,11,loop_mid,0x1D,0,0,0x00,0x1D,0x0C,0x0C1D00,0x1D,0x0C,0x0C1D,0x1B,0x78,0x3F,0x3F,0xC2,0x40000,0x040C1D,0,0x00000,1,1,
5.773265,254601,0x010931,0x00DC,0xDC,11,cur_mid,0x1D,0,0,0x00,0x1D,0x0C,0x0C1D00,0x1D,0x0C,0x0C1D,0x1B,0x78,0x3F,0x3F,0xC2,0x40000,0x040C1D,0,0x00000,1,1,current_low_write
5.773265,254601,0x010935,0x005D,0x5D,11,loop_high,0x0C,1,1,0x00,0x1D,0x0C,0x0C1D00,0x1D,0x0C,0x0C1D,0x1B,0x78,0x3F,0x3F,0xC2,0x40000,0x040C1D,0,0x00000,1,1,
5.773265,254601,0x010939,0x00DD,0xDD,11,cur_high,0x0C,2,2,0x00,0x1D,0x0C,0x0C1D00,0x1D,0x0C,0x0C1D,0x1B,0x78,0x3F,0x3F,0xC2,0x40000,0x040C1D,0,0x00000,1,1,current_pair_complete
5.773288,254602,0x01093E,0x00DE,0xDE,11,ctrl,0xC2,0,0,0x00,0x1D,0x0C,0x0C1D00,0x1D,0x0C,0x0C1D,0x1B,0x78,0x3F,0x3F,0xC2,0x40000,0x040C1D,0,0x00000,1,1,retrigger_commit
5.773651,254618,0x010943,0x000A,0x0A,1,vol_l,0x32,0,0,0x00,0x02,0x60,0x600200,0x02,0x60,0x6002,0x7F,0x84,0x32,0x10,0xD2,0x50000,0x056002,9,0x0C9D8,1,1,
5.773651,254618,0x010947,0x000B,0x0B,1,vol_r,0x32,1,1,0x00,0x02,0x60,0x600200,0x02,0x60,0x6002,0x7F,0x84,0x32,0x32,0xD2,0x50000,0x056002,9,0x0C9D8,1,1,
5.773651,254618,0x01094B,0x000C,0x0C,1,loop_mid,0x30,2,2,0x00,0x02,0x60,0x600200,0x30,0x60,0x6030,0x7F,0x84,0x32,0x32,0xD2,0x50000,0x056002,9,0x0C9D8,1,1,
5.773673,254619,0x010950,0x008C,0x8C,1,cur_mid,0x30,0,0,0x00,0x30,0x60,0x603000,0x30,0x60,0x6030,0x7F,0x84,0x32,0x32,0xD2,0x50000,0x056030,9,0x0CA06,1,1,current_low_write
5.773673,254619,0x010954,0x000D,0x0D,1,loop_high,0x58,1,1,0x00,0x30,0x60,0x603000,0x30,0x58,0x5830,0x7F,0x84,0x32,0x32,0xD2,0x50000,0x056030,9,0x0CA06,1,1,
5.773673,254619,0x010958,0x008D,0x8D,1,cur_high,0x58,2,2,0x00,0x30,0x58,0x583000,0x30,0x58,0x5830,0x7F,0x84,0x32,0x32,0xD2,0x50000,0x055830,9,0x0C206,1,1,current_pair_complete
5.773696,254620,0x01095D,0x000E,0x0E,1,end,0x5F,0,0,0x00,0x30,0x58,0x583000,0x30,0x58,0x5830,0x5F,0x84,0x32,0x32,0xD2,0x50000,0x055830,9,0x0C206,1,1,
5.773696,254620,0x010961,0x008E,0x8E,1,ctrl,0xD2,1,1,0x00,0x30,0x58,0x583000,0x30,0x58,0x5830,0x5F,0x84,0x32,0x32,0xD2,0x50000,0x055830,9,0x0C206,1,1,retrigger_commit
5.787052,255209,0x010968,0x000A,0x0A,1,vol_l,0x20,0,0,0x00,0x30,0x58,0x583000,0x30,0x58,0x5830,0x5F,0x84,0x20,0x32,0xD2,0x50000,0x055830,9,0x0C206,1,1,
5.787052,255209,0x01096C,0x000B,0x0B,1,vol_r,0x20,1,1,0x00,0x30,0x58,0x583000,0x30,0x58,0x5830,0x5F,0x84,0x20,0x20,0xD2,0x50000,0x055830,9,0x0C206,1,1,
5.787075,255210,0x010971,0x000C,0x0C,1,loop_mid,0x7C,0,0,0x00,0x30,0x58,0x583000,0x7C,0x58,0x587C,0x5F,0x84,0x20,0x20,0xD2,0x50000,0x055830,9,0x0C206,1,1,
5.787075,255210,0x010975,0x008C,0x8C,1,cur_mid,0x7C,1,1,0x00,0x7C,0x58,0x587C00,0x7C,0x58,0x587C,0x5F,0x84,0x20,0x20,0xD2,0x50000,0x05587C,9,0x0C252,1,1,current_low_write
5.787075,255210,0x010979,0x000D,0x0D,1,loop_high,0x43,2,2,0x00,0x7C,0x58,0x587C00,0x7C,0x43,0x437C,0x5F,0x84,0x20,0x20,0xD2,0x50000,0x05587C,9,0x0C252,1,1,
5.787098,255211,0x01097E,0x008D,0x8D,1,cur_high,0x43,0,0,0x00,0x7C,0x43,0x437C00,0x7C,0x43,0x437C,0x5F,0x84,0x20,0x20,0xD2,0x50000,0x05437C,7,0x0B222,1,1,current_pair_complete
5.787098,255211,0x010982,0x000E,0x0E,1,end,0x48,1,1,0x00,0x7C,0x43,0x437C00,0x7C,0x43,0x437C,0x48,0x84,0x20,0x20,0xD2,0x50000,0x05437C,7,0x0B222,1,1,
5.787120,255212,0x010987,0x008E,0x8E,1,ctrl,0xD2,0,0,0x00,0x7C,0x43,0x437C00,0x7C,0x43,0x437C,0x48,0x84,0x20,0x20,0xD2,0x50000,0x05437C,7,0x0B222,1,1,retrigger_commit
5.866825,258727,0x01098E,0x002A,0x2A,5,vol_l,0x07,0,0,0x84,0x2F,0x30,0x302F84,0x2F,0x30,0x302F,0x3A,0x84,0x07,0x10,0xC6,0x40000,0x04302F,2,0x02238,1,1,
5.866848,258728,0x010993,0x002B,0x2B,5,vol_r,0x07,0,0,0x84,0x2F,0x30,0x302F84,0x2F,0x30,0x302F,0x3A,0x84,0x07,0x07,0xC6,0x40000,0x04302F,2,0x02238,1,1,
5.866848,258728,0x010997,0x002C,0x2C,5,loop_mid,0x2F,1,1,0x84,0x2F,0x30,0x302F84,0x2F,0x30,0x302F,0x3A,0x84,0x07,0x07,0xC6,0x40000,0x04302F,2,0x02238,1,1,
5.866848,258728,0x01099B,0x00AC,0xAC,5,cur_mid,0x2F,2,2,0x84,0x2F,0x30,0x302F84,0x2F,0x30,0x302F,0x3A,0x84,0x07,0x07,0xC6,0x40000,0x04302F,2,0x02238,1,1,current_low_write
5.866871,258729,0x0109A0,0x002D,0x2D,5,loop_high,0x30,0,0,0x84,0x2F,0x30,0x302F84,0x2F,0x30,0x302F,0x3A,0x84,0x07,0x07,0xC6,0x40000,0x04302F,2,0x02238,1,1,
5.866871,258729,0x0109A4,0x00AD,0xAD,5,cur_high,0x30,1,1,0x84,0x2F,0x30,0x302F84,0x2F,0x30,0x302F,0x3A,0x84,0x07,0x07,0xC6,0x40000,0x04302F,2,0x02238,1,1,current_pair_complete
5.866893,258730,0x0109A9,0x00AE,0xAE,5,ctrl,0xC6,0,0,0x84,0x2F,0x30,0x302F84,0x2F,0x30,0x302F,0x3A,0x84,0x07,0x07,0xC6,0x40000,0x04302F,2,0x02238,1,1,retrigger_commit
5.867460,258755,0x0109AF,0x003C,0x3C,7,loop_mid,0x02,0,0,0x00,0x02,0x60,0x600200,0x02,0x60,0x6002,0x7F,0x84,0x10,0x10,0xD2,0x50000,0x056002,9,0x0C9D8,1,1,
5.867460,258755,0x0109B3,0x00BC,0xBC,7,cur_mid,0x02,1,1,0x00,0x02,0x60,0x600200,0x02,0x60,0x6002,0x7F,0x84,0x10,0x10,0xD2,0x50000,0x056002,9,0x0C9D8,1,1,current_low_write
5.867483,258756,0x0109B8,0x003D,0x3D,7,loop_high,0x60,0,0,0x00,0x02,0x60,0x600200,0x02,0x60,0x6002,0x7F,0x84,0x10,0x10,0xD2,0x50000,0x056002,9,0x0C9D8,1,1,
5.867483,258756,0x0109BC,0x00BD,0xBD,7,cur_high,0x60,1,1,0x00,0x02,0x60,0x600200,0x02,0x60,0x6002,0x7F,0x84,0x10,0x10,0xD2,0x50000,0x056002,9,0x0C9D8,1,1,current_pair_complete
5.867506,258757,0x0109C1,0x00BE,0xBE,7,ctrl,0xD2,0,0,0x00,0x02,0x60,0x600200,0x02,0x60,0x6002,0x7F,0x84,0x10,0x10,0xD2,0x50000,0x056002,9,0x0C9D8,1,1,retrigger_commit
5.963583,262994,0x0109FC,0x002C,0x2C,5,loop_mid,0x2F,0,0,0x84,0x2F,0x30,0x302F84,0x2F,0x30,0x302F,0x3A,0x84,0x07,0x07,0xC6,0x40000,0x04302F,2,0x02238,1,1,
5.963583,262994,0x010A00,0x00AC,0xAC,5,cur_mid,0x2F,1,1,0x84,0x2F,0x30,0x302F84,0x2F,0x30,0x302F,0x3A,0x84,0x07,0x07,0xC6,0x40000,0x04302F,2,0x02238,1,1,current_low_write
5.963605,262995,0x010A05,0x002D,0x2D,5,loop_high,0x30,0,0,0x84,0x2F,0x30,0x302F84,0x2F,0x30,0x302F,0x3A,0x84,0x07,0x07,0xC6,0x40000,0x04302F,2,0x02238,1,1,
5.963605,262995,0x010A09,0x00AD,0xAD,5,cur_high,0x30,1,1,0x84,0x2F,0x30,0x302F84,0x2F,0x30,0x302F,0x3A,0x84,0x07,0x07,0xC6,0x40000,0x04302F,2,0x02238,1,1,current_pair_complete
5.963628,262996,0x010A0E,0x00AE,0xAE,5,ctrl,0xC6,0,0,0x84,0x2F,0x30,0x302F84,0x2F,0x30,0x302F,0x3A,0x84,0x07,0x07,0xC6,0x40000,0x04302F,2,0x02238,1,1,retrigger_commit
5.963878,263007,0x010A13,0x000A,0x0A,1,vol_l,0x38,0,0,0x00,0x7C,0x43,0x437C00,0x7C,0x43,0x437C,0x48,0x84,0x38,0x20,0xD2,0x50000,0x05437C,7,0x0B222,1,1,
5.963878,263007,0x010A17,0x000B,0x0B,1,vol_r,0x38,1,1,0x00,0x7C,0x43,0x437C00,0x7C,0x43,0x437C,0x48,0x84,0x38,0x38,0xD2,0x50000,0x05437C,7,0x0B222,1,1,
5.963900,263008,0x010A1C,0x000C,0x0C,1,loop_mid,0xAB,0,0,0x00,0x7C,0x43,0x437C00,0xAB,0x43,0x43AB,0x48,0x84,0x38,0x38,0xD2,0x50000,0x05437C,7,0x0B222,1,1,
5.963900,263008,0x010A20,0x008C,0x8C,1,cur_mid,0xAB,1,1,0x00,0xAB,0x43,0x43AB00,0xAB,0x43,0x43AB,0x48,0x84,0x38,0x38,0xD2,0x50000,0x0543AB,7,0x0B251,1,1,current_low_write
5.963900,263008,0x010A24,0x000D,0x0D,1,loop_high,0x29,2,2,0x00,0xAB,0x43,0x43AB00,0xAB,0x29,0x29AB,0x48,0x84,0x38,0x38,0xD2,0x50000,0x0543AB,7,0x0B251,1,1,
5.963923,263009,0x010A29,0x008D,0x8D,1,cur_high,0x29,0,0,0x00,0xAB,0x29,0x29AB00,0xAB,0x29,0x29AB,0x48,0x84,0x38,0x38,0xD2,0x50000,0x0529AB,6,0x098CD,1,1,current_pair_complete
5.963923,263009,0x010A2D,0x000E,0x0E,1,end,0x2E,1,1,0x00,0xAB,0x29,0x29AB00,0xAB,0x29,0x29AB,0x2E,0x84,0x38,0x38,0xD2,0x50000,0x0529AB,6,0x098CD,1,1,
5.963946,263010,0x010A32,0x008E,0x8E,1,ctrl,0xC2,0,0,0x00,0xAB,0x29,0x29AB00,0xAB,0x29,0x29AB,0x2E,0x84,0x38,0x38,0xC2,0x40000,0x0429AB,1,0x01CE3,1,1,retrigger_commit
5.964286,263025,0x010A37,0x000A,0x0A,1,vol_l,0x3F,0,0,0x00,0xAB,0x29,0x29AB00,0xAB,0x29,0x29AB,0x2E,0x84,0x3F,0x38,0xC2,0x40000,0x0429AB,1,0x01CE3,1,1,
5.964286,263025,0x010A3B,0x000B,0x0B,1,vol_r,0x3F,1,1,0x00,0xAB,0x29,0x29AB00,0xAB,0x29,0x29AB,0x2E,0x84,0x3F,0x3F,0xC2,0x40000,0x0429AB,1,0x01CE3,1,1,
5.964286,263025,0x010A3F,0x000C,0x0C,1,loop_mid,0x1D,2,2,0x00,0xAB,0x29,0x29AB00,0x1D,0x29,0x291D,0x2E,0x84,0x3F,0x3F,0xC2,0x40000,0x0429AB,1,0x01CE3,1,1,
5.964308,263026,0x010A44,0x008C,0x8C,1,cur_mid,0x1D,0,0,0x00,0x1D,0x29,0x291D00,0x1D,0x29,0x291D,0x2E,0x84,0x3F,0x3F,0xC2,0x40000,0x04291D,,,1,1,current_low_write
5.964308,263026,0x010A48,0x000D,0x0D,1,loop_high,0x0C,1,1,0x00,0x1D,0x29,0x291D00,0x1D,0x0C,0x0C1D,0x2E,0x84,0x3F,0x3F,0xC2,0x40000,0x04291D,,,1,1,
5.964308,263026,0x010A4C,0x008D,0x8D,1,cur_high,0x0C,2,2,0x00,0x1D,0x0C,0x0C1D00,0x1D,0x0C,0x0C1D,0x2E,0x84,0x3F,0x3F,0xC2,0x40000,0x040C1D,0,0x00000,1,1,current_pair_complete
5.964331,263027,0x010A51,0x000E,0x0E,1,end,0x1B,0,0,0x00,0x1D,0x0C,0x0C1D00,0x1D,0x0C,0x0C1D,0x1B,0x84,0x3F,0x3F,0xC2,0x40000,0x040C1D,0,0x00000,1,1,
5.964331,263027,0x010A55,0x000F,0x0F,1,delta,0x78,1,1,0x00,0x1D,0x0C,0x0C1D00,0x1D,0x0C,0x0C1D,0x1B,0x78,0x3F,0x3F,0xC2,0x40000,0x040C1D,0,0x00000,1,1,
5.964331,263027,0x010A59,0x008E,0x8E,1,ctrl,0xC2,2,2,0x00,0x1D,0x0C,0x0C1D00,0x1D,0x0C,0x0C1D,0x1B,0x78,0x3F,0x3F,0xC2,0x40000,0x040C1D,0,0x00000,1,1,retrigger_commit
5.964762,263046,0x010A5F,0x000A,0x0A,1,vol_l,0x10,0,0,0x00,0x1D,0x0C,0x0C1D00,0x1D,0x0C,0x0C1D,0x1B,0x78,0x10,0x3F,0xC2,0x40000,0x040C1D,0,0x00000,1,1,
5.964762,263046,0x010A63,0x000B,0x0B,1,vol_r,0x10,1,1,0x00,0x1D,0x0C,0x0C1D00,0x1D,0x0C,0x0C1D,0x1B,0x78,0x10,0x10,0xC2,0x40000,0x040C1D,0,0x00000,1,1,
5.964762,263046,0x010A67,0x000C,0x0C,1,loop_mid,0x02,2,2,0x00,0x1D,0x0C,0x0C1D00,0x02,0x0C,0x0C02,0x1B,0x78,0x10,0x10,0xC2,0x40000,0x040C1D,0,0x00000,1,1,
5.964785,263047,0x010A6C,0x008C,0x8C,1,cur_mid,0x02,0,0,0x00,0x02,0x0C,0x0C0200,0x02,0x0C,0x0C02,0x1B,0x78,0x10,0x10,0xC2,0x40000,0x040C02,,,1,1,current_low_write
5.964785,263047,0x010A70,0x000D,0x0D,1,loop_high,0x60,1,1,0x00,0x02,0x0C,0x0C0200,0x02,0x60,0x6002,0x1B,0x78,0x10,0x10,0xC2,0x40000,0x040C02,,,1,1,
5.964785,263047,0x010A74,0x008D,0x8D,1,cur_high,0x60,2,2,0x00,0x02,0x60,0x600200,0x02,0x60,0x6002,0x1B,0x78,0x10,0x10,0xC2,0x40000,0x046002,3,0x05125,1,1,current_pair_complete
5.964807,263048,0x010A79,0x000E,0x0E,1,end,0x7F,0,0,0x00,0x02,0x60,0x600200,0x02,0x60,0x6002,0x7F,0x78,0x10,0x10,0xC2,0x40000,0x046002,3,0x05125,1,1,
5.964807,263048,0x010A7D,0x000F,0x0F,1,delta,0x84,1,1,0x00,0x02,0x60,0x600200,0x02,0x60,0x6002,0x7F,0x84,0x10,0x10,0xC2,0x40000,0x046002,3,0x05125,1,1,
5.964807,263048,0x010A81,0x008E,0x8E,1,ctrl,0xD2,2,2,0x00,0x02,0x60,0x600200,0x02,0x60,0x6002,0x7F,0x84,0x10,0x10,0xD2,0x50000,0x056002,9,0x0C9D8,1,1,retrigger_commit
6.058776,267192,0x010A88,0x002C,0x2C,5,loop_mid,0x2F,0,0,0x84,0x2F,0x30,0x302F84,0x2F,0x30,0x302F,0x3A,0x84,0x07,0x07,0xC6,0x40000,0x04302F,2,0x02238,1,1,
6.058776,267192,0x010A8C,0x00AC,0xAC,5,cur_mid,0x2F,1,1,0x84,0x2F,0x30,0x302F84,0x2F,0x30,0x302F,0x3A,0x84,0x07,0x07,0xC6,0x40000,0x04302F,2,0x02238,1,1,current_low_write
6.058798,267193,0x010A91,0x002D,0x2D,5,loop_high,0x30,0,0,0x84,0x2F,0x30,0x302F84,0x2F,0x30,0x302F,0x3A,0x84,0x07,0x07,0xC6,0x40000,0x04302F,2,0x02238,1,1,
6.058798,267193,0x010A95,0x00AD,0xAD,5,cur_high,0x30,1,1,0x84,0x2F,0x30,0x302F84,0x2F,0x30,0x302F,0x3A,0x84,0x07,0x07,0xC6,0x40000,0x04302F,2,0x02238,1,1,current_pair_complete
6.058821,267194,0x010A9A,0x00AE,0xAE,5,ctrl,0xC6,0,0,0x84,0x2F,0x30,0x302F84,0x2F,0x30,0x302F,0x3A,0x84,0x07,0x07,0xC6,0x40000,0x04302F,2,0x02238,1,1,retrigger_commit
6.059184,267210,0x010A9F,0x004A,0x4A,9,vol_l,0x3F,0,0,0x00,0x02,0x60,0x600200,0x02,0x60,0x6002,0x7F,0x84,0x3F,0x10,0xD2,0x50000,0x056002,9,0x0C9D8,1,1,
6.059184,267210,0x010AA3,0x004B,0x4B,9,vol_r,0x3F,1,1,0x00,0x02,0x60,0x600200,0x02,0x60,0x6002,0x7F,0x84,0x3F,0x3F,0xD2,0x50000,0x056002,9,0x0C9D8,1,1,
6.059206,267211,0x010AA8,0x004C,0x4C,9,loop_mid,0x1D,0,0,0x00,0x02,0x60,0x600200,0x1D,0x60,0x601D,0x7F,0x84,0x3F,0x3F,0xD2,0x50000,0x056002,9,0x0C9D8,1,1,
6.059206,267211,0x010AAC,0x00CC,0xCC,9,cur_mid,0x1D,1,1,0x00,0x1D,0x60,0x601D00,0x1D,0x60,0x601D,0x7F,0x84,0x3F,0x3F,0xD2,0x50000,0x05601D,9,0x0C9F3,1,1,current_low_write
6.059206,267211,0x010AB0,0x004D,0x4D,9,loop_high,0x0C,2,2,0x00,0x1D,0x60,0x601D00,0x1D,0x0C,0x0C1D,0x7F,0x84,0x3F,0x3F,0xD2,0x50000,0x05601D,9,0x0C9F3,1,1,
6.059229,267212,0x010AB5,0x00CD,0xCD,9,cur_high,0x0C,0,0,0x00,0x1D,0x0C,0x0C1D00,0x1D,0x0C,0x0C1D,0x7F,0x84,0x3F,0x3F,0xD2,0x50000,0x050C1D,5,0x07BFF,1,1,current_pair_complete
6.059229,267212,0x010AB9,0x004E,0x4E,9,end,0x1B,1,1,0x00,0x1D,0x0C,0x0C1D00,0x1D,0x0C,0x0C1D,0x1B,0x84,0x3F,0x3F,0xD2,0x50000,0x050C1D,5,0x07BFF,1,1,
6.059229,267212,0x010ABD,0x004F,0x4F,9,delta,0x78,2,2,0x00,0x1D,0x0C,0x0C1D00,0x1D,0x0C,0x0C1D,0x1B,0x78,0x3F,0x3F,0xD2,0x50000,0x050C1D,5,0x07BFF,1,1,
6.059252,267213,0x010AC2,0x00CE,0xCE,9,ctrl,0xC2,0,0,0x00,0x1D,0x0C,0x0C1D00,0x1D,0x0C,0x0C1D,0x1B,0x78,0x3F,0x3F,0xC2,0x40000,0x040C1D,0,0x00000,1,1,retrigger_commit
6.059637,267230,0x010AC8,0x005A,0x5A,11,vol_l,0x10,0,0,0x00,0x1D,0x0C,0x0C1D00,0x1D,0x0C,0x0C1D,0x1B,0x78,0x10,0x3F,0xC2,0x40000,0x040C1D,0,0x00000,1,1,
6.059637,267230,0x010ACC,0x005B,0x5B,11,vol_r,0x10,1,1,0x00,0x1D,0x0C,0x0C1D00,0x1D,0x0C,0x0C1D,0x1B,0x78,0x10,0x10,0xC2,0x40000,0x040C1D,0,0x00000,1,1,
6.059637,267230,0x010AD0,0x005C,0x5C,11,loop_mid,0x02,2,2,0x00,0x1D,0x0C,0x0C1D00,0x02,0x0C,0x0C02,0x1B,0x78,0x10,0x10,0xC2,0x40000,0x040C1D,0,0x00000,1,1,
6.059660,267231,0x010AD5,0x00DC,0xDC,11,cur_mid,0x02,0,0,0x00,0x02,0x0C,0x0C0200,0x02,0x0C,0x0C02,0x1B,0x78,0x10,0x10,0xC2,0x40000,0x040C02,,,1,1,current_low_write
6.059660,267231,0x010AD9,0x005D,0x5D,11,loop_high,0x60,1,1,0x00,0x02,0x0C,0x0C0200,0x02,0x60,0x6002,0x1B,0x78,0x10,0x10,0xC2,0x40000,0x040C02,,,1,1,
6.059660,267231,0x010ADD,0x00DD,0xDD,11,cur_high,0x60,2,2,0x00,0x02,0x60,0x600200,0x02,0x60,0x6002,0x1B,0x78,0x10,0x10,0xC2,0x40000,0x046002,3,0x05125,1,1,current_pair_complete
6.059683,267232,0x010AE2,0x005E,0x5E,11,end,0x7F,0,0,0x00,0x02,0x60,0x600200,0x02,0x60,0x6002,0x7F,0x78,0x10,0x10,0xC2,0x40000,0x046002,3,0x05125,1,1,
6.059683,267232,0x010AE6,0x005F,0x5F,11,delta,0x84,1,1,0x00,0x02,0x60,0x600200,0x02,0x60,0x6002,0x7F,0x84,0x10,0x10,0xC2,0x40000,0x046002,3,0x05125,1,1,
6.059683,267232,0x010AEA,0x00DE,0xDE,11,ctrl,0xD2,2,2,0x00,0x02,0x60,0x600200,0x02,0x60,0x6002,0x7F,0x84,0x10,0x10,0xD2,0x50000,0x056002,9,0x0C9D8,1,1,retrigger_commit
6.157619,271551,0x010B63,0x000A,0x0A,1,vol_l,0x27,0,0,0x00,0x02,0x60,0x600200,0x02,0x60,0x6002,0x7F,0x84,0x27,0x10,0xD2,0x50000,0x056002,9,0x0C9D8,1,1,
6.157619,271551,0x010B67,0x000B,0x0B,1,vol_r,0x28,1,1,0x00,0x02,0x60,0x600200,0x02,0x60,0x6002,0x7F,0x84,0x27,0x28,0xD2,0x50000,0x056002,9,0x0C9D8,1,1,
6.157619,271551,0x010B6B,0x000C,0x0C,1,loop_mid,0xE6,2,2,0x00,0x02,0x60,0x600200,0xE6,0x60,0x60E6,0x7F,0x84,0x27,0x28,0xD2,0x50000,0x056002,9,0x0C9D8,1,1,
6.157642,271552,0x010B70,0x008C,0x8C,1,cur_mid,0xE6,0,0,0x00,0xE6,0x60,0x60E600,0xE6,0x60,0x60E6,0x7F,0x84,0x27,0x28,0xD2,0x50000,0x0560E6,9,0x0CABC,1,1,current_low_write
6.157642,271552,0x010B74,0x000D,0x0D,1,loop_high,0x3B,1,1,0x00,0xE6,0x60,0x60E600,0xE6,0x3B,0x3BE6,0x7F,0x84,0x27,0x28,0xD2,0x50000,0x0560E6,9,0x0CABC,1,1,
6.157642,271552,0x010B78,0x008D,0x8D,1,cur_high,0x3B,2,2,0x00,0xE6,0x3B,0x3BE600,0xE6,0x3B,0x3BE6,0x7F,0x84,0x27,0x28,0xD2,0x50000,0x053BE6,6,0x0AB08,1,1,current_pair_complete
6.157664,271553,0x010B7D,0x000F,0x0F,1,delta,0x90,0,0,0x00,0xE6,0x3B,0x3BE600,0xE6,0x3B,0x3BE6,0x7F,0x90,0x27,0x28,0xD2,0x50000,0x053BE6,6,0x0AB08,1,1,
6.157664,271553,0x010B81,0x008E,0x8E,1,ctrl,0xC2,1,1,0x00,0xE6,0x3B,0x3BE600,0xE6,0x3B,0x3BE6,0x7F,0x90,0x27,0x28,0xC2,0x40000,0x043BE6,3,0x02D09,1,1,retrigger_commit
6.158186,271576,0x010B87,0x000A,0x0A,1,vol_l,0x38,0,0,0x00,0xE6,0x3B,0x3BE600,0xE6,0x3B,0x3BE6,0x7F,0x90,0x38,0x28,0xC2,0x40000,0x043BE6,3,0x02D09,1,1,
6.158186,271576,0x010B8B,0x000B,0x0B,1,vol_r,0x38,1,1,0x00,0xE6,0x3B,0x3BE600,0xE6,0x3B,0x3BE6,0x7F,0x90,0x38,0x38,0xC2,0x40000,0x043BE6,3,0x02D09,1,1,
6.158186,271576,0x010B8F,0x000C,0x0C,1,loop_mid,0xAB,2,2,0x00,0xE6,0x3B,0x3BE600,0xAB,0x3B,0x3BAB,0x7F,0x90,0x38,0x38,0xC2,0x40000,0x043BE6,3,0x02D09,1,1,
6.158209,271577,0x010B94,0x008C,0x8C,1,cur_mid,0xAB,0,0,0x00,0xAB,0x3B,0x3BAB00,0xAB,0x3B,0x3BAB,0x7F,0x90,0x38,0x38,0xC2,0x40000,0x043BAB,,,1,1,current_low_write
6.158209,271577,0x010B98,0x000D,0x0D,1,loop_high,0x29,1,1,0x00,0xAB,0x3B,0x3BAB00,0xAB,0x29,0x29AB,0x7F,0x90,0x38,0x38,0xC2,0x40000,0x043BAB,,,1,1,
6.158209,271577,0x010B9C,0x008D,0x8D,1,cur_high,0x29,2,2,0x00,0xAB,0x29,0x29AB00,0xAB,0x29,0x29AB,0x7F,0x90,0x38,0x38,0xC2,0x40000,0x0429AB,1,0x01CE3,1,1,current_pair_complete
6.158231,271578,0x010BA1,0x000E,0x0E,1,end,0x2E,0,0,0x00,0xAB,0x29,0x29AB00,0xAB,0x29,0x29AB,0x2E,0x90,0x38,0x38,0xC2,0x40000,0x0429AB,1,0x01CE3,1,1,
6.158231,271578,0x010BA5,0x000F,0x0F,1,delta,0x84,1,1,0x00,0xAB,0x29,0x29AB00,0xAB,0x29,0x29AB,0x2E,0x84,0x38,0x38,0xC2,0x40000,0x0429AB,1,0x01CE3,1,1,
6.158231,271578,0x010BA9,0x008E,0x8E,1,ctrl,0xC2,2,2,0x00,0xAB,0x29,0x29AB00,0xAB,0x29,0x29AB,0x2E,0x84,0x38,0x38,0xC2,0x40000,0x0429AB,1,0x01CE3,1,1,retrigger_commit
6.158821,271604,0x010BAF,0x000A,0x0A,1,vol_l,0x3F,0,0,0x00,0xAB,0x29,0x29AB00,0xAB,0x29,0x29AB,0x2E,0x84,0x3F,0x38,0xC2,0x40000,0x0429AB,1,0x01CE3,1,1,
6.158821,271604,0x010BB3,0x000B,0x0B,1,vol_r,0x3F,1,1,0x00,0xAB,0x29,0x29AB00,0xAB,0x29,0x29AB,0x2E,0x84,0x3F,0x3F,0xC2,0x40000,0x0429AB,1,0x01CE3,1,1,
6.158821,271604,0x010BB7,0x000C,0x0C,1,loop_mid,0x1D,2,2,0x00,0xAB,0x29,0x29AB00,0x1D,0x29,0x291D,0x2E,0x84,0x3F,0x3F,0xC2,0x40000,0x0429AB,1,0x01CE3,1,1,
6.158844,271605,0x010BBC,0x008C,0x8C,1,cur_mid,0x1D,0,0,0x00,0x1D,0x29,0x291D00,0x1D,0x29,0x291D,0x2E,0x84,0x3F,0x3F,0xC2,0x40000,0x04291D,,,1,1,current_low_write
6.158844,271605,0x010BC0,0x000D,0x0D,1,loop_high,0x0C,1,1,0x00,0x1D,0x29,0x291D00,0x1D,0x0C,0x0C1D,0x2E,0x84,0x3F,0x3F,0xC2,0x40000,0x04291D,,,1,1,
6.158844,271605,0x010BC4,0x008D,0x8D,1,cur_high,0x0C,2,2,0x00,0x1D,0x0C,0x0C1D00,0x1D,0x0C,0x0C1D,0x2E,0x84,0x3F,0x3F,0xC2,0x40000,0x040C1D,0,0x00000,1,1,current_pair_complete
6.158866,271606,0x010BC9,0x000E,0x0E,1,end,0x1B,0,0,0x00,0x1D,0x0C,0x0C1D00,0x1D,0x0C,0x0C1D,0x1B,0x84,0x3F,0x3F,0xC2,0x40000,0x040C1D,0,0x00000,1,1,
6.158866,271606,0x010BCD,0x000F,0x0F,1,delta,0x78,1,1,0x00,0x1D,0x0C,0x0C1D00,0x1D,0x0C,0x0C1D,0x1B,0x78,0x3F,0x3F,0xC2,0x40000,0x040C1D,0,0x00000,1,1,
6.158866,271606,0x010BD1,0x008E,0x8E,1,ctrl,0xC2,2,2,0x00,0x1D,0x0C,0x0C1D00,0x1D,0x0C,0x0C1D,0x1B,0x78,0x3F,0x3F,0xC2,0x40000,0x040C1D,0,0x00000,1,1,retrigger_commit
6.171066,272144,0x010BD8,0x000A,0x0A,1,vol_l,0x20,0,0,0x00,0x1D,0x0C,0x0C1D00,0x1D,0x0C,0x0C1D,0x1B,0x78,0x20,0x3F,0xC2,0x40000,0x040C1D,0,0x00000,1,1,
6.171066,272144,0x010BDC,0x000B,0x0B,1,vol_r,0x20,1,1,0x00,0x1D,0x0C,0x0C1D00,0x1D,0x0C,0x0C1D,0x1B,0x78,0x20,0x20,0xC2,0x40000,0x040C1D,0,0x00000,1,1,
6.171088,272145,0x010BE1,0x000C,0x0C,1,loop_mid,0x7C,0,0,0x00,0x1D,0x0C,0x0C1D00,0x7C,0x0C,0x0C7C,0x1B,0x78,0x20,0x20,0xC2,0x40000,0x040C1D,0,0x00000,1,1,
6.171088,272145,0x010BE5,0x008C,0x8C,1,cur_mid,0x7C,1,1,0x00,0x7C,0x0C,0x0C7C00,0x7C,0x0C,0x0C7C,0x1B,0x78,0x20,0x20,0xC2,0x40000,0x040C7C,0,0x0005F,1,1,current_low_write
6.171088,272145,0x010BE9,0x000D,0x0D,1,loop_high,0x43,2,2,0x00,0x7C,0x0C,0x0C7C00,0x7C,0x43,0x437C,0x1B,0x78,0x20,0x20,0xC2,0x40000,0x040C7C,0,0x0005F,1,1,
6.171111,272146,0x010BEE,0x008D,0x8D,1,cur_high,0x43,0,0,0x00,0x7C,0x43,0x437C00,0x7C,0x43,0x437C,0x1B,0x78,0x20,0x20,0xC2,0x40000,0x04437C,3,0x0349F,1,1,current_pair_complete
6.171111,272146,0x010BF2,0x000E,0x0E,1,end,0x48,1,1,0x00,0x7C,0x43,0x437C00,0x7C,0x43,0x437C,0x48,0x78,0x20,0x20,0xC2,0x40000,0x04437C,3,0x0349F,1,1,
6.171111,272146,0x010BF6,0x000F,0x0F,1,delta,0x84,2,2,0x00,0x7C,0x43,0x437C00,0x7C,0x43,0x437C,0x48,0x84,0x20,0x20,0xC2,0x40000,0x04437C,3,0x0349F,1,1,
6.171134,272147,0x010BFB,0x008E,0x8E,1,ctrl,0xD2,0,0,0x00,0x7C,0x43,0x437C00,0x7C,0x43,0x437C,0x48,0x84,0x20,0x20,0xD2,0x50000,0x05437C,7,0x0B222,1,1,retrigger_commit
6.250930,275666,0x010C02,0x0018,0x18,3,cur_low,0x80,0,0,0x80,0x02,0x60,0x600280,0x02,0x60,0x6002,0x7F,0x84,0x10,0x10,0xD2,0x50000,0x056002,9,0x0C9D8,1,1,
6.250930,275666,0x010C06,0x001A,0x1A,3,vol_l,0x07,1,1,0x80,0x02,0x60,0x600280,0x02,0x60,0x6002,0x7F,0x84,0x07,0x10,0xD2,0x50000,0x056002,9,0x0C9D8,1,1,
6.250930,275666,0x010C0A,0x001B,0x1B,3,vol_r,0x07,2,2,0x80,0x02,0x60,0x600280,0x02,0x60,0x6002,0x7F,0x84,0x07,0x07,0xD2,0x50000,0x056002,9,0x0C9D8,1,1,
6.250952,275667,0x010C0F,0x001C,0x1C,3,loop_mid,0x2F,0,0,0x80,0x02,0x60,0x600280,0x2F,0x60,0x602F,0x7F,0x84,0x07,0x07,0xD2,0x50000,0x056002,9,0x0C9D8,1,1,
6.250952,275667,0x010C13,0x009C,0x9C,3,cur_mid,0x2F,1,1,0x80,0x2F,0x60,0x602F80,0x2F,0x60,0x602F,0x7F,0x84,0x07,0x07,0xD2,0x50000,0x05602F,9,0x0CA05,1,1,current_low_write
6.250952,275667,0x010C17,0x001D,0x1D,3,loop_high,0x30,2,2,0x80,0x2F,0x60,0x602F80,0x2F,0x30,0x302F,0x7F,0x84,0x07,0x07,0xD2,0x50000,0x05602F,9,0x0CA05,1,1,
6.250975,275668,0x010C1C,0x009D,0x9D,3,cur_high,0x30,0,0,0x80,0x2F,0x30,0x302F80,0x2F,0x30,0x302F,0x7F,0x84,0x07,0x07,0xD2,0x50000,0x05302F,6,0x09F51,1,1,current_pair_complete
6.250975,275668,0x010C20,0x001E,0x1E,3,end,0x3A,1,1,0x80,0x2F,0x30,0x302F80,0x2F,0x30,0x302F,0x3A,0x84,0x07,0x07,0xD2,0x50000,0x05302F,6,0x09F51,1,1,
6.250998,275669,0x010C25,0x009E,0x9E,3,ctrl,0xC6,0,0,0x80,0x2F,0x30,0x302F80,0x2F,0x30,0x302F,0x3A,0x84,0x07,0x07,0xC6,0x40000,0x04302F,2,0x02238,1,1,retrigger_commit
6.251519,275692,0x010C2B,0x0028,0x28,5,cur_low,0x00,0,0,0x00,0x2F,0x30,0x302F00,0x2F,0x30,0x302F,0x3A,0x84,0x07,0x07,0xC6,0x40000,0x04302F,2,0x02238,1,1,
6.251542,275693,0x010C30,0x002A,0x2A,5,vol_l,0x10,0,0,0x00,0x2F,0x30,0x302F00,0x2F,0x30,0x302F,0x3A,0x84,0x10,0x07,0xC6,0x40000,0x04302F,2,0x02238,1,1,
6.251542,275693,0x010C34,0x002B,0x2B,5,vol_r,0x10,1,1,0x00,0x2F,0x30,0x302F00,0x2F,0x30,0x302F,0x3A,0x84,0x10,0x10,0xC6,0x40000,0x04302F,2,0x02238,1,1,
6.251542,275693,0x010C38,0x002C,0x2C,5,loop_mid,0x02,2,2,0x00,0x2F,0x30,0x302F00,0x02,0x30,0x3002,0x3A,0x84,0x10,0x10,0xC6,0x40000,0x04302F,2,0x02238,1,1,
6.251565,275694,0x010C3D,0x00AC,0xAC,5,cur_mid,0x02,0,0,0x00,0x02,0x30,0x300200,0x02,0x30,0x3002,0x3A,0x84,0x10,0x10,0xC6,0x40000,0x043002,,,1,1,current_low_write
6.251565,275694,0x010C41,0x002D,0x2D,5,loop_high,0x60,1,1,0x00,0x02,0x30,0x300200,0x02,0x60,0x6002,0x3A,0x84,0x10,0x10,0xC6,0x40000,0x043002,,,1,1,
6.251565,275694,0x010C45,0x00AD,0xAD,5,cur_high,0x60,2,2,0x00,0x02,0x60,0x600200,0x02,0x60,0x6002,0x3A,0x84,0x10,0x10,0xC6,0x40000,0x046002,3,0x05125,1,1,current_pair_complete
6.251587,275695,0x010C4A,0x002E,0x2E,5,end,0x7F,0,0,0x00,0x02,0x60,0x600200,0x02,0x60,0x6002,0x7F,0x84,0x10,0x10,0xC6,0x40000,0x046002,3,0x05125,1,1,
6.251587,275695,0x010C4E,0x00AE,0xAE,5,ctrl,0xD2,1,1,0x00,0x02,0x60,0x600200,0x02,0x60,0x6002,0x7F,0x84,0x10,0x10,0xD2,0x50000,0x056002,9,0x0C9D8,1,1,retrigger_commit
6.348118,279952,0x010CA3,0x0018,0x18,3,cur_low,0x84,0,0,0x84,0x2F,0x30,0x302F84,0x2F,0x30,0x302F,0x3A,0x84,0x07,0x07,0xC6,0x40000,0x04302F,2,0x02238,1,1,
6.348141,279953,0x010CA8,0x001C,0x1C,3,loop_mid,0x2F,0,0,0x84,0x2F,0x30,0x302F84,0x2F,0x30,0x302F,0x3A,0x84,0x07,0x07,0xC6,0x40000,0x04302F,2,0x02238,1,1,
6.348163,279954,0x010CAD,0x009C,0x9C,3,cur_mid,0x2F,0,0,0x84,0x2F,0x30,0x302F84,0x2F,0x30,0x302F,0x3A,0x84,0x07,0x07,0xC6,0x40000,0x04302F,2,0x02238,1,1,current_low_write
6.348163,279954,0x010CB1,0x001D,0x1D,3,loop_high,0x30,1,1,0x84,0x2F,0x30,0x302F84,0x2F,0x30,0x302F,0x3A,0x84,0x07,0x07,0xC6,0x40000,0x04302F,2,0x02238,1,1,
6.348163,279954,0x010CB5,0x009D,0x9D,3,cur_high,0x30,2,2,0x84,0x2F,0x30,0x302F84,0x2F,0x30,0x302F,0x3A,0x84,0x07,0x07,0xC6,0x40000,0x04302F,2,0x02238,1,1,current_pair_complete
6.348186,279955,0x010CBA,0x009E,0x9E,3,ctrl,0xC6,0,0,0x84,0x2F,0x30,0x302F84,0x2F,0x30,0x302F,0x3A,0x84,0x07,0x07,0xC6,0x40000,0x04302F,2,0x02238,1,1,retrigger_commit
6.348458,279967,0x010CBF,0x000A,0x0A,1,vol_l,0x38,0,0,0x00,0x7C,0x43,0x437C00,0x7C,0x43,0x437C,0x48,0x84,0x38,0x20,0xD2,0x50000,0x05437C,7,0x0B222,1,1,
6.348458,279967,0x010CC3,0x000B,0x0B,1,vol_r,0x38,1,1,0x00,0x7C,0x43,0x437C00,0x7C,0x43,0x437C,0x48,0x84,0x38,0x38,0xD2,0x50000,0x05437C,7,0x0B222,1,1,
6.348458,279967,0x010CC7,0x000C,0x0C,1,loop_mid,0xAB,2,2,0x00,0x7C,0x43,0x437C00,0xAB,0x43,0x43AB,0x48,0x84,0x38,0x38,0xD2,0x50000,0x05437C,7,0x0B222,1,1,
6.348481,279968,0x010CCC,0x008C,0x8C,1,cur_mid,0xAB,0,0,0x00,0xAB,0x43,0x43AB00,0xAB,0x43,0x43AB,0x48,0x84,0x38,0x38,0xD2,0x50000,0x0543AB,7,0x0B251,1,1,current_low_write
6.348481,279968,0x010CD0,0x000D,0x0D,1,loop_high,0x29,1,1,0x00,0xAB,0x43,0x43AB00,0xAB,0x29,0x29AB,0x48,0x84,0x38,0x38,0xD2,0x50000,0x0543AB,7,0x0B251,1,1,
6.348481,279968,0x010CD4,0x008D,0x8D,1,cur_high,0x29,2,2,0x00,0xAB,0x29,0x29AB00,0xAB,0x29,0x29AB,0x48,0x84,0x38,0x38,0xD2,0x50000,0x0529AB,6,0x098CD,1,1,current_pair_complete
6.348503,279969,0x010CD9,0x000E,0x0E,1,end,0x2E,0,0,0x00,0xAB,0x29,0x29AB00,0xAB,0x29,0x29AB,0x2E,0x84,0x38,0x38,0xD2,0x50000,0x0529AB,6,0x098CD,1,1,
6.348503,279969,0x010CDD,0x008E,0x8E,1,ctrl,0xC2,1,1,0x00,0xAB,0x29,0x29AB00,0xAB,0x29,0x29AB,0x2E,0x84,0x38,0x38,0xC2,0x40000,0x0429AB,1,0x01CE3,1,1,retrigger_commit
6.442766,284126,0x010CE4,0x001C,0x1C,3,loop_mid,0x2F,0,0,0x84,0x2F,0x30,0x302F84,0x2F,0x30,0x302F,0x3A,0x84,0x07,0x07,0xC6,0x40000,0x04302F,2,0x02238,1,1,
6.442789,284127,0x010CE9,0x009C,0x9C,3,cur_mid,0x2F,0,0,0x84,0x2F,0x30,0x302F84,0x2F,0x30,0x302F,0x3A,0x84,0x07,0x07,0xC6,0x40000,0x04302F,2,0x02238,1,1,current_low_write
6.442789,284127,0x010CED,0x001D,0x1D,3,loop_high,0x30,1,1,0x84,0x2F,0x30,0x302F84,0x2F,0x30,0x302F,0x3A,0x84,0x07,0x07,0xC6,0x40000,0x04302F,2,0x02238,1,1,
6.442789,284127,0x010CF1,0x009D,0x9D,3,cur_high,0x30,2,2,0x84,0x2F,0x30,0x302F84,0x2F,0x30,0x302F,0x3A,0x84,0x07,0x07,0xC6,0x40000,0x04302F,2,0x02238,1,1,current_pair_complete
6.442812,284128,0x010CF6,0x009E,0x9E,3,ctrl,0xC6,0,0,0x84,0x2F,0x30,0x302F84,0x2F,0x30,0x302F,0x3A,0x84,0x07,0x07,0xC6,0x40000,0x04302F,2,0x02238,1,1,retrigger_commit
6.443265,284148,0x010CFC,0x000A,0x0A,1,vol_l,0x10,0,0,0x00,0xAB,0x29,0x29AB00,0xAB,0x29,0x29AB,0x2E,0x84,0x10,0x38,0xC2,0x40000,0x0429AB,1,0x01CE3,1,1,
6.443288,284149,0x010D01,0x000B,0x0B,1,vol_r,0x10,0,0,0x00,0xAB,0x29,0x29AB00,0xAB,0x29,0x29AB,0x2E,0x84,0x10,0x10,0xC2,0x40000,0x0429AB,1,0x01CE3,1,1,
6.443288,284149,0x010D05,0x000C,0x0C,1,loop_mid,0x02,1,1,0x00,0xAB,0x29,0x29AB00,0x02,0x29,0x2902,0x2E,0x84,0x10,0x10,0xC2,0x40000,0x0429AB,1,0x01CE3,1,1,
6.443288,284149,0x010D09,0x008C,0x8C,1,cur_mid,0x02,2,2,0x00,0x02,0x29,0x290200,0x02,0x29,0x2902,0x2E,0x84,0x10,0x10,0xC2,0x40000,0x042902,,,1,1,current_low_write
6.443311,284150,0x010D0E,0x000D,0x0D,1,loop_high,0x60,0,0,0x00,0x02,0x29,0x290200,0x02,0x60,0x6002,0x2E,0x84,0x10,0x10,0xC2,0x40000,0x042902,,,1,1,
6.443311,284150,0x010D12,0x008D,0x8D,1,cur_high,0x60,1,1,0x00,0x02,0x60,0x600200,0x02,0x60,0x6002,0x2E,0x84,0x10,0x10,0xC2,0x40000,0x046002,3,0x05125,1,1,current_pair_complete
6.443311,284150,0x010D16,0x000E,0x0E,1,end,0x7F,2,2,0x00,0x02,0x60,0x600200,0x02,0x60,0x6002,0x7F,0x84,0x10,0x10,0xC2,0x40000,0x046002,3,0x05125,1,1,
6.443333,284151,0x010D1B,0x008E,0x8E,1,ctrl,0xD2,0,0,0x00,0x02,0x60,0x600200,0x02,0x60,0x6002,0x7F,0x84,0x10,0x10,0xD2,0x50000,0x056002,9,0x0C9D8,1,1,retrigger_commit
6.540091,288418,0x010D6E,0x001A,0x1A,3,vol_l,0x10,0,0,0x84,0x2F,0x30,0x302F84,0x2F,0x30,0x302F,0x3A,0x84,0x10,0x07,0xC6,0x40000,0x04302F,2,0x02238,1,1,
6.540091,288418,0x010D72,0x001B,0x1B,3,vol_r,0x10,1,1,0x84,0x2F,0x30,0x302F84,0x2F,0x30,0x302F,0x3A,0x84,0x10,0x10,0xC6,0x40000,0x04302F,2,0x02238,1,1,
6.540091,288418,0x010D76,0x001C,0x1C,3,loop_mid,0x2F,2,2,0x84,0x2F,0x30,0x302F84,0x2F,0x30,0x302F,0x3A,0x84,0x10,0x10,0xC6,0x40000,0x04302F,2,0x02238,1,1,
6.540113,288419,0x010D7B,0x009C,0x9C,3,cur_mid,0x2F,0,0,0x84,0x2F,0x30,0x302F84,0x2F,0x30,0x302F,0x3A,0x84,0x10,0x10,0xC6,0x40000,0x04302F,2,0x02238,1,1,current_low_write
6.540113,288419,0x010D7F,0x001D,0x1D,3,loop_high,0x30,1,1,0x84,0x2F,0x30,0x302F84,0x2F,0x30,0x302F,0x3A,0x84,0x10,0x10,0xC6,0x40000,0x04302F,2,0x02238,1,1,
6.540113,288419,0x010D83,0x009D,0x9D,3,cur_high,0x30,2,2,0x84,0x2F,0x30,0x302F84,0x2F,0x30,0x302F,0x3A,0x84,0x10,0x10,0xC6,0x40000,0x04302F,2,0x02238,1,1,current_pair_complete
6.540136,288420,0x010D88,0x009E,0x9E,3,ctrl,0xC6,0,0,0x84,0x2F,0x30,0x302F84,0x2F,0x30,0x302F,0x3A,0x84,0x10,0x10,0xC6,0x40000,0x04302F,2,0x02238,1,1,retrigger_commit
6.540499,288436,0x010D8D,0x003A,0x3A,7,vol_l,0x3F,0,0,0x00,0x02,0x60,0x600200,0x02,0x60,0x6002,0x7F,0x84,0x3F,0x10,0xD2,0x50000,0x056002,9,0x0C9D8,1,1,
6.540522,288437,0x010D92,0x003B,0x3B,7,vol_r,0x3F,0,0,0x00,0x02,0x60,0x600200,0x02,0x60,0x6002,0x7F,0x84,0x3F,0x3F,0xD2,0x50000,0x056002,9,0x0C9D8,1,1,
6.540522,288437,0x010D96,0x003C,0x3C,7,loop_mid,0x1D,1,1,0x00,0x02,0x60,0x600200,0x1D,0x60,0x601D,0x7F,0x84,0x3F,0x3F,0xD2,0x50000,0x056002,9,0x0C9D8,1,1,
6.540522,288437,0x010D9A,0x00BC,0xBC,7,cur_mid,0x1D,2,2,0x00,0x1D,0x60,0x601D00,0x1D,0x60,0x601D,0x7F,0x84,0x3F,0x3F,0xD2,0x50000,0x05601D,9,0x0C9F3,1,1,current_low_write
6.540544,288438,0x010D9F,0x003D,0x3D,7,loop_high,0x0C,0,0,0x00,0x1D,0x60,0x601D00,0x1D,0x0C,0x0C1D,0x7F,0x84,0x3F,0x3F,0xD2,0x50000,0x05601D,9,0x0C9F3,1,1,
6.540544,288438,0x010DA3,0x00BD,0xBD,7,cur_high,0x0C,1,1,0x00,0x1D,0x0C,0x0C1D00,0x1D,0x0C,0x0C1D,0x7F,0x84,0x3F,0x3F,0xD2,0x50000,0x050C1D,5,0x07BFF,1,1,current_pair_complete
6.540544,288438,0x010DA7,0x003E,0x3E,7,end,0x1B,2,2,0x00,0x1D,0x0C,0x0C1D00,0x1D,0x0C,0x0C1D,0x1B,0x84,0x3F,0x3F,0xD2,0x50000,0x050C1D,5,0x07BFF,1,1,
6.540567,288439,0x010DAC,0x003F,0x3F,7,delta,0x78,0,0,0x00,0x1D,0x0C,0x0C1D00,0x1D,0x0C,0x0C1D,0x1B,0x78,0x3F,0x3F,0xD2,0x50000,0x050C1D,5,0x07BFF,1,1,
6.540567,288439,0x010DB0,0x00BE,0xBE,7,ctrl,0xC2,1,1,0x00,0x1D,0x0C,0x0C1D00,0x1D,0x0C,0x0C1D,0x1B,0x78,0x3F,0x3F,0xC2,0x40000,0x040C1D,0,0x00000,1,1,retrigger_commit
6.554739,289064,0x010DB7,0x004A,0x4A,9,vol_l,0x20,0,0,0x00,0x1D,0x0C,0x0C1D00,0x1D,0x0C,0x0C1D,0x1B,0x78,0x20,0x3F,0xC2,0x40000,0x040C1D,0,0x00000,1,1,
6.554739,289064,0x010DBB,0x004B,0x4B,9,vol_r,0x20,1,1,0x00,0x1D,0x0C,0x0C1D00,0x1D,0x0C,0x0C1D,0x1B,0x78,0x20,0x20,0xC2,0x40000,0x040C1D,0,0x00000,1,1,
6.554739,289064,0x010DBF,0x004C,0x4C,9,loop_mid,0x7C,2,2,0x00,0x1D,0x0C,0x0C1D00,0x7C,0x0C,0x0C7C,0x1B,0x78,0x20,0x20,0xC2,0x40000,0x040C1D,0,0x00000,1,1,
6.554762,289065,0x010DC4,0x00CC,0xCC,9,cur_mid,0x7C,0,0,0x00,0x7C,0x0C,0x0C7C00,0x7C,0x0C,0x0C7C,0x1B,0x78,0x20,0x20,0xC2,0x40000,0x040C7C,0,0x0005F,1,1,current_low_write
6.554762,289065,0x010DC8,0x004D,0x4D,9,loop_high,0x43,1,1,0x00,0x7C,0x0C,0x0C7C00,0x7C,0x43,0x437C,0x1B,0x78,0x20,0x20,0xC2,0x40000,0x040C7C,0,0x0005F,1,1,
6.554762,289065,0x010DCC,0x00CD,0xCD,9,cur_high,0x43,2,2,0x00,0x7C,0x43,0x437C00,0x7C,0x43,0x437C,0x1B,0x78,0x20,0x20,0xC2,0x40000,0x04437C,3,0x0349F,1,1,current_pair_complete
6.554785,289066,0x010DD1,0x004E,0x4E,9,end,0x48,0,0,0x00,0x7C,0x43,0x437C00,0x7C,0x43,0x437C,0x48,0x78,0x20,0x20,0xC2,0x40000,0x04437C,3,0x0349F,1,1,
6.554785,289066,0x010DD5,0x004F,0x4F,9,delta,0x84,1,1,0x00,0x7C,0x43,0x437C00,0x7C,0x43,0x437C,0x48,0x84,0x20,0x20,0xC2,0x40000,0x04437C,3,0x0349F,1,1,
6.554785,289066,0x010DD9,0x00CE,0xCE,9,ctrl,0xD2,2,2,0x00,0x7C,0x43,0x437C00,0x7C,0x43,0x437C,0x48,0x84,0x20,0x20,0xD2,0x50000,0x05437C,7,0x0B222,1,1,retrigger_commit
6.634512,292582,0x010DE0,0x001A,0x1A,3,vol_l,0x07,0,0,0x84,0x2F,0x30,0x302F84,0x2F,0x30,0x302F,0x3A,0x84,0x07,0x10,0xC6,0x40000,0x04302F,2,0x02238,1,1,
6.634535,292583,0x010DE5,0x001B,0x1B,3,vol_r,0x07,0,0,0x84,0x2F,0x30,0x302F84,0x2F,0x30,0x302F,0x3A,0x84,0x07,0x07,0xC6,0x40000,0x04302F,2,0x02238,1,1,
6.634535,292583,0x010DE9,0x001C,0x1C,3,loop_mid,0x2F,1,1,0x84,0x2F,0x30,0x302F84,0x2F,0x30,0x302F,0x3A,0x84,0x07,0x07,0xC6,0x40000,0x04302F,2,0x02238,1,1,
6.634535,292583,0x010DED,0x009C,0x9C,3,cur_mid,0x2F,2,2,0x84,0x2F,0x30,0x302F84,0x2F,0x30,0x302F,0x3A,0x84,0x07,0x07,0xC6,0x40000,0x04302F,2,0x02238,1,1,current_low_write
6.634558,292584,0x010DF2,0x001D,0x1D,3,loop_high,0x30,0,0,0x84,0x2F,0x30,0x302F84,0x2F,0x30,0x302F,0x3A,0x84,0x07,0x07,0xC6,0x40000,0x04302F,2,0x02238,1,1,
6.634558,292584,0x010DF6,0x009D,0x9D,3,cur_high,0x30,1,1,0x84,0x2F,0x30,0x302F84,0x2F,0x30,0x302F,0x3A,0x84,0x07,0x07,0xC6,0x40000,0x04302F,2,0x02238,1,1,current_pair_complete
6.634580,292585,0x010DFB,0x009E,0x9E,3,ctrl,0xC6,0,0,0x84,0x2F,0x30,0x302F84,0x2F,0x30,0x302F,0x3A,0x84,0x07,0x07,0xC6,0x40000,0x04302F,2,0x02238,1,1,retrigger_commit
6.635170,292611,0x010E01,0x005C,0x5C,11,loop_mid,0x02,0,0,0x00,0x02,0x60,0x600200,0x02,0x60,0x6002,0x7F,0x84,0x10,0x10,0xD2,0x50000,0x056002,9,0x0C9D8,1,1,
6.635170,292611,0x010E05,0x00DC,0xDC,11,cur_mid,0x02,1,1,0x00,0x02,0x60,0x600200,0x02,0x60,0x6002,0x7F,0x84,0x10,0x10,0xD2,0x50000,0x056002,9,0x0C9D8,1,1,current_low_write
6.635193,292612,0x010E0A,0x005D,0x5D,11,loop_high,0x60,0,0,0x00,0x02,0x60,0x600200,0x02,0x60,0x6002,0x7F,0x84,0x10,0x10,0xD2,0x50000,0x056002,9,0x0C9D8,1,1,
6.635193,292612,0x010E0E,0x00DD,0xDD,11,cur_high,0x60,1,1,0x00,0x02,0x60,0x600200,0x02,0x60,0x6002,0x7F,0x84,0x10,0x10,0xD2,0x50000,0x056002,9,0x0C9D8,1,1,current_pair_complete
6.635215,292613,0x010E13,0x00DE,0xDE,11,ctrl,0xD2,0,0,0x00,0x02,0x60,0x600200,0x02,0x60,0x6002,0x7F,0x84,0x10,0x10,0xD2,0x50000,0x056002,9,0x0C9D8,1,1,retrigger_commit
6.731134,296843,0x010E4E,0x001C,0x1C,3,loop_mid,0x2F,0,0,0x84,0x2F,0x30,0x302F84,0x2F,0x30,0x302F,0x3A,0x84,0x07,0x07,0xC6,0x40000,0x04302F,2,0x02238,1,1,
6.731134,296843,0x010E52,0x009C,0x9C,3,cur_mid,0x2F,1,1,0x84,0x2F,0x30,0x302F84,0x2F,0x30,0x302F,0x3A,0x84,0x07,0x07,0xC6,0x40000,0x04302F,2,0x02238,1,1,current_low_write
6.731134,296843,0x010E56,0x001D,0x1D,3,loop_high,0x30,2,2,0x84,0x2F,0x30,0x302F84,0x2F,0x30,0x302F,0x3A,0x84,0x07,0x07,0xC6,0x40000,0x04302F,2,0x02238,1,1,
6.731156,296844,0x010E5B,0x009D,0x9D,3,cur_high,0x30,0,0,0x84,0x2F,0x30,0x302F84,0x2F,0x30,0x302F,0x3A,0x84,0x07,0x07,0xC6,0x40000,0x04302F,2,0x02238,1,1,current_pair_complete
6.731179,296845,0x010E60,0x009E,0x9E,3,ctrl,0xC6,0,0,0x84,0x2F,0x30,0x302F84,0x2F,0x30,0x302F,0x3A,0x84,0x07,0x07,0xC6,0x40000,0x04302F,2,0x02238,1,1,retrigger_commit
6.731474,296858,0x010E65,0x004A,0x4A,9,vol_l,0x38,0,0,0x00,0x7C,0x43,0x437C00,0x7C,0x43,0x437C,0x48,0x84,0x38,0x20,0xD2,0x50000,0x05437C,7,0x0B222,1,1,
6.731497,296859,0x010E6A,0x004B,0x4B,9,vol_r,0x38,0,0,0x00,0x7C,0x43,0x437C00,0x7C,0x43,0x437C,0x48,0x84,0x38,0x38,0xD2,0x50000,0x05437C,7,0x0B222,1,1,
6.731497,296859,0x010E6E,0x004C,0x4C,9,loop_mid,0xAB,1,1,0x00,0x7C,0x43,0x437C00,0xAB,0x43,0x43AB,0x48,0x84,0x38,0x38,0xD2,0x50000,0x05437C,7,0x0B222,1,1,
6.731497,296859,0x010E72,0x00CC,0xCC,9,cur_mid,0xAB,2,2,0x00,0xAB,0x43,0x43AB00,0xAB,0x43,0x43AB,0x48,0x84,0x38,0x38,0xD2,0x50000,0x0543AB,7,0x0B251,1,1,current_low_write
6.731519,296860,0x010E77,0x004D,0x4D,9,loop_high,0x29,0,0,0x00,0xAB,0x43,0x43AB00,0xAB,0x29,0x29AB,0x48,0x84,0x38,0x38,0xD2,0x50000,0x0543AB,7,0x0B251,1,1,
6.731519,296860,0x010E7B,0x00CD,0xCD,9,cur_high,0x29,1,1,0x00,0xAB,0x29,0x29AB00,0xAB,0x29,0x29AB,0x48,0x84,0x38,0x38,0xD2,0x50000,0x0529AB,6,0x098CD,1,1,current_pair_complete
6.731519,296860,0x010E7F,0x004E,0x4E,9,end,0x2E,2,2,0x00,0xAB,0x29,0x29AB00,0xAB,0x29,0x29AB,0x2E,0x84,0x38,0x38,0xD2,0x50000,0x0529AB,6,0x098CD,1,1,
6.731542,296861,0x010E84,0x00CE,0xCE,9,ctrl,0xC2,0,0,0x00,0xAB,0x29,0x29AB00,0xAB,0x29,0x29AB,0x2E,0x84,0x38,0x38,0xC2,0x40000,0x0429AB,1,0x01CE3,1,1,retrigger_commit
6.826463,301047,0x010E8B,0x001C,0x1C,3,loop_mid,0x2F,0,0,0x84,0x2F,0x30,0x302F84,0x2F,0x30,0x302F,0x3A,0x84,0x07,0x07,0xC6,0x40000,0x04302F,2,0x02238,1,1,
6.826463,301047,0x010E8F,0x009C,0x9C,3,cur_mid,0x2F,1,1,0x84,0x2F,0x30,0x302F84,0x2F,0x30,0x302F,0x3A,0x84,0x07,0x07,0xC6,0x40000,0x04302F,2,0x02238,1,1,current_low_write
6.826463,301047,0x010E93,0x001D,0x1D,3,loop_high,0x30,2,2,0x84,0x2F,0x30,0x302F84,0x2F,0x30,0x302F,0x3A,0x84,0x07,0x07,0xC6,0x40000,0x04302F,2,0x02238,1,1,
6.826485,301048,0x010E98,0x009D,0x9D,3,cur_high,0x30,0,0,0x84,0x2F,0x30,0x302F84,0x2F,0x30,0x302F,0x3A,0x84,0x07,0x07,0xC6,0x40000,0x04302F,2,0x02238,1,1,current_pair_complete
6.826508,301049,0x010E9D,0x009E,0x9E,3,ctrl,0xC6,0,0,0x84,0x2F,0x30,0x302F84,0x2F,0x30,0x302F,0x3A,0x84,0x07,0x07,0xC6,0x40000,0x04302F,2,0x02238,1,1,retrigger_commit
6.826984,301070,0x010EA3,0x002C,0x2C,5,loop_mid,0x02,0,0,0x00,0x02,0x60,0x600200,0x02,0x60,0x6002,0x7F,0x84,0x10,0x10,0xD2,0x50000,0x056002,9,0x0C9D8,1,1,
6.827007,301071,0x010EA8,0x00AC,0xAC,5,cur_mid,0x02,0,0,0x00,0x02,0x60,0x600200,0x02,0x60,0x6002,0x7F,0x84,0x10,0x10,0xD2,0x50000,0x056002,9,0x0C9D8,1,1,current_low_write
6.827007,301071,0x010EAC,0x002D,0x2D,5,loop_high,0x60,1,1,0x00,0x02,0x60,0x600200,0x02,0x60,0x6002,0x7F,0x84,0x10,0x10,0xD2,0x50000,0x056002,9,0x0C9D8,1,1,
6.827007,301071,0x010EB0,0x00AD,0xAD,5,cur_high,0x60,2,2,0x00,0x02,0x60,0x600200,0x02,0x60,0x6002,0x7F,0x84,0x10,0x10,0xD2,0x50000,0x056002,9,0x0C9D8,1,1,current_pair_complete
6.827029,301072,0x010EB5,0x00AE,0xAE,5,ctrl,0xD2,0,0,0x00,0x02,0x60,0x600200,0x02,0x60,0x6002,0x7F,0x84,0x10,0x10,0xD2,0x50000,0x056002,9,0x0C9D8,1,1,retrigger_commit
6.923741,305337,0x010EFA,0x001A,0x1A,3,vol_l,0x10,0,0,0x84,0x2F,0x30,0x302F84,0x2F,0x30,0x302F,0x3A,0x84,0x10,0x07,0xC6,0x40000,0x04302F,2,0x02238,1,1,
6.923741,305337,0x010EFE,0x001B,0x1B,3,vol_r,0x10,1,1,0x84,0x2F,0x30,0x302F84,0x2F,0x30,0x302F,0x3A,0x84,0x10,0x10,0xC6,0x40000,0x04302F,2,0x02238,1,1,
6.923764,305338,0x010F03,0x001C,0x1C,3,loop_mid,0x2F,0,0,0x84,0x2F,0x30,0x302F84,0x2F,0x30,0x302F,0x3A,0x84,0x10,0x10,0xC6,0x40000,0x04302F,2,0x02238,1,1,
6.923764,305338,0x010F07,0x009C,0x9C,3,cur_mid,0x2F,1,1,0x84,0x2F,0x30,0x302F84,0x2F,0x30,0x302F,0x3A,0x84,0x10,0x10,0xC6,0x40000,0x04302F,2,0x02238,1,1,current_low_write
6.923764,305338,0x010F0B,0x001D,0x1D,3,loop_high,0x30,2,2,0x84,0x2F,0x30,0x302F84,0x2F,0x30,0x302F,0x3A,0x84,0x10,0x10,0xC6,0x40000,0x04302F,2,0x02238,1,1,
6.923764,305338,0x010F0F,0x009D,0x9D,3,cur_high,0x30,3,3,0x84,0x2F,0x30,0x302F84,0x2F,0x30,0x302F,0x3A,0x84,0x10,0x10,0xC6,0x40000,0x04302F,2,0x02238,1,1,current_pair_complete
6.923810,305340,0x010F14,0x009E,0x9E,3,ctrl,0xC6,0,0,0x84,0x2F,0x30,0x302F84,0x2F,0x30,0x302F,0x3A,0x84,0x10,0x10,0xC6,0x40000,0x04302F,2,0x02238,1,1,retrigger_commit
6.924172,305356,0x010F19,0x003C,0x3C,7,loop_mid,0x1D,0,0,0x00,0x1D,0x0C,0x0C1D00,0x1D,0x0C,0x0C1D,0x1B,0x78,0x3F,0x3F,0xC2,0x40000,0x040C1D,0,0x00000,1,1,
6.924172,305356,0x010F1D,0x00BC,0xBC,7,cur_mid,0x1D,1,1,0x00,0x1D,0x0C,0x0C1D00,0x1D,0x0C,0x0C1D,0x1B,0x78,0x3F,0x3F,0xC2,0x40000,0x040C1D,0,0x00000,1,1,current_low_write
6.924195,305357,0x010F22,0x003D,0x3D,7,loop_high,0x0C,0,0,0x00,0x1D,0x0C,0x0C1D00,0x1D,0x0C,0x0C1D,0x1B,0x78,0x3F,0x3F,0xC2,0x40000,0x040C1D,0,0x00000,1,1,
6.924195,305357,0x010F26,0x00BD,0xBD,7,cur_high,0x0C,1,1,0x00,0x1D,0x0C,0x0C1D00,0x1D,0x0C,0x0C1D,0x1B,0x78,0x3F,0x3F,0xC2,0x40000,0x040C1D,0,0x00000,1,1,current_pair_complete
6.924218,305358,0x010F2B,0x00BE,0xBE,7,ctrl,0xC2,0,0,0x00,0x1D,0x0C,0x0C1D00,0x1D,0x0C,0x0C1D,0x1B,0x78,0x3F,0x3F,0xC2,0x40000,0x040C1D,0,0x00000,1,1,retrigger_commit
6.938730,305998,0x010F32,0x004A,0x4A,9,vol_l,0x20,0,0,0x00,0xAB,0x29,0x29AB00,0xAB,0x29,0x29AB,0x2E,0x84,0x20,0x38,0xC2,0x40000,0x0429AB,1,0x01CE3,1,1,
6.938753,305999,0x010F37,0x004B,0x4B,9,vol_r,0x20,0,0,0x00,0xAB,0x29,0x29AB00,0xAB,0x29,0x29AB,0x2E,0x84,0x20,0x20,0xC2,0x40000,0x0429AB,1,0x01CE3,1,1,
6.938753,305999,0x010F3B,0x004C,0x4C,9,loop_mid,0x7C,1,1,0x00,0xAB,0x29,0x29AB00,0x7C,0x29,0x297C,0x2E,0x84,0x20,0x20,0xC2,0x40000,0x0429AB,1,0x01CE3,1,1,
6.938753,305999,0x010F3F,0x00CC,0xCC,9,cur_mid,0x7C,2,2,0x00,0x7C,0x29,0x297C00,0x7C,0x29,0x297C,0x2E,0x84,0x20,0x20,0xC2,0x40000,0x04297C,,,1,1,current_low_write
6.938776,306000,0x010F44,0x004D,0x4D,9,loop_high,0x43,0,0,0x00,0x7C,0x29,0x297C00,0x7C,0x43,0x437C,0x2E,0x84,0x20,0x20,0xC2,0x40000,0x04297C,,,1,1,
6.938776,306000,0x010F48,0x00CD,0xCD,9,cur_high,0x43,1,1,0x00,0x7C,0x43,0x437C00,0x7C,0x43,0x437C,0x2E,0x84,0x20,0x20,0xC2,0x40000,0x04437C,3,0x0349F,1,1,current_pair_complete
6.938776,306000,0x010F4C,0x004E,0x4E,9,end,0x48,2,2,0x00,0x7C,0x43,0x437C00,0x7C,0x43,0x437C,0x48,0x84,0x20,0x20,0xC2,0x40000,0x04437C,3,0x0349F,1,1,
6.938798,306001,0x010F51,0x00CE,0xCE,9,ctrl,0xD2,0,0,0x00,0x7C,0x43,0x437C00,0x7C,0x43,0x437C,0x48,0x84,0x20,0x20,0xD2,0x50000,0x05437C,7,0x0B222,1,1,retrigger_commit
7.018526,309517,0x010F58,0x001A,0x1A,3,vol_l,0x07,0,0,0x84,0x2F,0x30,0x302F84,0x2F,0x30,0x302F,0x3A,0x84,0x07,0x10,0xC6,0x40000,0x04302F,2,0x02238,1,1,
7.018526,309517,0x010F5C,0x001B,0x1B,3,vol_r,0x07,1,1,0x84,0x2F,0x30,0x302F84,0x2F,0x30,0x302F,0x3A,0x84,0x07,0x07,0xC6,0x40000,0x04302F,2,0x02238,1,1,
7.018549,309518,0x010F61,0x001C,0x1C,3,loop_mid,0x2F,0,0,0x84,0x2F,0x30,0x302F84,0x2F,0x30,0x302F,0x3A,0x84,0x07,0x07,0xC6,0x40000,0x04302F,2,0x02238,1,1,
7.018549,309518,0x010F65,0x009C,0x9C,3,cur_mid,0x2F,1,1,0x84,0x2F,0x30,0x302F84,0x2F,0x30,0x302F,0x3A,0x84,0x07,0x07,0xC6,0x40000,0x04302F,2,0x02238,1,1,current_low_write
7.018549,309518,0x010F69,0x001D,0x1D,3,loop_high,0x30,2,2,0x84,0x2F,0x30,0x302F84,0x2F,0x30,0x302F,0x3A,0x84,0x07,0x07,0xC6,0x40000,0x04302F,2,0x02238,1,1,
7.018571,309519,0x010F6E,0x009D,0x9D,3,cur_high,0x30,0,0,0x84,0x2F,0x30,0x302F84,0x2F,0x30,0x302F,0x3A,0x84,0x07,0x07,0xC6,0x40000,0x04302F,2,0x02238,1,1,current_pair_complete
7.018594,309520,0x010F73,0x009E,0x9E,3,ctrl,0xC6,0,0,0x84,0x2F,0x30,0x302F84,0x2F,0x30,0x302F,0x3A,0x84,0x07,0x07,0xC6,0x40000,0x04302F,2,0x02238,1,1,retrigger_commit
7.019116,309543,0x010F79,0x000C,0x0C,1,loop_mid,0x02,0,0,0x00,0x02,0x60,0x600200,0x02,0x60,0x6002,0x7F,0x84,0x10,0x10,0xD2,0x50000,0x056002,9,0x0C9D8,1,1,
7.019116,309543,0x010F7D,0x008C,0x8C,1,cur_mid,0x02,1,1,0x00,0x02,0x60,0x600200,0x02,0x60,0x6002,0x7F,0x84,0x10,0x10,0xD2,0x50000,0x056002,9,0x0C9D8,1,1,current_low_write
7.019138,309544,0x010F82,0x000D,0x0D,1,loop_high,0x60,0,0,0x00,0x02,0x60,0x600200,0x02,0x60,0x6002,0x7F,0x84,0x10,0x10,0xD2,0x50000,0x056002,9,0x0C9D8,1,1,
7.019138,309544,0x010F86,0x008D,0x8D,1,cur_high,0x60,1,1,0x00,0x02,0x60,0x600200,0x02,0x60,0x6002,0x7F,0x84,0x10,0x10,0xD2,0x50000,0x056002,9,0x0C9D8,1,1,current_pair_complete
7.019161,309545,0x010F8B,0x008E,0x8E,1,ctrl,0xD2,0,0,0x00,0x02,0x60,0x600200,0x02,0x60,0x6002,0x7F,0x84,0x10,0x10,0xD2,0x50000,0x056002,9,0x0C9D8,1,1,retrigger_commit
7.115125,313777,0x010FC6,0x001C,0x1C,3,loop_mid,0x2F,0,0,0x84,0x2F,0x30,0x302F84,0x2F,0x30,0x302F,0x3A,0x84,0x07,0x07,0xC6,0x40000,0x04302F,2,0x02238,1,1,
7.115147,313778,0x010FCB,0x009C,0x9C,3,cur_mid,0x2F,0,0,0x84,0x2F,0x30,0x302F84,0x2F,0x30,0x302F,0x3A,0x84,0x07,0x07,0xC6,0x40000,0x04302F,2,0x02238,1,1,current_low_write
7.115147,313778,0x010FCF,0x001D,0x1D,3,loop_high,0x30,1,1,0x84,0x2F,0x30,0x302F84,0x2F,0x30,0x302F,0x3A,0x84,0x07,0x07,0xC6,0x40000,0x04302F,2,0x02238,1,1,
7.115147,313778,0x010FD3,0x009D,0x9D,3,cur_high,0x30,2,2,0x84,0x2F,0x30,0x302F84,0x2F,0x30,0x302F,0x3A,0x84,0x07,0x07,0xC6,0x40000,0x04302F,2,0x02238,1,1,current_pair_complete
7.115170,313779,0x010FD8,0x009E,0x9E,3,ctrl,0xC6,0,0,0x84,0x2F,0x30,0x302F84,0x2F,0x30,0x302F,0x3A,0x84,0x07,0x07,0xC6,0x40000,0x04302F,2,0x02238,1,1,retrigger_commit
7.115488,313793,0x010FDD,0x004A,0x4A,9,vol_l,0x38,0,0,0x00,0x7C,0x43,0x437C00,0x7C,0x43,0x437C,0x48,0x84,0x38,0x20,0xD2,0x50000,0x05437C,7,0x0B222,1,1,
7.115488,313793,0x010FE1,0x004B,0x4B,9,vol_r,0x38,1,1,0x00,0x7C,0x43,0x437C00,0x7C,0x43,0x437C,0x48,0x84,0x38,0x38,0xD2,0x50000,0x05437C,7,0x0B222,1,1,
7.115510,313794,0x010FE6,0x004C,0x4C,9,loop_mid,0xAB,0,0,0x00,0x7C,0x43,0x437C00,0xAB,0x43,0x43AB,0x48,0x84,0x38,0x38,0xD2,0x50000,0x05437C,7,0x0B222,1,1,
7.115510,313794,0x010FEA,0x00CC,0xCC,9,cur_mid,0xAB,1,1,0x00,0xAB,0x43,0x43AB00,0xAB,0x43,0x43AB,0x48,0x84,0x38,0x38,0xD2,0x50000,0x0543AB,7,0x0B251,1,1,current_low_write
7.115510,313794,0x010FEE,0x004D,0x4D,9,loop_high,0x29,2,2,0x00,0xAB,0x43,0x43AB00,0xAB,0x29,0x29AB,0x48,0x84,0x38,0x38,0xD2,0x50000,0x0543AB,7,0x0B251,1,1,
7.115533,313795,0x010FF3,0x00CD,0xCD,9,cur_high,0x29,0,0,0x00,0xAB,0x29,0x29AB00,0xAB,0x29,0x29AB,0x48,0x84,0x38,0x38,0xD2,0x50000,0x0529AB,6,0x098CD,1,1,current_pair_complete
7.115533,313795,0x010FF7,0x004E,0x4E,9,end,0x2E,1,1,0x00,0xAB,0x29,0x29AB00,0xAB,0x29,0x29AB,0x2E,0x84,0x38,0x38,0xD2,0x50000,0x0529AB,6,0x098CD,1,1,
7.115556,313796,0x010FFC,0x00CE,0xCE,9,ctrl,0xC2,0,0,0x00,0xAB,0x29,0x29AB00,0xAB,0x29,0x29AB,0x2E,0x84,0x38,0x38,0xC2,0x40000,0x0429AB,1,0x01CE3,1,1,retrigger_commit
7.210476,317982,0x011003,0x001C,0x1C,3,loop_mid,0x2F,0,0,0x84,0x2F,0x30,0x302F84,0x2F,0x30,0x302F,0x3A,0x84,0x07,0x07,0xC6,0x40000,0x04302F,2,0x02238,1,1,
7.210476,317982,0x011007,0x009C,0x9C,3,cur_mid,0x2F,1,1,0x84,0x2F,0x30,0x302F84,0x2F,0x30,0x302F,0x3A,0x84,0x07,0x07,0xC6,0x40000,0x04302F,2,0x02238,1,1,current_low_write
7.210476,317982,0x01100B,0x001D,0x1D,3,loop_high,0x30,2,2,0x84,0x2F,0x30,0x302F84,0x2F,0x30,0x302F,0x3A,0x84,0x07,0x07,0xC6,0x40000,0x04302F,2,0x02238,1,1,
7.210476,317982,0x01100F,0x009D,0x9D,3,cur_high,0x30,3,3,0x84,0x2F,0x30,0x302F84,0x2F,0x30,0x302F,0x3A,0x84,0x07,0x07,0xC6,0x40000,0x04302F,2,0x02238,1,1,current_pair_complete
7.210522,317984,0x011014,0x009E,0x9E,3,ctrl,0xC6,0,0,0x84,0x2F,0x30,0x302F84,0x2F,0x30,0x302F,0x3A,0x84,0x07,0x07,0xC6,0x40000,0x04302F,2,0x02238,1,1,retrigger_commit
7.210998,318005,0x01101A,0x003A,0x3A,7,vol_l,0x10,0,0,0x00,0x1D,0x0C,0x0C1D00,0x1D,0x0C,0x0C1D,0x1B,0x78,0x10,0x3F,0xC2,0x40000,0x040C1D,0,0x00000,1,1,
7.210998,318005,0x01101E,0x003B,0x3B,7,vol_r,0x10,1,1,0x00,0x1D,0x0C,0x0C1D00,0x1D,0x0C,0x0C1D,0x1B,0x78,0x10,0x10,0xC2,0x40000,0x040C1D,0,0x00000,1,1,
7.211020,318006,0x011023,0x003C,0x3C,7,loop_mid,0x02,0,0,0x00,0x1D,0x0C,0x0C1D00,0x02,0x0C,0x0C02,0x1B,0x78,0x10,0x10,0xC2,0x40000,0x040C1D,0,0x00000,1,1,
7.211020,318006,0x011027,0x00BC,0xBC,7,cur_mid,0x02,1,1,0x00,0x02,0x0C,0x0C0200,0x02,0x0C,0x0C02,0x1B,0x78,0x10,0x10,0xC2,0x40000,0x040C02,,,1,1,current_low_write
7.211020,318006,0x01102B,0x003D,0x3D,7,loop_high,0x60,2,2,0x00,0x02,0x0C,0x0C0200,0x02,0x60,0x6002,0x1B,0x78,0x10,0x10,0xC2,0x40000,0x040C02,,,1,1,
7.211043,318007,0x011030,0x00BD,0xBD,7,cur_high,0x60,0,0,0x00,0x02,0x60,0x600200,0x02,0x60,0x6002,0x1B,0x78,0x10,0x10,0xC2,0x40000,0x046002,3,0x05125,1,1,current_pair_complete
7.211043,318007,0x011034,0x003E,0x3E,7,end,0x7F,1,1,0x00,0x02,0x60,0x600200,0x02,0x60,0x6002,0x7F,0x78,0x10,0x10,0xC2,0x40000,0x046002,3,0x05125,1,1,
7.211043,318007,0x011038,0x003F,0x3F,7,delta,0x84,2,2,0x00,0x02,0x60,0x600200,0x02,0x60,0x6002,0x7F,0x84,0x10,0x10,0xC2,0x40000,0x046002,3,0x05125,1,1,
7.211066,318008,0x01103D,0x00BE,0xBE,7,ctrl,0xD2,0,0,0x00,0x02,0x60,0x600200,0x02,0x60,0x6002,0x7F,0x84,0x10,0x10,0xD2,0x50000,0x056002,9,0x0C9D8,1,1,retrigger_commit
7.308753,322316,0x011094,0x001A,0x1A,3,vol_l,0x10,0,0,0x84,0x2F,0x30,0x302F84,0x2F,0x30,0x302F,0x3A,0x84,0x10,0x07,0xC6,0x40000,0x04302F,2,0x02238,1,1,
7.308753,322316,0x011098,0x001B,0x1B,3,vol_r,0x10,1,1,0x84,0x2F,0x30,0x302F84,0x2F,0x30,0x302F,0x3A,0x84,0x10,0x10,0xC6,0x40000,0x04302F,2,0x02238,1,1,
7.308776,322317,0x01109D,0x001C,0x1C,3,loop_mid,0x2F,0,0,0x84,0x2F,0x30,0x302F84,0x2F,0x30,0x302F,0x3A,0x84,0x10,0x10,0xC6,0x40000,0x04302F,2,0x02238,1,1,
7.308776,322317,0x0110A1,0x009C,0x9C,3,cur_mid,0x2F,1,1,0x84,0x2F,0x30,0x302F84,0x2F,0x30,0x302F,0x3A,0x84,0x10,0x10,0xC6,0x40000,0x04302F,2,0x02238,1,1,current_low_write
7.308776,322317,0x0110A5,0x001D,0x1D,3,loop_high,0x30,2,2,0x84,0x2F,0x30,0x302F84,0x2F,0x30,0x302F,0x3A,0x84,0x10,0x10,0xC6,0x40000,0x04302F,2,0x02238,1,1,
7.308776,322317,0x0110A9,0x009D,0x9D,3,cur_high,0x30,3,3,0x84,0x2F,0x30,0x302F84,0x2F,0x30,0x302F,0x3A,0x84,0x10,0x10,0xC6,0x40000,0x04302F,2,0x02238,1,1,current_pair_complete
7.308821,322319,0x0110AE,0x009E,0x9E,3,ctrl,0xC6,0,0,0x84,0x2F,0x30,0x302F84,0x2F,0x30,0x302F,0x3A,0x84,0x10,0x10,0xC6,0x40000,0x04302F,2,0x02238,1,1,retrigger_commit
7.309184,322335,0x0110B3,0x004A,0x4A,9,vol_l,0x3F,0,0,0x00,0xAB,0x29,0x29AB00,0xAB,0x29,0x29AB,0x2E,0x84,0x3F,0x38,0xC2,0x40000,0x0429AB,1,0x01CE3,1,1,
7.309184,322335,0x0110B7,0x004B,0x4B,9,vol_r,0x3F,1,1,0x00,0xAB,0x29,0x29AB00,0xAB,0x29,0x29AB,0x2E,0x84,0x3F,0x3F,0xC2,0x40000,0x0429AB,1,0x01CE3,1,1,
7.309206,322336,0x0110BC,0x004C,0x4C,9,loop_mid,0x1D,0,0,0x00,0xAB,0x29,0x29AB00,0x1D,0x29,0x291D,0x2E,0x84,0x3F,0x3F,0xC2,0x40000,0x0429AB,1,0x01CE3,1,1,
7.309206,322336,0x0110C0,0x00CC,0xCC,9,cur_mid,0x1D,1,1,0x00,0x1D,0x29,0x291D00,0x1D,0x29,0x291D,0x2E,0x84,0x3F,0x3F,0xC2,0x40000,0x04291D,,,1,1,current_low_write
7.309206,322336,0x0110C4,0x004D,0x4D,9,loop_high,0x0C,2,2,0x00,0x1D,0x29,0x291D00,0x1D,0x0C,0x0C1D,0x2E,0x84,0x3F,0x3F,0xC2,0x40000,0x04291D,,,1,1,
7.309229,322337,0x0110C9,0x00CD,0xCD,9,cur_high,0x0C,0,0,0x00,0x1D,0x0C,0x0C1D00,0x1D,0x0C,0x0C1D,0x2E,0x84,0x3F,0x3F,0xC2,0x40000,0x040C1D,0,0x00000,1,1,current_pair_complete
7.309229,322337,0x0110CD,0x004E,0x4E,9,end,0x1B,1,1,0x00,0x1D,0x0C,0x0C1D00,0x1D,0x0C,0x0C1D,0x1B,0x84,0x3F,0x3F,0xC2,0x40000,0x040C1D,0,0x00000,1,1,
7.309229,322337,0x0110D1,0x004F,0x4F,9,delta,0x78,2,2,0x00,0x1D,0x0C,0x0C1D00,0x1D,0x0C,0x0C1D,0x1B,0x78,0x3F,0x3F,0xC2,0x40000,0x040C1D,0,0x00000,1,1,
7.309252,322338,0x0110D6,0x00CE,0xCE,9,ctrl,0xC2,0,0,0x00,0x1D,0x0C,0x0C1D00,0x1D,0x0C,0x0C1D,0x1B,0x78,0x3F,0x3F,0xC2,0x40000,0x040C1D,0,0x00000,1,1,retrigger_commit
7.323039,322946,0x0110DD,0x005A,0x5A,11,vol_l,0x20,0,0,0x00,0x02,0x60,0x600200,0x02,0x60,0x6002,0x7F,0x84,0x20,0x10,0xD2,0x50000,0x056002,9,0x0C9D8,1,1,
7.323061,322947,0x0110E2,0x005B,0x5B,11,vol_r,0x20,0,0,0x00,0x02,0x60,0x600200,0x02,0x60,0x6002,0x7F,0x84,0x20,0x20,0xD2,0x50000,0x056002,9,0x0C9D8,1,1,
7.323061,322947,0x0110E6,0x005C,0x5C,11,loop_mid,0x7C,1,1,0x00,0x02,0x60,0x600200,0x7C,0x60,0x607C,0x7F,0x84,0x20,0x20,0xD2,0x50000,0x056002,9,0x0C9D8,1,1,
7.323061,322947,0x0110EA,0x00DC,0xDC,11,cur_mid,0x7C,2,2,0x00,0x7C,0x60,0x607C00,0x7C,0x60,0x607C,0x7F,0x84,0x20,0x20,0xD2,0x50000,0x05607C,9,0x0CA52,1,1,current_low_write
7.323084,322948,0x0110EF,0x005D,0x5D,11,loop_high,0x43,0,0,0x00,0x7C,0x60,0x607C00,0x7C,0x43,0x437C,0x7F,0x84,0x20,0x20,0xD2,0x50000,0x05607C,9,0x0CA52,1,1,
7.323084,322948,0x0110F3,0x00DD,0xDD,11,cur_high,0x43,1,1,0x00,0x7C,0x43,0x437C00,0x7C,0x43,0x437C,0x7F,0x84,0x20,0x20,0xD2,0x50000,0x05437C,7,0x0B222,1,1,current_pair_complete
7.323084,322948,0x0110F7,0x005E,0x5E,11,end,0x48,2,2,0x00,0x7C,0x43,0x437C00,0x7C,0x43,0x437C,0x48,0x84,0x20,0x20,0xD2,0x50000,0x05437C,7,0x0B222,1,1,
7.323107,322949,0x0110FC,0x00DE,0xDE,11,ctrl,0xD2,0,0,0x00,0x7C,0x43,0x437C00,0x7C,0x43,0x437C,0x48,0x84,0x20,0x20,0xD2,0x50000,0x05437C,7,0x0B222,1,1,retrigger_commit
7.402834,326465,0x011103,0x001A,0x1A,3,vol_l,0x07,0,0,0x84,0x2F,0x30,0x302F84,0x2F,0x30,0x302F,0x3A,0x84,0x07,0x10,0xC6,0x40000,0x04302F,2,0x02238,1,1,
7.402834,326465,0x011107,0x001B,0x1B,3,vol_r,0x07,1,1,0x84,0x2F,0x30,0x302F84,0x2F,0x30,0x302F,0x3A,0x84,0x07,0x07,0xC6,0x40000,0x04302F,2,0x02238,1,1,
7.402834,326465,0x01110B,0x001C,0x1C,3,loop_mid,0x2F,2,2,0x84,0x2F,0x30,0x302F84,0x2F,0x30,0x302F,0x3A,0x84,0x07,0x07,0xC6,0x40000,0x04302F,2,0x02238,1,1,
7.402857,326466,0x011110,0x009C,0x9C,3,cur_mid,0x2F,0,0,0x84,0x2F,0x30,0x302F84,0x2F,0x30,0x302F,0x3A,0x84,0x07,0x07,0xC6,0x40000,0x04302F,2,0x02238,1,1,current_low_write
7.402857,326466,0x011114,0x001D,0x1D,3,loop_high,0x30,1,1,0x84,0x2F,0x30,0x302F84,0x2F,0x30,0x302F,0x3A,0x84,0x07,0x07,0xC6,0x40000,0x04302F,2,0x02238,1,1,
7.402857,326466,0x011118,0x009D,0x9D,3,cur_high,0x30,2,2,0x84,0x2F,0x30,0x302F84,0x2F,0x30,0x302F,0x3A,0x84,0x07,0x07,0xC6,0x40000,0x04302F,2,0x02238,1,1,current_pair_complete
7.402880,326467,0x01111D,0x009E,0x9E,3,ctrl,0xC6,0,0,0x84,0x2F,0x30,0x302F84,0x2F,0x30,0x302F,0x3A,0x84,0x07,0x07,0xC6,0x40000,0x04302F,2,0x02238,1,1,retrigger_commit
7.403447,326492,0x011123,0x002C,0x2C,5,loop_mid,0x02,0,0,0x00,0x02,0x60,0x600200,0x02,0x60,0x6002,0x7F,0x84,0x10,0x10,0xD2,0x50000,0x056002,9,0x0C9D8,1,1,
7.403469,326493,0x011128,0x00AC,0xAC,5,cur_mid,0x02,0,0,0x00,0x02,0x60,0x600200,0x02,0x60,0x6002,0x7F,0x84,0x10,0x10,0xD2,0x50000,0x056002,9,0x0C9D8,1,1,current_low_write
7.403469,326493,0x01112C,0x002D,0x2D,5,loop_high,0x60,1,1,0x00,0x02,0x60,0x600200,0x02,0x60,0x6002,0x7F,0x84,0x10,0x10,0xD2,0x50000,0x056002,9,0x0C9D8,1,1,
7.403469,326493,0x011130,0x00AD,0xAD,5,cur_high,0x60,2,2,0x00,0x02,0x60,0x600200,0x02,0x60,0x6002,0x7F,0x84,0x10,0x10,0xD2,0x50000,0x056002,9,0x0C9D8,1,1,current_pair_complete
7.403492,326494,0x011135,0x00AE,0xAE,5,ctrl,0xD2,0,0,0x00,0x02,0x60,0x600200,0x02,0x60,0x6002,0x7F,0x84,0x10,0x10,0xD2,0x50000,0x056002,9,0x0C9D8,1,1,retrigger_commit
7.500136,330756,0x011192,0x001C,0x1C,3,loop_mid,0x2F,0,0,0x84,0x2F,0x30,0x302F84,0x2F,0x30,0x302F,0x3A,0x84,0x07,0x07,0xC6,0x40000,0x04302F,2,0x02238,1,1,
7.500159,330757,0x011197,0x009C,0x9C,3,cur_mid,0x2F,0,0,0x84,0x2F,0x30,0x302F84,0x2F,0x30,0x302F,0x3A,0x84,0x07,0x07,0xC6,0x40000,0x04302F,2,0x02238,1,1,current_low_write
7.500159,330757,0x01119B,0x001D,0x1D,3,loop_high,0x30,1,1,0x84,0x2F,0x30,0x302F84,0x2F,0x30,0x302F,0x3A,0x84,0x07,0x07,0xC6,0x40000,0x04302F,2,0x02238,1,1,
7.500159,330757,0x01119F,0x009D,0x9D,3,cur_high,0x30,2,2,0x84,0x2F,0x30,0x302F84,0x2F,0x30,0x302F,0x3A,0x84,0x07,0x07,0xC6,0x40000,0x04302F,2,0x02238,1,1,current_pair_complete
7.500181,330758,0x0111A4,0x009E,0x9E,3,ctrl,0xC6,0,0,0x84,0x2F,0x30,0x302F84,0x2F,0x30,0x302F,0x3A,0x84,0x07,0x07,0xC6,0x40000,0x04302F,2,0x02238,1,1,retrigger_commit
7.500522,330773,0x0111A9,0x005A,0x5A,11,vol_l,0x38,0,0,0x00,0x7C,0x43,0x437C00,0x7C,0x43,0x437C,0x48,0x84,0x38,0x20,0xD2,0x50000,0x05437C,7,0x0B222,1,1,
7.500522,330773,0x0111AD,0x005B,0x5B,11,vol_r,0x38,1,1,0x00,0x7C,0x43,0x437C00,0x7C,0x43,0x437C,0x48,0x84,0x38,0x38,0xD2,0x50000,0x05437C,7,0x0B222,1,1,
7.500522,330773,0x0111B1,0x005C,0x5C,11,loop_mid,0xAB,2,2,0x00,0x7C,0x43,0x437C00,0xAB,0x43,0x43AB,0x48,0x84,0x38,0x38,0xD2,0x50000,0x05437C,7,0x0B222,1,1,
7.500544,330774,0x0111B6,0x00DC,0xDC,11,cur_mid,0xAB,0,0,0x00,0xAB,0x43,0x43AB00,0xAB,0x43,0x43AB,0x48,0x84,0x38,0x38,0xD2,0x50000,0x0543AB,7,0x0B251,1,1,current_low_write
7.500544,330774,0x0111BA,0x005D,0x5D,11,loop_high,0x29,1,1,0x00,0xAB,0x43,0x43AB00,0xAB,0x29,0x29AB,0x48,0x84,0x38,0x38,0xD2,0x50000,0x0543AB,7,0x0B251,1,1,
7.500544,330774,0x0111BE,0x00DD,0xDD,11,cur_high,0x29,2,2,0x00,0xAB,0x29,0x29AB00,0xAB,0x29,0x29AB,0x48,0x84,0x38,0x38,0xD2,0x50000,0x0529AB,6,0x098CD,1,1,current_pair_complete
7.500567,330775,0x0111C3,0x005E,0x5E,11,end,0x2E,0,0,0x00,0xAB,0x29,0x29AB00,0xAB,0x29,0x29AB,0x2E,0x84,0x38,0x38,0xD2,0x50000,0x0529AB,6,0x098CD,1,1,
7.500567,330775,0x0111C7,0x00DE,0xDE,11,ctrl,0xC2,1,1,0x00,0xAB,0x29,0x29AB00,0xAB,0x29,0x29AB,0x2E,0x84,0x38,0x38,0xC2,0x40000,0x0429AB,1,0x01CE3,1,1,retrigger_commit
7.594762,334929,0x0111CE,0x001C,0x1C,3,loop_mid,0x2F,0,0,0x84,0x2F,0x30,0x302F84,0x2F,0x30,0x302F,0x3A,0x84,0x07,0x07,0xC6,0x40000,0x04302F,2,0x02238,1,1,
7.594785,334930,0x0111D3,0x009C,0x9C,3,cur_mid,0x2F,0,0,0x84,0x2F,0x30,0x302F84,0x2F,0x30,0x302F,0x3A,0x84,0x07,0x07,0xC6,0x40000,0x04302F,2,0x02238,1,1,current_low_write
7.594785,334930,0x0111D7,0x001D,0x1D,3,loop_high,0x30,1,1,0x84,0x2F,0x30,0x302F84,0x2F,0x30,0x302F,0x3A,0x84,0x07,0x07,0xC6,0x40000,0x04302F,2,0x02238,1,1,
7.594785,334930,0x0111DB,0x009D,0x9D,3,cur_high,0x30,2,2,0x84,0x2F,0x30,0x302F84,0x2F,0x30,0x302F,0x3A,0x84,0x07,0x07,0xC6,0x40000,0x04302F,2,0x02238,1,1,current_pair_complete
7.594807,334931,0x0111E0,0x009E,0x9E,3,ctrl,0xC6,0,0,0x84,0x2F,0x30,0x302F84,0x2F,0x30,0x302F,0x3A,0x84,0x07,0x07,0xC6,0x40000,0x04302F,2,0x02238,1,1,retrigger_commit
7.595283,334952,0x0111E6,0x000C,0x0C,1,loop_mid,0x02,0,0,0x00,0x02,0x60,0x600200,0x02,0x60,0x6002,0x7F,0x84,0x10,0x10,0xD2,0x50000,0x056002,9,0x0C9D8,1,1,
7.595283,334952,0x0111EA,0x008C,0x8C,1,cur_mid,0x02,1,1,0x00,0x02,0x60,0x600200,0x02,0x60,0x6002,0x7F,0x84,0x10,0x10,0xD2,0x50000,0x056002,9,0x0C9D8,1,1,current_low_write
7.595306,334953,0x0111EF,0x000D,0x0D,1,loop_high,0x60,0,0,0x00,0x02,0x60,0x600200,0x02,0x60,0x6002,0x7F,0x84,0x10,0x10,0xD2,0x50000,0x056002,9,0x0C9D8,1,1,
7.595306,334953,0x0111F3,0x008D,0x8D,1,cur_high,0x60,1,1,0x00,0x02,0x60,0x600200,0x02,0x60,0x6002,0x7F,0x84,0x10,0x10,0xD2,0x50000,0x056002,9,0x0C9D8,1,1,current_pair_complete
7.595329,334954,0x0111F8,0x008E,0x8E,1,ctrl,0xD2,0,0,0x00,0x02,0x60,0x600200,0x02,0x60,0x6002,0x7F,0x84,0x10,0x10,0xD2,0x50000,0x056002,9,0x0C9D8,1,1,retrigger_commit
7.691927,339214,0x011240,0x001C,0x1C,3,loop_mid,0x2F,0,0,0x84,0x2F,0x30,0x302F84,0x2F,0x30,0x302F,0x3A,0x84,0x07,0x07,0xC6,0x40000,0x04302F,2,0x02238,1,1,
7.691950,339215,0x011245,0x009C,0x9C,3,cur_mid,0x2F,0,0,0x84,0x2F,0x30,0x302F84,0x2F,0x30,0x302F,0x3A,0x84,0x07,0x07,0xC6,0x40000,0x04302F,2,0x02238,1,1,current_low_write
7.691950,339215,0x011249,0x001D,0x1D,3,loop_high,0x30,1,1,0x84,0x2F,0x30,0x302F84,0x2F,0x30,0x302F,0x3A,0x84,0x07,0x07,0xC6,0x40000,0x04302F,2,0x02238,1,1,
7.691950,339215,0x01124D,0x009D,0x9D,3,cur_high,0x30,2,2,0x84,0x2F,0x30,0x302F84,0x2F,0x30,0x302F,0x3A,0x84,0x07,0x07,0xC6,0x40000,0x04302F,2,0x02238,1,1,current_pair_complete
7.691973,339216,0x011252,0x009E,0x9E,3,ctrl,0xC6,0,0,0x84,0x2F,0x30,0x302F84,0x2F,0x30,0x302F,0x3A,0x84,0x07,0x07,0xC6,0x40000,0x04302F,2,0x02238,1,1,retrigger_commit
7.692857,339255,0x011259,0x004C,0x4C,9,loop_mid,0x1D,0,0,0x00,0x1D,0x0C,0x0C1D00,0x1D,0x0C,0x0C1D,0x1B,0x78,0x3F,0x3F,0xC2,0x40000,0x040C1D,0,0x00000,1,1,
7.692857,339255,0x01125D,0x00CC,0xCC,9,cur_mid,0x1D,1,1,0x00,0x1D,0x0C,0x0C1D00,0x1D,0x0C,0x0C1D,0x1B,0x78,0x3F,0x3F,0xC2,0x40000,0x040C1D,0,0x00000,1,1,current_low_write
7.692857,339255,0x011261,0x004D,0x4D,9,loop_high,0x0C,2,2,0x00,0x1D,0x0C,0x0C1D00,0x1D,0x0C,0x0C1D,0x1B,0x78,0x3F,0x3F,0xC2,0x40000,0x040C1D,0,0x00000,1,1,
7.692880,339256,0x011266,0x00CD,0xCD,9,cur_high,0x0C,0,0,0x00,0x1D,0x0C,0x0C1D00,0x1D,0x0C,0x0C1D,0x1B,0x78,0x3F,0x3F,0xC2,0x40000,0x040C1D,0,0x00000,1,1,current_pair_complete
7.692902,339257,0x01126B,0x00CE,0xCE,9,ctrl,0xC2,0,0,0x00,0x1D,0x0C,0x0C1D00,0x1D,0x0C,0x0C1D,0x1B,0x78,0x3F,0x3F,0xC2,0x40000,0x040C1D,0,0x00000,1,1,retrigger_commit
7.706735,339867,0x011272,0x005A,0x5A,11,vol_l,0x20,0,0,0x00,0xAB,0x29,0x29AB00,0xAB,0x29,0x29AB,0x2E,0x84,0x20,0x38,0xC2,0x40000,0x0429AB,1,0x01CE3,1,1,
7.706757,339868,0x011277,0x005B,0x5B,11,vol_r,0x20,0,0,0x00,0xAB,0x29,0x29AB00,0xAB,0x29,0x29AB,0x2E,0x84,0x20,0x20,0xC2,0x40000,0x0429AB,1,0x01CE3,1,1,
7.706757,339868,0x01127B,0x005C,0x5C,11,loop_mid,0x7C,1,1,0x00,0xAB,0x29,0x29AB00,0x7C,0x29,0x297C,0x2E,0x84,0x20,0x20,0xC2,0x40000,0x0429AB,1,0x01CE3,1,1,
7.706757,339868,0x01127F,0x00DC,0xDC,11,cur_mid,0x7C,2,2,0x00,0x7C,0x29,0x297C00,0x7C,0x29,0x297C,0x2E,0x84,0x20,0x20,0xC2,0x40000,0x04297C,,,1,1,current_low_write
7.706780,339869,0x011284,0x005D,0x5D,11,loop_high,0x43,0,0,0x00,0x7C,0x29,0x297C00,0x7C,0x43,0x437C,0x2E,0x84,0x20,0x20,0xC2,0x40000,0x04297C,,,1,1,
7.706780,339869,0x011288,0x00DD,0xDD,11,cur_high,0x43,1,1,0x00,0x7C,0x43,0x437C00,0x7C,0x43,0x437C,0x2E,0x84,0x20,0x20,0xC2,0x40000,0x04437C,3,0x0349F,1,1,current_pair_complete
7.706780,339869,0x01128C,0x005E,0x5E,11,end,0x48,2,2,0x00,0x7C,0x43,0x437C00,0x7C,0x43,0x437C,0x48,0x84,0x20,0x20,0xC2,0x40000,0x04437C,3,0x0349F,1,1,
7.706803,339870,0x011291,0x00DE,0xDE,11,ctrl,0xD2,0,0,0x00,0x7C,0x43,0x437C00,0x7C,0x43,0x437C,0x48,0x84,0x20,0x20,0xD2,0x50000,0x05437C,7,0x0B222,1,1,retrigger_commit
7.786463,343383,0x011298,0x001C,0x1C,3,loop_mid,0x2F,0,0,0x84,0x2F,0x30,0x302F84,0x2F,0x30,0x302F,0x3A,0x84,0x07,0x07,0xC6,0x40000,0x04302F,2,0x02238,1,1,
7.786463,343383,0x01129C,0x009C,0x9C,3,cur_mid,0x2F,1,1,0x84,0x2F,0x30,0x302F84,0x2F,0x30,0x302F,0x3A,0x84,0x07,0x07,0xC6,0x40000,0x04302F,2,0x02238,1,1,current_low_write
7.786463,343383,0x0112A0,0x001D,0x1D,3,loop_high,0x30,2,2,0x84,0x2F,0x30,0x302F84,0x2F,0x30,0x302F,0x3A,0x84,0x07,0x07,0xC6,0x40000,0x04302F,2,0x02238,1,1,
7.786485,343384,0x0112A5,0x009D,0x9D,3,cur_high,0x30,0,0,0x84,0x2F,0x30,0x302F84,0x2F,0x30,0x302F,0x3A,0x84,0x07,0x07,0xC6,0x40000,0x04302F,2,0x02238,1,1,current_pair_complete
7.786508,343385,0x0112AA,0x009E,0x9E,3,ctrl,0xC6,0,0,0x84,0x2F,0x30,0x302F84,0x2F,0x30,0x302F,0x3A,0x84,0x07,0x07,0xC6,0x40000,0x04302F,2,0x02238,1,1,retrigger_commit
7.787075,343410,0x0112B0,0x003C,0x3C,7,loop_mid,0x02,0,0,0x00,0x02,0x60,0x600200,0x02,0x60,0x6002,0x7F,0x84,0x10,0x10,0xD2,0x50000,0x056002,9,0x0C9D8,1,1,
7.787075,343410,0x0112B4,0x00BC,0xBC,7,cur_mid,0x02,1,1,0x00,0x02,0x60,0x600200,0x02,0x60,0x6002,0x7F,0x84,0x10,0x10,0xD2,0x50000,0x056002,9,0x0C9D8,1,1,current_low_write
7.787098,343411,0x0112B9,0x003D,0x3D,7,loop_high,0x60,0,0,0x00,0x02,0x60,0x600200,0x02,0x60,0x6002,0x7F,0x84,0x10,0x10,0xD2,0x50000,0x056002,9,0x0C9D8,1,1,
7.787098,343411,0x0112BD,0x00BD,0xBD,7,cur_high,0x60,1,1,0x00,0x02,0x60,0x600200,0x02,0x60,0x6002,0x7F,0x84,0x10,0x10,0xD2,0x50000,0x056002,9,0x0C9D8,1,1,current_pair_complete
7.787120,343412,0x0112C2,0x00BE,0xBE,7,ctrl,0xD2,0,0,0x00,0x02,0x60,0x600200,0x02,0x60,0x6002,0x7F,0x84,0x10,0x10,0xD2,0x50000,0x056002,9,0x0C9D8,1,1,retrigger_commit
7.883129,347646,0x0112FD,0x001C,0x1C,3,loop_mid,0x2F,0,0,0x84,0x2F,0x30,0x302F84,0x2F,0x30,0x302F,0x3A,0x84,0x07,0x07,0xC6,0x40000,0x04302F,2,0x02238,1,1,
7.883152,347647,0x011302,0x009C,0x9C,3,cur_mid,0x2F,0,0,0x84,0x2F,0x30,0x302F84,0x2F,0x30,0x302F,0x3A,0x84,0x07,0x07,0xC6,0x40000,0x04302F,2,0x02238,1,1,current_low_write
7.883152,347647,0x011306,0x001D,0x1D,3,loop_high,0x30,1,1,0x84,0x2F,0x30,0x302F84,0x2F,0x30,0x302F,0x3A,0x84,0x07,0x07,0xC6,0x40000,0x04302F,2,0x02238,1,1,
7.883152,347647,0x01130A,0x009D,0x9D,3,cur_high,0x30,2,2,0x84,0x2F,0x30,0x302F84,0x2F,0x30,0x302F,0x3A,0x84,0x07,0x07,0xC6,0x40000,0x04302F,2,0x02238,1,1,current_pair_complete
7.883175,347648,0x01130F,0x009E,0x9E,3,ctrl,0xC6,0,0,0x84,0x2F,0x30,0x302F84,0x2F,0x30,0x302F,0x3A,0x84,0x07,0x07,0xC6,0x40000,0x04302F,2,0x02238,1,1,retrigger_commit
7.883515,347663,0x011314,0x005A,0x5A,11,vol_l,0x38,0,0,0x00,0x7C,0x43,0x437C00,0x7C,0x43,0x437C,0x48,0x84,0x38,0x20,0xD2,0x50000,0x05437C,7,0x0B222,1,1,
7.883515,347663,0x011318,0x005B,0x5B,11,vol_r,0x38,1,1,0x00,0x7C,0x43,0x437C00,0x7C,0x43,0x437C,0x48,0x84,0x38,0x38,0xD2,0x50000,0x05437C,7,0x0B222,1,1,
7.883515,347663,0x01131C,0x005C,0x5C,11,loop_mid,0xAB,2,2,0x00,0x7C,0x43,0x437C00,0xAB,0x43,0x43AB,0x48,0x84,0x38,0x38,0xD2,0x50000,0x05437C,7,0x0B222,1,1,
7.883537,347664,0x011321,0x00DC,0xDC,11,cur_mid,0xAB,0,0,0x00,0xAB,0x43,0x43AB00,0xAB,0x43,0x43AB,0x48,0x84,0x38,0x38,0xD2,0x50000,0x0543AB,7,0x0B251,1,1,current_low_write
7.883537,347664,0x011325,0x005D,0x5D,11,loop_high,0x29,1,1,0x00,0xAB,0x43,0x43AB00,0xAB,0x29,0x29AB,0x48,0x84,0x38,0x38,0xD2,0x50000,0x0543AB,7,0x0B251,1,1,
7.883537,347664,0x011329,0x00DD,0xDD,11,cur_high,0x29,2,2,0x00,0xAB,0x29,0x29AB00,0xAB,0x29,0x29AB,0x48,0x84,0x38,0x38,0xD2,0x50000,0x0529AB,6,0x098CD,1,1,current_pair_complete
7.883560,347665,0x01132E,0x005E,0x5E,11,end,0x2E,0,0,0x00,0xAB,0x29,0x29AB00,0xAB,0x29,0x29AB,0x2E,0x84,0x38,0x38,0xD2,0x50000,0x0529AB,6,0x098CD,1,1,
7.883560,347665,0x011332,0x00DE,0xDE,11,ctrl,0xC2,1,1,0x00,0xAB,0x29,0x29AB00,0xAB,0x29,0x29AB,0x2E,0x84,0x38,0x38,0xC2,0x40000,0x0429AB,1,0x01CE3,1,1,retrigger_commit
7.884059,347687,0x011338,0x000C,0x0C,1,loop_mid,0x02,0,0,0x00,0x02,0x60,0x600200,0x02,0x60,0x6002,0x7F,0x84,0x10,0x10,0xD2,0x50000,0x056002,9,0x0C9D8,1,1,
7.884059,347687,0x01133C,0x008C,0x8C,1,cur_mid,0x02,1,1,0x00,0x02,0x60,0x600200,0x02,0x60,0x6002,0x7F,0x84,0x10,0x10,0xD2,0x50000,0x056002,9,0x0C9D8,1,1,current_low_write
7.884059,347687,0x011340,0x000D,0x0D,1,loop_high,0x60,2,2,0x00,0x02,0x60,0x600200,0x02,0x60,0x6002,0x7F,0x84,0x10,0x10,0xD2,0x50000,0x056002,9,0x0C9D8,1,1,
7.884082,347688,0x011345,0x008D,0x8D,1,cur_high,0x60,0,0,0x00,0x02,0x60,0x600200,0x02,0x60,0x6002,0x7F,0x84,0x10,0x10,0xD2,0x50000,0x056002,9,0x0C9D8,1,1,current_pair_complete
7.884104,347689,0x01134A,0x008E,0x8E,1,ctrl,0xD2,0,0,0x00,0x02,0x60,0x600200,0x02,0x60,0x6002,0x7F,0x84,0x10,0x10,0xD2,0x50000,0x056002,9,0x0C9D8,1,1,retrigger_commit
7.978481,351851,0x011351,0x001C,0x1C,3,loop_mid,0x2F,0,0,0x84,0x2F,0x30,0x302F84,0x2F,0x30,0x302F,0x3A,0x84,0x07,0x07,0xC6,0x40000,0x04302F,2,0x02238,1,1,
7.978481,351851,0x011355,0x009C,0x9C,3,cur_mid,0x2F,1,1,0x84,0x2F,0x30,0x302F84,0x2F,0x30,0x302F,0x3A,0x84,0x07,0x07,0xC6,0x40000,0x04302F,2,0x02238,1,1,current_low_write
7.978481,351851,0x011359,0x001D,0x1D,3,loop_high,0x30,2,2,0x84,0x2F,0x30,0x302F84,0x2F,0x30,0x302F,0x3A,0x84,0x07,0x07,0xC6,0x40000,0x04302F,2,0x02238,1,1,
7.978481,351851,0x01135D,0x009D,0x9D,3,cur_high,0x30,3,3,0x84,0x2F,0x30,0x302F84,0x2F,0x30,0x302F,0x3A,0x84,0x07,0x07,0xC6,0x40000,0x04302F,2,0x02238,1,1,current_pair_complete
7.978526,351853,0x011362,0x009E,0x9E,3,ctrl,0xC6,0,0,0x84,0x2F,0x30,0x302F84,0x2F,0x30,0x302F,0x3A,0x84,0x07,0x07,0xC6,0x40000,0x04302F,2,0x02238,1,1,retrigger_commit
7.979002,351874,0x011368,0x002C,0x2C,5,loop_mid,0x02,0,0,0x00,0x02,0x60,0x600200,0x02,0x60,0x6002,0x7F,0x84,0x10,0x10,0xD2,0x50000,0x056002,9,0x0C9D8,1,1,
7.979025,351875,0x01136D,0x00AC,0xAC,5,cur_mid,0x02,0,0,0x00,0x02,0x60,0x600200,0x02,0x60,0x6002,0x7F,0x84,0x10,0x10,0xD2,0x50000,0x056002,9,0x0C9D8,1,1,current_low_write
7.979025,351875,0x011371,0x002D,0x2D,5,loop_high,0x60,1,1,0x00,0x02,0x60,0x600200,0x02,0x60,0x6002,0x7F,0x84,0x10,0x10,0xD2,0x50000,0x056002,9,0x0C9D8,1,1,
7.979025,351875,0x011375,0x00AD,0xAD,5,cur_high,0x60,2,2,0x00,0x02,0x60,0x600200,0x02,0x60,0x6002,0x7F,0x84,0x10,0x10,0xD2,0x50000,0x056002,9,0x0C9D8,1,1,current_pair_complete
7.979048,351876,0x01137A,0x00AE,0xAE,5,ctrl,0xD2,0,0,0x00,0x02,0x60,0x600200,0x02,0x60,0x6002,0x7F,0x84,0x10,0x10,0xD2,0x50000,0x056002,9,0x0C9D8,1,1,retrigger_commit
8.075692,356138,0x0113BF,0x001C,0x1C,3,loop_mid,0x2F,0,0,0x84,0x2F,0x30,0x302F84,0x2F,0x30,0x302F,0x3A,0x84,0x07,0x07,0xC6,0x40000,0x04302F,2,0x02238,1,1,
8.075692,356138,0x0113C3,0x009C,0x9C,3,cur_mid,0x2F,1,1,0x84,0x2F,0x30,0x302F84,0x2F,0x30,0x302F,0x3A,0x84,0x07,0x07,0xC6,0x40000,0x04302F,2,0x02238,1,1,current_low_write
8.075692,356138,0x0113C7,0x001D,0x1D,3,loop_high,0x30,2,2,0x84,0x2F,0x30,0x302F84,0x2F,0x30,0x302F,0x3A,0x84,0x07,0x07,0xC6,0x40000,0x04302F,2,0x02238,1,1,
8.075692,356138,0x0113CB,0x009D,0x9D,3,cur_high,0x30,3,3,0x84,0x2F,0x30,0x302F84,0x2F,0x30,0x302F,0x3A,0x84,0x07,0x07,0xC6,0x40000,0x04302F,2,0x02238,1,1,current_pair_complete
8.075737,356140,0x0113D0,0x009E,0x9E,3,ctrl,0xC6,0,0,0x84,0x2F,0x30,0x302F84,0x2F,0x30,0x302F,0x3A,0x84,0x07,0x07,0xC6,0x40000,0x04302F,2,0x02238,1,1,retrigger_commit
8.076122,356157,0x0113D6,0x004C,0x4C,9,loop_mid,0x1D,0,0,0x00,0x1D,0x0C,0x0C1D00,0x1D,0x0C,0x0C1D,0x1B,0x78,0x3F,0x3F,0xC2,0x40000,0x040C1D,0,0x00000,1,1,
8.076122,356157,0x0113DA,0x00CC,0xCC,9,cur_mid,0x1D,1,1,0x00,0x1D,0x0C,0x0C1D00,0x1D,0x0C,0x0C1D,0x1B,0x78,0x3F,0x3F,0xC2,0x40000,0x040C1D,0,0x00000,1,1,current_low_write
8.076122,356157,0x0113DE,0x004D,0x4D,9,loop_high,0x0C,2,2,0x00,0x1D,0x0C,0x0C1D00,0x1D,0x0C,0x0C1D,0x1B,0x78,0x3F,0x3F,0xC2,0x40000,0x040C1D,0,0x00000,1,1,
8.076145,356158,0x0113E3,0x00CD,0xCD,9,cur_high,0x0C,0,0,0x00,0x1D,0x0C,0x0C1D00,0x1D,0x0C,0x0C1D,0x1B,0x78,0x3F,0x3F,0xC2,0x40000,0x040C1D,0,0x00000,1,1,current_pair_complete
8.076168,356159,0x0113E8,0x00CE,0xCE,9,ctrl,0xC2,0,0,0x00,0x1D,0x0C,0x0C1D00,0x1D,0x0C,0x0C1D,0x1B,0x78,0x3F,0x3F,0xC2,0x40000,0x040C1D,0,0x00000,1,1,retrigger_commit
8.090748,356802,0x0113EF,0x005A,0x5A,11,vol_l,0x20,0,0,0x00,0xAB,0x29,0x29AB00,0xAB,0x29,0x29AB,0x2E,0x84,0x20,0x38,0xC2,0x40000,0x0429AB,1,0x01CE3,1,1,
8.090748,356802,0x0113F3,0x005B,0x5B,11,vol_r,0x20,1,1,0x00,0xAB,0x29,0x29AB00,0xAB,0x29,0x29AB,0x2E,0x84,0x20,0x20,0xC2,0x40000,0x0429AB,1,0x01CE3,1,1,
8.090771,356803,0x0113F8,0x005C,0x5C,11,loop_mid,0x7C,0,0,0x00,0xAB,0x29,0x29AB00,0x7C,0x29,0x297C,0x2E,0x84,0x20,0x20,0xC2,0x40000,0x0429AB,1,0x01CE3,1,1,
8.090771,356803,0x0113FC,0x00DC,0xDC,11,cur_mid,0x7C,1,1,0x00,0x7C,0x29,0x297C00,0x7C,0x29,0x297C,0x2E,0x84,0x20,0x20,0xC2,0x40000,0x04297C,,,1,1,current_low_write
8.090771,356803,0x011400,0x005D,0x5D,11,loop_high,0x43,2,2,0x00,0x7C,0x29,0x297C00,0x7C,0x43,0x437C,0x2E,0x84,0x20,0x20,0xC2,0x40000,0x04297C,,,1,1,
8.090771,356803,0x011404,0x00DD,0xDD,11,cur_high,0x43,3,3,0x00,0x7C,0x43,0x437C00,0x7C,0x43,0x437C,0x2E,0x84,0x20,0x20,0xC2,0x40000,0x04437C,3,0x0349F,1,1,current_pair_complete
8.090794,356804,0x011409,0x005E,0x5E,11,end,0x48,0,0,0x00,0x7C,0x43,0x437C00,0x7C,0x43,0x437C,0x48,0x84,0x20,0x20,0xC2,0x40000,0x04437C,3,0x0349F,1,1,
8.090816,356805,0x01140E,0x00DE,0xDE,11,ctrl,0xD2,0,0,0x00,0x7C,0x43,0x437C00,0x7C,0x43,0x437C,0x48,0x84,0x20,0x20,0xD2,0x50000,0x05437C,7,0x0B222,1,1,retrigger_commit
8.170476,360318,0x011415,0x001C,0x1C,3,loop_mid,0x2F,0,0,0x84,0x2F,0x30,0x302F84,0x2F,0x30,0x302F,0x3A,0x84,0x07,0x07,0xC6,0x40000,0x04302F,2,0x02238,1,1,
8.170476,360318,0x011419,0x009C,0x9C,3,cur_mid,0x2F,1,1,0x84,0x2F,0x30,0x302F84,0x2F,0x30,0x302F,0x3A,0x84,0x07,0x07,0xC6,0x40000,0x04302F,2,0x02238,1,1,current_low_write
8.170476,360318,0x01141D,0x001D,0x1D,3,loop_high,0x30,2,2,0x84,0x2F,0x30,0x302F84,0x2F,0x30,0x302F,0x3A,0x84,0x07,0x07,0xC6,0x40000,0x04302F,2,0x02238,1,1,
8.170476,360318,0x011421,0x009D,0x9D,3,cur_high,0x30,3,3,0x84,0x2F,0x30,0x302F84,0x2F,0x30,0x302F,0x3A,0x84,0x07,0x07,0xC6,0x40000,0x04302F,2,0x02238,1,1,current_pair_complete
8.170522,360320,0x011426,0x009E,0x9E,3,ctrl,0xC6,0,0,0x84,0x2F,0x30,0x302F84,0x2F,0x30,0x302F,0x3A,0x84,0x07,0x07,0xC6,0x40000,0x04302F,2,0x02238,1,1,retrigger_commit
8.171134,360347,0x01142C,0x000C,0x0C,1,loop_mid,0x02,0,0,0x00,0x02,0x60,0x600200,0x02,0x60,0x6002,0x7F,0x84,0x10,0x10,0xD2,0x50000,0x056002,9,0x0C9D8,1,1,
8.171134,360347,0x011430,0x008C,0x8C,1,cur_mid,0x02,1,1,0x00,0x02,0x60,0x600200,0x02,0x60,0x6002,0x7F,0x84,0x10,0x10,0xD2,0x50000,0x056002,9,0x0C9D8,1,1,current_low_write
8.171134,360347,0x011434,0x000D,0x0D,1,loop_high,0x60,2,2,0x00,0x02,0x60,0x600200,0x02,0x60,0x6002,0x7F,0x84,0x10,0x10,0xD2,0x50000,0x056002,9,0x0C9D8,1,1,
8.171156,360348,0x011439,0x008D,0x8D,1,cur_high,0x60,0,0,0x00,0x02,0x60,0x600200,0x02,0x60,0x6002,0x7F,0x84,0x10,0x10,0xD2,0x50000,0x056002,9,0x0C9D8,1,1,current_pair_complete
8.171179,360349,0x01143E,0x008E,0x8E,1,ctrl,0xD2,0,0,0x00,0x02,0x60,0x600200,0x02,0x60,0x6002,0x7F,0x84,0x10,0x10,0xD2,0x50000,0x056002,9,0x0C9D8,1,1,retrigger_commit
8.267120,364580,0x011479,0x001C,0x1C,3,loop_mid,0x2F,0,0,0x84,0x2F,0x30,0x302F84,0x2F,0x30,0x302F,0x3A,0x84,0x07,0x07,0xC6,0x40000,0x04302F,2,0x02238,1,1,
8.267143,364581,0x01147E,0x009C,0x9C,3,cur_mid,0x2F,0,0,0x84,0x2F,0x30,0x302F84,0x2F,0x30,0x302F,0x3A,0x84,0x07,0x07,0xC6,0x40000,0x04302F,2,0x02238,1,1,current_low_write
8.267143,364581,0x011482,0x001D,0x1D,3,loop_high,0x30,1,1,0x84,0x2F,0x30,0x302F84,0x2F,0x30,0x302F,0x3A,0x84,0x07,0x07,0xC6,0x40000,0x04302F,2,0x02238,1,1,
8.267143,364581,0x011486,0x009D,0x9D,3,cur_high,0x30,2,2,0x84,0x2F,0x30,0x302F84,0x2F,0x30,0x302F,0x3A,0x84,0x07,0x07,0xC6,0x40000,0x04302F,2,0x02238,1,1,current_pair_complete
8.267166,364582,0x01148B,0x009E,0x9E,3,ctrl,0xC6,0,0,0x84,0x2F,0x30,0x302F84,0x2F,0x30,0x302F,0x3A,0x84,0x07,0x07,0xC6,0x40000,0x04302F,2,0x02238,1,1,retrigger_commit
8.267506,364597,0x011490,0x005A,0x5A,11,vol_l,0x38,0,0,0x00,0x7C,0x43,0x437C00,0x7C,0x43,0x437C,0x48,0x84,0x38,0x20,0xD2,0x50000,0x05437C,7,0x0B222,1,1,
8.267506,364597,0x011494,0x005B,0x5B,11,vol_r,0x38,1,1,0x00,0x7C,0x43,0x437C00,0x7C,0x43,0x437C,0x48,0x84,0x38,0x38,0xD2,0x50000,0x05437C,7,0x0B222,1,1,
8.267506,364597,0x011498,0x005C,0x5C,11,loop_mid,0xAB,2,2,0x00,0x7C,0x43,0x437C00,0xAB,0x43,0x43AB,0x48,0x84,0x38,0x38,0xD2,0x50000,0x05437C,7,0x0B222,1,1,
8.267528,364598,0x01149D,0x00DC,0xDC,11,cur_mid,0xAB,0,0,0x00,0xAB,0x43,0x43AB00,0xAB,0x43,0x43AB,0x48,0x84,0x38,0x38,0xD2,0x50000,0x0543AB,7,0x0B251,1,1,current_low_write
8.267528,364598,0x0114A1,0x005D,0x5D,11,loop_high,0x29,1,1,0x00,0xAB,0x43,0x43AB00,0xAB,0x29,0x29AB,0x48,0x84,0x38,0x38,0xD2,0x50000,0x0543AB,7,0x0B251,1,1,
8.267528,364598,0x0114A5,0x00DD,0xDD,11,cur_high,0x29,2,2,0x00,0xAB,0x29,0x29AB00,0xAB,0x29,0x29AB,0x48,0x84,0x38,0x38,0xD2,0x50000,0x0529AB,6,0x098CD,1,1,current_pair_complete
8.267551,364599,0x0114AA,0x005E,0x5E,11,end,0x2E,0,0,0x00,0xAB,0x29,0x29AB00,0xAB,0x29,0x29AB,0x2E,0x84,0x38,0x38,0xD2,0x50000,0x0529AB,6,0x098CD,1,1,
8.267551,364599,0x0114AE,0x00DE,0xDE,11,ctrl,0xC2,1,1,0x00,0xAB,0x29,0x29AB00,0xAB,0x29,0x29AB,0x2E,0x84,0x38,0x38,0xC2,0x40000,0x0429AB,1,0x01CE3,1,1,retrigger_commit
8.268050,364621,0x0114B4,0x000C,0x0C,1,loop_mid,0x02,0,0,0x00,0x02,0x60,0x600200,0x02,0x60,0x6002,0x7F,0x84,0x10,0x10,0xD2,0x50000,0x056002,9,0x0C9D8,1,1,
8.268050,364621,0x0114B8,0x008C,0x8C,1,cur_mid,0x02,1,1,0x00,0x02,0x60,0x600200,0x02,0x60,0x6002,0x7F,0x84,0x10,0x10,0xD2,0x50000,0x056002,9,0x0C9D8,1,1,current_low_write
8.268050,364621,0x0114BC,0x000D,0x0D,1,loop_high,0x60,2,2,0x00,0x02,0x60,0x600200,0x02,0x60,0x6002,0x7F,0x84,0x10,0x10,0xD2,0x50000,0x056002,9,0x0C9D8,1,1,
8.268073,364622,0x0114C1,0x008D,0x8D,1,cur_high,0x60,0,0,0x00,0x02,0x60,0x600200,0x02,0x60,0x6002,0x7F,0x84,0x10,0x10,0xD2,0x50000,0x056002,9,0x0C9D8,1,1,current_pair_complete
8.268095,364623,0x0114C6,0x008E,0x8E,1,ctrl,0xD2,0,0,0x00,0x02,0x60,0x600200,0x02,0x60,0x6002,0x7F,0x84,0x10,0x10,0xD2,0x50000,0x056002,9,0x0C9D8,1,1,retrigger_commit
8.362472,368785,0x0114CD,0x001C,0x1C,3,loop_mid,0x2F,0,0,0x84,0x2F,0x30,0x302F84,0x2F,0x30,0x302F,0x3A,0x84,0x07,0x07,0xC6,0x40000,0x04302F,2,0x02238,1,1,
8.362472,368785,0x0114D1,0x009C,0x9C,3,cur_mid,0x2F,1,1,0x84,0x2F,0x30,0x302F84,0x2F,0x30,0x302F,0x3A,0x84,0x07,0x07,0xC6,0x40000,0x04302F,2,0x02238,1,1,current_low_write
8.362472,368785,0x0114D5,0x001D,0x1D,3,loop_high,0x30,2,2,0x84,0x2F,0x30,0x302F84,0x2F,0x30,0x302F,0x3A,0x84,0x07,0x07,0xC6,0x40000,0x04302F,2,0x02238,1,1,
8.362472,368785,0x0114D9,0x009D,0x9D,3,cur_high,0x30,3,3,0x84,0x2F,0x30,0x302F84,0x2F,0x30,0x302F,0x3A,0x84,0x07,0x07,0xC6,0x40000,0x04302F,2,0x02238,1,1,current_pair_complete
8.362517,368787,0x0114DE,0x009E,0x9E,3,ctrl,0xC6,0,0,0x84,0x2F,0x30,0x302F84,0x2F,0x30,0x302F,0x3A,0x84,0x07,0x07,0xC6,0x40000,0x04302F,2,0x02238,1,1,retrigger_commit
8.363016,368809,0x0114E4,0x003C,0x3C,7,loop_mid,0x02,0,0,0x00,0x02,0x60,0x600200,0x02,0x60,0x6002,0x7F,0x84,0x10,0x10,0xD2,0x50000,0x056002,9,0x0C9D8,1,1,
8.363016,368809,0x0114E8,0x00BC,0xBC,7,cur_mid,0x02,1,1,0x00,0x02,0x60,0x600200,0x02,0x60,0x6002,0x7F,0x84,0x10,0x10,0xD2,0x50000,0x056002,9,0x0C9D8,1,1,current_low_write
8.363016,368809,0x0114EC,0x003D,0x3D,7,loop_high,0x60,2,2,0x00,0x02,0x60,0x600200,0x02,0x60,0x6002,0x7F,0x84,0x10,0x10,0xD2,0x50000,0x056002,9,0x0C9D8,1,1,
8.363039,368810,0x0114F1,0x00BD,0xBD,7,cur_high,0x60,0,0,0x00,0x02,0x60,0x600200,0x02,0x60,0x6002,0x7F,0x84,0x10,0x10,0xD2,0x50000,0x056002,9,0x0C9D8,1,1,current_pair_complete
8.363061,368811,0x0114F6,0x00BE,0xBE,7,ctrl,0xD2,0,0,0x00,0x02,0x60,0x600200,0x02,0x60,0x6002,0x7F,0x84,0x10,0x10,0xD2,0x50000,0x056002,9,0x0C9D8,1,1,retrigger_commit
8.459705,373073,0x01153B,0x001C,0x1C,3,loop_mid,0x2F,0,0,0x84,0x2F,0x30,0x302F84,0x2F,0x30,0x302F,0x3A,0x84,0x07,0x07,0xC6,0x40000,0x04302F,2,0x02238,1,1,
8.459705,373073,0x01153F,0x009C,0x9C,3,cur_mid,0x2F,1,1,0x84,0x2F,0x30,0x302F84,0x2F,0x30,0x302F,0x3A,0x84,0x07,0x07,0xC6,0x40000,0x04302F,2,0x02238,1,1,current_low_write
8.459705,373073,0x011543,0x001D,0x1D,3,loop_high,0x30,2,2,0x84,0x2F,0x30,0x302F84,0x2F,0x30,0x302F,0x3A,0x84,0x07,0x07,0xC6,0x40000,0x04302F,2,0x02238,1,1,
8.459705,373073,0x011547,0x009D,0x9D,3,cur_high,0x30,3,3,0x84,0x2F,0x30,0x302F84,0x2F,0x30,0x302F,0x3A,0x84,0x07,0x07,0xC6,0x40000,0x04302F,2,0x02238,1,1,current_pair_complete
8.459751,373075,0x01154C,0x009E,0x9E,3,ctrl,0xC6,0,0,0x84,0x2F,0x30,0x302F84,0x2F,0x30,0x302F,0x3A,0x84,0x07,0x07,0xC6,0x40000,0x04302F,2,0x02238,1,1,retrigger_commit
8.460113,373091,0x011551,0x004A,0x4A,9,vol_l,0x20,0,0,0x00,0x1D,0x0C,0x0C1D00,0x1D,0x0C,0x0C1D,0x1B,0x78,0x20,0x3F,0xC2,0x40000,0x040C1D,0,0x00000,1,1,
8.460136,373092,0x011556,0x004B,0x4B,9,vol_r,0x20,0,0,0x00,0x1D,0x0C,0x0C1D00,0x1D,0x0C,0x0C1D,0x1B,0x78,0x20,0x20,0xC2,0x40000,0x040C1D,0,0x00000,1,1,
8.460136,373092,0x01155A,0x004C,0x4C,9,loop_mid,0xA0,1,1,0x00,0x1D,0x0C,0x0C1D00,0xA0,0x0C,0x0CA0,0x1B,0x78,0x20,0x20,0xC2,0x40000,0x040C1D,0,0x00000,1,1,
8.460136,373092,0x01155E,0x00CC,0xCC,9,cur_mid,0xA0,2,2,0x00,0xA0,0x0C,0x0CA000,0xA0,0x0C,0x0CA0,0x1B,0x78,0x20,0x20,0xC2,0x40000,0x040CA0,0,0x00083,1,1,current_low_write
8.460159,373093,0x011563,0x004D,0x4D,9,loop_high,0x4D,0,0,0x00,0xA0,0x0C,0x0CA000,0xA0,0x4D,0x4DA0,0x1B,0x78,0x20,0x20,0xC2,0x40000,0x040CA0,0,0x00083,1,1,
8.460159,373093,0x011567,0x00CD,0xCD,9,cur_high,0x4D,1,1,0x00,0xA0,0x4D,0x4DA000,0xA0,0x4D,0x4DA0,0x1B,0x78,0x20,0x20,0xC2,0x40000,0x044DA0,3,0x03EC3,1,1,current_pair_complete
8.460159,373093,0x01156B,0x004E,0x4E,9,end,0x57,2,2,0x00,0xA0,0x4D,0x4DA000,0xA0,0x4D,0x4DA0,0x57,0x78,0x20,0x20,0xC2,0x40000,0x044DA0,3,0x03EC3,1,1,
8.460181,373094,0x011570,0x004F,0x4F,9,delta,0x84,0,0,0x00,0xA0,0x4D,0x4DA000,0xA0,0x4D,0x4DA0,0x57,0x84,0x20,0x20,0xC2,0x40000,0x044DA0,3,0x03EC3,1,1,
8.460181,373094,0x011574,0x00CE,0xCE,9,ctrl,0xD2,1,1,0x00,0xA0,0x4D,0x4DA000,0xA0,0x4D,0x4DA0,0x57,0x84,0x20,0x20,0xD2,0x50000,0x054DA0,8,0x0B7A6,1,1,retrigger_commit
8.460499,373108,0x011579,0x005A,0x5A,11,vol_l,0x3F,0,0,0x00,0xAB,0x29,0x29AB00,0xAB,0x29,0x29AB,0x2E,0x84,0x3F,0x38,0xC2,0x40000,0x0429AB,1,0x01CE3,1,1,
8.460499,373108,0x01157D,0x005B,0x5B,11,vol_r,0x3F,1,1,0x00,0xAB,0x29,0x29AB00,0xAB,0x29,0x29AB,0x2E,0x84,0x3F,0x3F,0xC2,0x40000,0x0429AB,1,0x01CE3,1,1,
8.460522,373109,0x011582,0x005C,0x5C,11,loop_mid,0x1D,0,0,0x00,0xAB,0x29,0x29AB00,0x1D,0x29,0x291D,0x2E,0x84,0x3F,0x3F,0xC2,0x40000,0x0429AB,1,0x01CE3,1,1,
8.460522,373109,0x011586,0x00DC,0xDC,11,cur_mid,0x1D,1,1,0x00,0x1D,0x29,0x291D00,0x1D,0x29,0x291D,0x2E,0x84,0x3F,0x3F,0xC2,0x40000,0x04291D,,,1,1,current_low_write
8.460522,373109,0x01158A,0x005D,0x5D,11,loop_high,0x0C,2,2,0x00,0x1D,0x29,0x291D00,0x1D,0x0C,0x0C1D,0x2E,0x84,0x3F,0x3F,0xC2,0x40000,0x04291D,,,1,1,
8.460522,373109,0x01158E,0x00DD,0xDD,11,cur_high,0x0C,3,3,0x00,0x1D,0x0C,0x0C1D00,0x1D,0x0C,0x0C1D,0x2E,0x84,0x3F,0x3F,0xC2,0x40000,0x040C1D,0,0x00000,1,1,current_pair_complete
8.460544,373110,0x011593,0x005E,0x5E,11,end,0x1B,0,0,0x00,0x1D,0x0C,0x0C1D00,0x1D,0x0C,0x0C1D,0x1B,0x84,0x3F,0x3F,0xC2,0x40000,0x040C1D,0,0x00000,1,1,
8.460544,373110,0x011597,0x005F,0x5F,11,delta,0x78,1,1,0x00,0x1D,0x0C,0x0C1D00,0x1D,0x0C,0x0C1D,0x1B,0x78,0x3F,0x3F,0xC2,0x40000,0x040C1D,0,0x00000,1,1,
8.460567,373111,0x01159C,0x00DE,0xDE,11,ctrl,0xC2,0,0,0x00,0x1D,0x0C,0x0C1D00,0x1D,0x0C,0x0C1D,0x1B,0x78,0x3F,0x3F,0xC2,0x40000,0x040C1D,0,0x00000,1,1,retrigger_commit
8.474762,373737,0x0115A3,0x000A,0x0A,1,vol_l,0x20,0,0,0x00,0x02,0x60,0x600200,0x02,0x60,0x6002,0x7F,0x84,0x20,0x10,0xD2,0x50000,0x056002,9,0x0C9D8,1,1,
8.474762,373737,0x0115A7,0x000B,0x0B,1,vol_r,0x20,1,1,0x00,0x02,0x60,0x600200,0x02,0x60,0x6002,0x7F,0x84,0x20,0x20,0xD2,0x50000,0x056002,9,0x0C9D8,1,1,
8.474785,373738,0x0115AC,0x000C,0x0C,1,loop_mid,0x7C,0,0,0x00,0x02,0x60,0x600200,0x7C,0x60,0x607C,0x7F,0x84,0x20,0x20,0xD2,0x50000,0x056002,9,0x0C9D8,1,1,
8.474785,373738,0x0115B0,0x008C,0x8C,1,cur_mid,0x7C,1,1,0x00,0x7C,0x60,0x607C00,0x7C,0x60,0x607C,0x7F,0x84,0x20,0x20,0xD2,0x50000,0x05607C,9,0x0CA52,1,1,current_low_write
8.474785,373738,0x0115B4,0x000D,0x0D,1,loop_high,0x43,2,2,0x00,0x7C,0x60,0x607C00,0x7C,0x43,0x437C,0x7F,0x84,0x20,0x20,0xD2,0x50000,0x05607C,9,0x0CA52,1,1,
8.474807,373739,0x0115B9,0x008D,0x8D,1,cur_high,0x43,0,0,0x00,0x7C,0x43,0x437C00,0x7C,0x43,0x437C,0x7F,0x84,0x20,0x20,0xD2,0x50000,0x05437C,7,0x0B222,1,1,current_pair_complete
8.474807,373739,0x0115BD,0x000E,0x0E,1,end,0x48,1,1,0x00,0x7C,0x43,0x437C00,0x7C,0x43,0x437C,0x48,0x84,0x20,0x20,0xD2,0x50000,0x05437C,7,0x0B222,1,1,
8.474830,373740,0x0115C2,0x008E,0x8E,1,ctrl,0xD2,0,0,0x00,0x7C,0x43,0x437C00,0x7C,0x43,0x437C,0x48,0x84,0x20,0x20,0xD2,0x50000,0x05437C,7,0x0B222,1,1,retrigger_commit
8.554467,377252,0x0115C9,0x001C,0x1C,3,loop_mid,0x2F,0,0,0x84,0x2F,0x30,0x302F84,0x2F,0x30,0x302F,0x3A,0x84,0x07,0x07,0xC6,0x40000,0x04302F,2,0x02238,1,1,
8.554467,377252,0x0115CD,0x009C,0x9C,3,cur_mid,0x2F,1,1,0x84,0x2F,0x30,0x302F84,0x2F,0x30,0x302F,0x3A,0x84,0x07,0x07,0xC6,0x40000,0x04302F,2,0x02238,1,1,current_low_write
8.554467,377252,0x0115D1,0x001D,0x1D,3,loop_high,0x30,2,2,0x84,0x2F,0x30,0x302F84,0x2F,0x30,0x302F,0x3A,0x84,0x07,0x07,0xC6,0x40000,0x04302F,2,0x02238,1,1,
8.554490,377253,0x0115D6,0x009D,0x9D,3,cur_high,0x30,0,0,0x84,0x2F,0x30,0x302F84,0x2F,0x30,0x302F,0x3A,0x84,0x07,0x07,0xC6,0x40000,0x04302F,2,0x02238,1,1,current_pair_complete
8.554512,377254,0x0115DB,0x009E,0x9E,3,ctrl,0xC6,0,0,0x84,0x2F,0x30,0x302F84,0x2F,0x30,0x302F,0x3A,0x84,0x07,0x07,0xC6,0x40000,0x04302F,2,0x02238,1,1,retrigger_commit
8.555057,377278,0x0115E1,0x002C,0x2C,5,loop_mid,0x02,0,0,0x00,0x02,0x60,0x600200,0x02,0x60,0x6002,0x7F,0x84,0x10,0x10,0xD2,0x50000,0x056002,9,0x0C9D8,1,1,
8.555079,377279,0x0115E6,0x00AC,0xAC,5,cur_mid,0x02,0,0,0x00,0x02,0x60,0x600200,0x02,0x60,0x6002,0x7F,0x84,0x10,0x10,0xD2,0x50000,0x056002,9,0x0C9D8,1,1,current_low_write
8.555079,377279,0x0115EA,0x002D,0x2D,5,loop_high,0x60,1,1,0x00,0x02,0x60,0x600200,0x02,0x60,0x6002,0x7F,0x84,0x10,0x10,0xD2,0x50000,0x056002,9,0x0C9D8,1,1,
8.555079,377279,0x0115EE,0x00AD,0xAD,5,cur_high,0x60,2,2,0x00,0x02,0x60,0x600200,0x02,0x60,0x6002,0x7F,0x84,0x10,0x10,0xD2,0x50000,0x056002,9,0x0C9D8,1,1,current_pair_complete
8.555102,377280,0x0115F3,0x00AE,0xAE,5,ctrl,0xD2,0,0,0x00,0x02,0x60,0x600200,0x02,0x60,0x6002,0x7F,0x84,0x10,0x10,0xD2,0x50000,0x056002,9,0x0C9D8,1,1,retrigger_commit
8.651134,381515,0x01162E,0x001C,0x1C,3,loop_mid,0x2F,0,0,0x84,0x2F,0x30,0x302F84,0x2F,0x30,0x302F,0x3A,0x84,0x07,0x07,0xC6,0x40000,0x04302F,2,0x02238,1,1,
8.651134,381515,0x011632,0x009C,0x9C,3,cur_mid,0x2F,1,1,0x84,0x2F,0x30,0x302F84,0x2F,0x30,0x302F,0x3A,0x84,0x07,0x07,0xC6,0x40000,0x04302F,2,0x02238,1,1,current_low_write
8.651134,381515,0x011636,0x001D,0x1D,3,loop_high,0x30,2,2,0x84,0x2F,0x30,0x302F84,0x2F,0x30,0x302F,0x3A,0x84,0x07,0x07,0xC6,0x40000,0x04302F,2,0x02238,1,1,
8.651156,381516,0x01163B,0x009D,0x9D,3,cur_high,0x30,0,0,0x84,0x2F,0x30,0x302F84,0x2F,0x30,0x302F,0x3A,0x84,0x07,0x07,0xC6,0x40000,0x04302F,2,0x02238,1,1,current_pair_complete
8.651179,381517,0x011640,0x009E,0x9E,3,ctrl,0xC6,0,0,0x84,0x2F,0x30,0x302F84,0x2F,0x30,0x302F,0x3A,0x84,0x07,0x07,0xC6,0x40000,0x04302F,2,0x02238,1,1,retrigger_commit
8.651497,381531,0x011645,0x000A,0x0A,1,vol_l,0x38,0,0,0x00,0x7C,0x43,0x437C00,0x7C,0x43,0x437C,0x48,0x84,0x38,0x20,0xD2,0x50000,0x05437C,7,0x0B222,1,1,
8.651497,381531,0x011649,0x000B,0x0B,1,vol_r,0x38,1,1,0x00,0x7C,0x43,0x437C00,0x7C,0x43,0x437C,0x48,0x84,0x38,0x38,0xD2,0x50000,0x05437C,7,0x0B222,1,1,
8.651519,381532,0x01164E,0x000C,0x0C,1,loop_mid,0xAB,0,0,0x00,0x7C,0x43,0x437C00,0xAB,0x43,0x43AB,0x48,0x84,0x38,0x38,0xD2,0x50000,0x05437C,7,0x0B222,1,1,
8.651519,381532,0x011652,0x008C,0x8C,1,cur_mid,0xAB,1,1,0x00,0xAB,0x43,0x43AB00,0xAB,0x43,0x43AB,0x48,0x84,0x38,0x38,0xD2,0x50000,0x0543AB,7,0x0B251,1,1,current_low_write
8.651519,381532,0x011656,0x000D,0x0D,1,loop_high,0x29,2,2,0x00,0xAB,0x43,0x43AB00,0xAB,0x29,0x29AB,0x48,0x84,0x38,0x38,0xD2,0x50000,0x0543AB,7,0x0B251,1,1,
8.651542,381533,0x01165B,0x008D,0x8D,1,cur_high,0x29,0,0,0x00,0xAB,0x29,0x29AB00,0xAB,0x29,0x29AB,0x48,0x84,0x38,0x38,0xD2,0x50000,0x0529AB,6,0x098CD,1,1,current_pair_complete
8.651542,381533,0x01165F,0x000E,0x0E,1,end,0x2E,1,1,0x00,0xAB,0x29,0x29AB00,0xAB,0x29,0x29AB,0x2E,0x84,0x38,0x38,0xD2,0x50000,0x0529AB,6,0x098CD,1,1,
8.651565,381534,0x011664,0x008E,0x8E,1,ctrl,0xC2,0,0,0x00,0xAB,0x29,0x29AB00,0xAB,0x29,0x29AB,0x2E,0x84,0x38,0x38,0xC2,0x40000,0x0429AB,1,0x01CE3,1,1,retrigger_commit
8.651927,381550,0x011669,0x004A,0x4A,9,vol_l,0x32,0,0,0x00,0xA0,0x4D,0x4DA000,0xA0,0x4D,0x4DA0,0x57,0x84,0x32,0x20,0xD2,0x50000,0x054DA0,8,0x0B7A6,1,1,
8.651927,381550,0x01166D,0x004B,0x4B,9,vol_r,0x32,1,1,0x00,0xA0,0x4D,0x4DA000,0xA0,0x4D,0x4DA0,0x57,0x84,0x32,0x32,0xD2,0x50000,0x054DA0,8,0x0B7A6,1,1,
8.651950,381551,0x011672,0x004C,0x4C,9,loop_mid,0x30,0,0,0x00,0xA0,0x4D,0x4DA000,0x30,0x4D,0x4D30,0x57,0x84,0x32,0x32,0xD2,0x50000,0x054DA0,8,0x0B7A6,1,1,
8.651950,381551,0x011676,0x00CC,0xCC,9,cur_mid,0x30,1,1,0x00,0x30,0x4D,0x4D3000,0x30,0x4D,0x4D30,0x57,0x84,0x32,0x32,0xD2,0x50000,0x054D30,,,1,1,current_low_write
8.651950,381551,0x01167A,0x004D,0x4D,9,loop_high,0x58,2,2,0x00,0x30,0x4D,0x4D3000,0x30,0x58,0x5830,0x57,0x84,0x32,0x32,0xD2,0x50000,0x054D30,,,1,1,
8.651973,381552,0x01167F,0x00CD,0xCD,9,cur_high,0x58,0,0,0x00,0x30,0x58,0x583000,0x30,0x58,0x5830,0x57,0x84,0x32,0x32,0xD2,0x50000,0x055830,9,0x0C206,1,1,current_pair_complete
8.651973,381552,0x011683,0x004E,0x4E,9,end,0x5F,1,1,0x00,0x30,0x58,0x583000,0x30,0x58,0x5830,0x5F,0x84,0x32,0x32,0xD2,0x50000,0x055830,9,0x0C206,1,1,
8.651995,381553,0x011688,0x00CE,0xCE,9,ctrl,0xD2,0,0,0x00,0x30,0x58,0x583000,0x30,0x58,0x5830,0x5F,0x84,0x32,0x32,0xD2,0x50000,0x055830,9,0x0C206,1,1,retrigger_commit
8.652336,381568,0x01168D,0x000A,0x0A,1,vol_l,0x10,0,0,0x00,0xAB,0x29,0x29AB00,0xAB,0x29,0x29AB,0x2E,0x84,0x10,0x38,0xC2,0x40000,0x0429AB,1,0x01CE3,1,1,
8.652336,381568,0x011691,0x000B,0x0B,1,vol_r,0x10,1,1,0x00,0xAB,0x29,0x29AB00,0xAB,0x29,0x29AB,0x2E,0x84,0x10,0x10,0xC2,0x40000,0x0429AB,1,0x01CE3,1,1,
8.652336,381568,0x011695,0x000C,0x0C,1,loop_mid,0x02,2,2,0x00,0xAB,0x29,0x29AB00,0x02,0x29,0x2902,0x2E,0x84,0x10,0x10,0xC2,0x40000,0x0429AB,1,0x01CE3,1,1,
8.652358,381569,0x01169A,0x008C,0x8C,1,cur_mid,0x02,0,0,0x00,0x02,0x29,0x290200,0x02,0x29,0x2902,0x2E,0x84,0x10,0x10,0xC2,0x40000,0x042902,,,1,1,current_low_write
8.652358,381569,0x01169E,0x000D,0x0D,1,loop_high,0x60,1,1,0x00,0x02,0x29,0x290200,0x02,0x60,0x6002,0x2E,0x84,0x10,0x10,0xC2,0x40000,0x042902,,,1,1,
8.652358,381569,0x0116A2,0x008D,0x8D,1,cur_high,0x60,2,2,0x00,0x02,0x60,0x600200,0x02,0x60,0x6002,0x2E,0x84,0x10,0x10,0xC2,0x40000,0x046002,3,0x05125,1,1,current_pair_complete
8.652381,381570,0x0116A7,0x000E,0x0E,1,end,0x7F,0,0,0x00,0x02,0x60,0x600200,0x02,0x60,0x6002,0x7F,0x84,0x10,0x10,0xC2,0x40000,0x046002,3,0x05125,1,1,
8.652381,381570,0x0116AB,0x008E,0x8E,1,ctrl,0xD2,1,1,0x00,0x02,0x60,0x600200,0x02,0x60,0x6002,0x7F,0x84,0x10,0x10,0xD2,0x50000,0x056002,9,0x0C9D8,1,1,retrigger_commit
8.746463,385719,0x0116B2,0x001C,0x1C,3,loop_mid,0x2F,0,0,0x84,0x2F,0x30,0x302F84,0x2F,0x30,0x302F,0x3A,0x84,0x07,0x07,0xC6,0x40000,0x04302F,2,0x02238,1,1,
8.746463,385719,0x0116B6,0x009C,0x9C,3,cur_mid,0x2F,1,1,0x84,0x2F,0x30,0x302F84,0x2F,0x30,0x302F,0x3A,0x84,0x07,0x07,0xC6,0x40000,0x04302F,2,0x02238,1,1,current_low_write
8.746463,385719,0x0116BA,0x001D,0x1D,3,loop_high,0x30,2,2,0x84,0x2F,0x30,0x302F84,0x2F,0x30,0x302F,0x3A,0x84,0x07,0x07,0xC6,0x40000,0x04302F,2,0x02238,1,1,
8.746485,385720,0x0116BF,0x009D,0x9D,3,cur_high,0x30,0,0,0x84,0x2F,0x30,0x302F84,0x2F,0x30,0x302F,0x3A,0x84,0x07,0x07,0xC6,0x40000,0x04302F,2,0x02238,1,1,current_pair_complete
8.746508,385721,0x0116C4,0x009E,0x9E,3,ctrl,0xC6,0,0,0x84,0x2F,0x30,0x302F84,0x2F,0x30,0x302F,0x3A,0x84,0x07,0x07,0xC6,0x40000,0x04302F,2,0x02238,1,1,retrigger_commit
8.747007,385743,0x0116CA,0x005A,0x5A,11,vol_l,0x10,0,0,0x00,0x1D,0x0C,0x0C1D00,0x1D,0x0C,0x0C1D,0x1B,0x78,0x10,0x3F,0xC2,0x40000,0x040C1D,0,0x00000,1,1,
8.747029,385744,0x0116CF,0x005B,0x5B,11,vol_r,0x10,0,0,0x00,0x1D,0x0C,0x0C1D00,0x1D,0x0C,0x0C1D,0x1B,0x78,0x10,0x10,0xC2,0x40000,0x040C1D,0,0x00000,1,1,
8.747029,385744,0x0116D3,0x005C,0x5C,11,loop_mid,0x02,1,1,0x00,0x1D,0x0C,0x0C1D00,0x02,0x0C,0x0C02,0x1B,0x78,0x10,0x10,0xC2,0x40000,0x040C1D,0,0x00000,1,1,
8.747029,385744,0x0116D7,0x00DC,0xDC,11,cur_mid,0x02,2,2,0x00,0x02,0x0C,0x0C0200,0x02,0x0C,0x0C02,0x1B,0x78,0x10,0x10,0xC2,0x40000,0x040C02,,,1,1,current_low_write
8.747052,385745,0x0116DC,0x005D,0x5D,11,loop_high,0x60,0,0,0x00,0x02,0x0C,0x0C0200,0x02,0x60,0x6002,0x1B,0x78,0x10,0x10,0xC2,0x40000,0x040C02,,,1,1,
8.747052,385745,0x0116E0,0x00DD,0xDD,11,cur_high,0x60,1,1,0x00,0x02,0x60,0x600200,0x02,0x60,0x6002,0x1B,0x78,0x10,0x10,0xC2,0x40000,0x046002,3,0x05125,1,1,current_pair_complete
8.747052,385745,0x0116E4,0x005E,0x5E,11,end,0x7F,2,2,0x00,0x02,0x60,0x600200,0x02,0x60,0x6002,0x7F,0x78,0x10,0x10,0xC2,0x40000,0x046002,3,0x05125,1,1,
8.747075,385746,0x0116E9,0x005F,0x5F,11,delta,0x84,0,0,0x00,0x02,0x60,0x600200,0x02,0x60,0x6002,0x7F,0x84,0x10,0x10,0xC2,0x40000,0x046002,3,0x05125,1,1,
8.747075,385746,0x0116ED,0x00DE,0xDE,11,ctrl,0xD2,1,1,0x00,0x02,0x60,0x600200,0x02,0x60,0x6002,0x7F,0x84,0x10,0x10,0xD2,0x50000,0x056002,9,0x0C9D8,1,1,retrigger_commit
8.844717,390052,0x011744,0x001C,0x1C,3,loop_mid,0x2F,0,0,0x84,0x2F,0x30,0x302F84,0x2F,0x30,0x302F,0x3A,0x84,0x07,0x07,0xC6,0x40000,0x04302F,2,0x02238,1,1,
8.844717,390052,0x011748,0x009C,0x9C,3,cur_mid,0x2F,1,1,0x84,0x2F,0x30,0x302F84,0x2F,0x30,0x302F,0x3A,0x84,0x07,0x07,0xC6,0x40000,0x04302F,2,0x02238,1,1,current_low_write
8.844717,390052,0x01174C,0x001D,0x1D,3,loop_high,0x30,2,2,0x84,0x2F,0x30,0x302F84,0x2F,0x30,0x302F,0x3A,0x84,0x07,0x07,0xC6,0x40000,0x04302F,2,0x02238,1,1,
8.844717,390052,0x011750,0x009D,0x9D,3,cur_high,0x30,3,3,0x84,0x2F,0x30,0x302F84,0x2F,0x30,0x302F,0x3A,0x84,0x07,0x07,0xC6,0x40000,0x04302F,2,0x02238,1,1,current_pair_complete
8.844762,390054,0x011755,0x009E,0x9E,3,ctrl,0xC6,0,0,0x84,0x2F,0x30,0x302F84,0x2F,0x30,0x302F,0x3A,0x84,0x07,0x07,0xC6,0x40000,0x04302F,2,0x02238,1,1,retrigger_commit
8.845125,390070,0x01175A,0x004A,0x4A,9,vol_l,0x3F,0,0,0x00,0x30,0x58,0x583000,0x30,0x58,0x5830,0x5F,0x84,0x3F,0x32,0xD2,0x50000,0x055830,9,0x0C206,1,1,
8.845125,390070,0x01175E,0x004B,0x4B,9,vol_r,0x3F,1,1,0x00,0x30,0x58,0x583000,0x30,0x58,0x5830,0x5F,0x84,0x3F,0x3F,0xD2,0x50000,0x055830,9,0x0C206,1,1,
8.845147,390071,0x011763,0x004C,0x4C,9,loop_mid,0x1D,0,0,0x00,0x30,0x58,0x583000,0x1D,0x58,0x581D,0x5F,0x84,0x3F,0x3F,0xD2,0x50000,0x055830,9,0x0C206,1,1,
8.845147,390071,0x011767,0x00CC,0xCC,9,cur_mid,0x1D,1,1,0x00,0x1D,0x58,0x581D00,0x1D,0x58,0x581D,0x5F,0x84,0x3F,0x3F,0xD2,0x50000,0x05581D,,,1,1,current_low_write
8.845147,390071,0x01176B,0x004D,0x4D,9,loop_high,0x0C,2,2,0x00,0x1D,0x58,0x581D00,0x1D,0x0C,0x0C1D,0x5F,0x84,0x3F,0x3F,0xD2,0x50000,0x05581D,,,1,1,
8.845170,390072,0x011770,0x00CD,0xCD,9,cur_high,0x0C,0,0,0x00,0x1D,0x0C,0x0C1D00,0x1D,0x0C,0x0C1D,0x5F,0x84,0x3F,0x3F,0xD2,0x50000,0x050C1D,5,0x07BFF,1,1,current_pair_complete
8.845170,390072,0x011774,0x004E,0x4E,9,end,0x1B,1,1,0x00,0x1D,0x0C,0x0C1D00,0x1D,0x0C,0x0C1D,0x1B,0x84,0x3F,0x3F,0xD2,0x50000,0x050C1D,5,0x07BFF,1,1,
8.845170,390072,0x011778,0x004F,0x4F,9,delta,0x78,2,2,0x00,0x1D,0x0C,0x0C1D00,0x1D,0x0C,0x0C1D,0x1B,0x78,0x3F,0x3F,0xD2,0x50000,0x050C1D,5,0x07BFF,1,1,
8.845193,390073,0x01177D,0x00CE,0xCE,9,ctrl,0xC2,0,0,0x00,0x1D,0x0C,0x0C1D00,0x1D,0x0C,0x0C1D,0x1B,0x78,0x3F,0x3F,0xC2,0x40000,0x040C1D,0,0x00000,1,1,retrigger_commit
8.845533,390088,0x011782,0x000A,0x0A,1,vol_l,0x32,0,0,0x00,0x02,0x60,0x600200,0x02,0x60,0x6002,0x7F,0x84,0x32,0x10,0xD2,0x50000,0x056002,9,0x0C9D8,1,1,
8.845533,390088,0x011786,0x000B,0x0B,1,vol_r,0x32,1,1,0x00,0x02,0x60,0x600200,0x02,0x60,0x6002,0x7F,0x84,0x32,0x32,0xD2,0x50000,0x056002,9,0x0C9D8,1,1,
8.845533,390088,0x01178A,0x000C,0x0C,1,loop_mid,0x30,2,2,0x00,0x02,0x60,0x600200,0x30,0x60,0x6030,0x7F,0x84,0x32,0x32,0xD2,0x50000,0x056002,9,0x0C9D8,1,1,
8.845556,390089,0x01178F,0x008C,0x8C,1,cur_mid,0x30,0,0,0x00,0x30,0x60,0x603000,0x30,0x60,0x6030,0x7F,0x84,0x32,0x32,0xD2,0x50000,0x056030,9,0x0CA06,1,1,current_low_write
8.845556,390089,0x011793,0x000D,0x0D,1,loop_high,0x58,1,1,0x00,0x30,0x60,0x603000,0x30,0x58,0x5830,0x7F,0x84,0x32,0x32,0xD2,0x50000,0x056030,9,0x0CA06,1,1,
8.845556,390089,0x011797,0x008D,0x8D,1,cur_high,0x58,2,2,0x00,0x30,0x58,0x583000,0x30,0x58,0x5830,0x7F,0x84,0x32,0x32,0xD2,0x50000,0x055830,9,0x0C206,1,1,current_pair_complete
8.845578,390090,0x01179C,0x000E,0x0E,1,end,0x5F,0,0,0x00,0x30,0x58,0x583000,0x30,0x58,0x5830,0x5F,0x84,0x32,0x32,0xD2,0x50000,0x055830,9,0x0C206,1,1,
8.845578,390090,0x0117A0,0x008E,0x8E,1,ctrl,0xD2,1,1,0x00,0x30,0x58,0x583000,0x30,0x58,0x5830,0x5F,0x84,0x32,0x32,0xD2,0x50000,0x055830,9,0x0C206,1,1,retrigger_commit
8.859048,390684,0x0117A7,0x000A,0x0A,1,vol_l,0x20,0,0,0x00,0x30,0x58,0x583000,0x30,0x58,0x5830,0x5F,0x84,0x20,0x32,0xD2,0x50000,0x055830,9,0x0C206,1,1,
8.859048,390684,0x0117AB,0x000B,0x0B,1,vol_r,0x20,1,1,0x00,0x30,0x58,0x583000,0x30,0x58,0x5830,0x5F,0x84,0x20,0x20,0xD2,0x50000,0x055830,9,0x0C206,1,1,
8.859070,390685,0x0117B0,0x000C,0x0C,1,loop_mid,0x7C,0,0,0x00,0x30,0x58,0x583000,0x7C,0x58,0x587C,0x5F,0x84,0x20,0x20,0xD2,0x50000,0x055830,9,0x0C206,1,1,
8.859070,390685,0x0117B4,0x008C,0x8C,1,cur_mid,0x7C,1,1,0x00,0x7C,0x58,0x587C00,0x7C,0x58,0x587C,0x5F,0x84,0x20,0x20,0xD2,0x50000,0x05587C,9,0x0C252,1,1,current_low_write
8.859070,390685,0x0117B8,0x000D,0x0D,1,loop_high,0x43,2,2,0x00,0x7C,0x58,0x587C00,0x7C,0x43,0x437C,0x5F,0x84,0x20,0x20,0xD2,0x50000,0x05587C,9,0x0C252,1,1,
8.859093,390686,0x0117BD,0x008D,0x8D,1,cur_high,0x43,0,0,0x00,0x7C,0x43,0x437C00,0x7C,0x43,0x437C,0x5F,0x84,0x20,0x20,0xD2,0x50000,0x05437C,7,0x0B222,1,1,current_pair_complete
8.859093,390686,0x0117C1,0x000E,0x0E,1,end,0x48,1,1,0x00,0x7C,0x43,0x437C00,0x7C,0x43,0x437C,0x48,0x84,0x20,0x20,0xD2,0x50000,0x05437C,7,0x0B222,1,1,
8.859116,390687,0x0117C6,0x008E,0x8E,1,ctrl,0xD2,0,0,0x00,0x7C,0x43,0x437C00,0x7C,0x43,0x437C,0x48,0x84,0x20,0x20,0xD2,0x50000,0x05437C,7,0x0B222,1,1,retrigger_commit
8.938753,394199,0x0117CD,0x001C,0x1C,3,loop_mid,0x2F,0,0,0x84,0x2F,0x30,0x302F84,0x2F,0x30,0x302F,0x3A,0x84,0x07,0x07,0xC6,0x40000,0x04302F,2,0x02238,1,1,
8.938776,394200,0x0117D2,0x009C,0x9C,3,cur_mid,0x2F,0,0,0x84,0x2F,0x30,0x302F84,0x2F,0x30,0x302F,0x3A,0x84,0x07,0x07,0xC6,0x40000,0x04302F,2,0x02238,1,1,current_low_write
8.938776,394200,0x0117D6,0x001D,0x1D,3,loop_high,0x30,1,1,0x84,0x2F,0x30,0x302F84,0x2F,0x30,0x302F,0x3A,0x84,0x07,0x07,0xC6,0x40000,0x04302F,2,0x02238,1,1,
8.938776,394200,0x0117DA,0x009D,0x9D,3,cur_high,0x30,2,2,0x84,0x2F,0x30,0x302F84,0x2F,0x30,0x302F,0x3A,0x84,0x07,0x07,0xC6,0x40000,0x04302F,2,0x02238,1,1,current_pair_complete
8.938798,394201,0x0117DF,0x009E,0x9E,3,ctrl,0xC6,0,0,0x84,0x2F,0x30,0x302F84,0x2F,0x30,0x302F,0x3A,0x84,0x07,0x07,0xC6,0x40000,0x04302F,2,0x02238,1,1,retrigger_commit
8.939388,394227,0x0117E5,0x003C,0x3C,7,loop_mid,0x02,0,0,0x00,0x02,0x60,0x600200,0x02,0x60,0x6002,0x7F,0x84,0x10,0x10,0xD2,0x50000,0x056002,9,0x0C9D8,1,1,
8.939388,394227,0x0117E9,0x00BC,0xBC,7,cur_mid,0x02,1,1,0x00,0x02,0x60,0x600200,0x02,0x60,0x6002,0x7F,0x84,0x10,0x10,0xD2,0x50000,0x056002,9,0x0C9D8,1,1,current_low_write
8.939388,394227,0x0117ED,0x003D,0x3D,7,loop_high,0x60,2,2,0x00,0x02,0x60,0x600200,0x02,0x60,0x6002,0x7F,0x84,0x10,0x10,0xD2,0x50000,0x056002,9,0x0C9D8,1,1,
8.939410,394228,0x0117F2,0x00BD,0xBD,7,cur_high,0x60,0,0,0x00,0x02,0x60,0x600200,0x02,0x60,0x6002,0x7F,0x84,0x10,0x10,0xD2,0x50000,0x056002,9,0x0C9D8,1,1,current_pair_complete
8.939433,394229,0x0117F7,0x00BE,0xBE,7,ctrl,0xD2,0,0,0x00,0x02,0x60,0x600200,0x02,0x60,0x6002,0x7F,0x84,0x10,0x10,0xD2,0x50000,0x056002,9,0x0C9D8,1,1,retrigger_commit
9.036145,398494,0x011854,0x001C,0x1C,3,loop_mid,0x2F,0,0,0x84,0x2F,0x30,0x302F84,0x2F,0x30,0x302F,0x3A,0x84,0x07,0x07,0xC6,0x40000,0x04302F,2,0x02238,1,1,
9.036168,398495,0x011859,0x009C,0x9C,3,cur_mid,0x2F,0,0,0x84,0x2F,0x30,0x302F84,0x2F,0x30,0x302F,0x3A,0x84,0x07,0x07,0xC6,0x40000,0x04302F,2,0x02238,1,1,current_low_write
9.036168,398495,0x01185D,0x001D,0x1D,3,loop_high,0x30,1,1,0x84,0x2F,0x30,0x302F84,0x2F,0x30,0x302F,0x3A,0x84,0x07,0x07,0xC6,0x40000,0x04302F,2,0x02238,1,1,
9.036168,398495,0x011861,0x009D,0x9D,3,cur_high,0x30,2,2,0x84,0x2F,0x30,0x302F84,0x2F,0x30,0x302F,0x3A,0x84,0x07,0x07,0xC6,0x40000,0x04302F,2,0x02238,1,1,current_pair_complete
9.036190,398496,0x011866,0x009E,0x9E,3,ctrl,0xC6,0,0,0x84,0x2F,0x30,0x302F84,0x2F,0x30,0x302F,0x3A,0x84,0x07,0x07,0xC6,0x40000,0x04302F,2,0x02238,1,1,retrigger_commit
9.036463,398508,0x01186B,0x000A,0x0A,1,vol_l,0x38,0,0,0x00,0x7C,0x43,0x437C00,0x7C,0x43,0x437C,0x48,0x84,0x38,0x20,0xD2,0x50000,0x05437C,7,0x0B222,1,1,
9.036463,398508,0x01186F,0x000B,0x0B,1,vol_r,0x38,1,1,0x00,0x7C,0x43,0x437C00,0x7C,0x43,0x437C,0x48,0x84,0x38,0x38,0xD2,0x50000,0x05437C,7,0x0B222,1,1,
9.036463,398508,0x011873,0x000C,0x0C,1,loop_mid,0xAB,2,2,0x00,0x7C,0x43,0x437C00,0xAB,0x43,0x43AB,0x48,0x84,0x38,0x38,0xD2,0x50000,0x05437C,7,0x0B222,1,1,
9.036485,398509,0x011878,0x008C,0x8C,1,cur_mid,0xAB,0,0,0x00,0xAB,0x43,0x43AB00,0xAB,0x43,0x43AB,0x48,0x84,0x38,0x38,0xD2,0x50000,0x0543AB,7,0x0B251,1,1,current_low_write
9.036485,398509,0x01187C,0x000D,0x0D,1,loop_high,0x29,1,1,0x00,0xAB,0x43,0x43AB00,0xAB,0x29,0x29AB,0x48,0x84,0x38,0x38,0xD2,0x50000,0x0543AB,7,0x0B251,1,1,
9.036485,398509,0x011880,0x008D,0x8D,1,cur_high,0x29,2,2,0x00,0xAB,0x29,0x29AB00,0xAB,0x29,0x29AB,0x48,0x84,0x38,0x38,0xD2,0x50000,0x0529AB,6,0x098CD,1,1,current_pair_complete
9.036508,398510,0x011885,0x000E,0x0E,1,end,0x2E,0,0,0x00,0xAB,0x29,0x29AB00,0xAB,0x29,0x29AB,0x2E,0x84,0x38,0x38,0xD2,0x50000,0x0529AB,6,0x098CD,1,1,
9.036508,398510,0x011889,0x008E,0x8E,1,ctrl,0xC2,1,1,0x00,0xAB,0x29,0x29AB00,0xAB,0x29,0x29AB,0x2E,0x84,0x38,0x38,0xC2,0x40000,0x0429AB,1,0x01CE3,1,1,retrigger_commit
9.036984,398531,0x01188F,0x000A,0x0A,1,vol_l,0x10,0,0,0x00,0xAB,0x29,0x29AB00,0xAB,0x29,0x29AB,0x2E,0x84,0x10,0x38,0xC2,0x40000,0x0429AB,1,0x01CE3,1,1,
9.036984,398531,0x011893,0x000B,0x0B,1,vol_r,0x10,1,1,0x00,0xAB,0x29,0x29AB00,0xAB,0x29,0x29AB,0x2E,0x84,0x10,0x10,0xC2,0x40000,0x0429AB,1,0x01CE3,1,1,
9.037007,398532,0x011898,0x000C,0x0C,1,loop_mid,0x02,0,0,0x00,0xAB,0x29,0x29AB00,0x02,0x29,0x2902,0x2E,0x84,0x10,0x10,0xC2,0x40000,0x0429AB,1,0x01CE3,1,1,
9.037007,398532,0x01189C,0x008C,0x8C,1,cur_mid,0x02,1,1,0x00,0x02,0x29,0x290200,0x02,0x29,0x2902,0x2E,0x84,0x10,0x10,0xC2,0x40000,0x042902,,,1,1,current_low_write
9.037007,398532,0x0118A0,0x000D,0x0D,1,loop_high,0x60,2,2,0x00,0x02,0x29,0x290200,0x02,0x60,0x6002,0x2E,0x84,0x10,0x10,0xC2,0x40000,0x042902,,,1,1,
9.037029,398533,0x0118A5,0x008D,0x8D,1,cur_high,0x60,0,0,0x00,0x02,0x60,0x600200,0x02,0x60,0x6002,0x2E,0x84,0x10,0x10,0xC2,0x40000,0x046002,3,0x05125,1,1,current_pair_complete
9.037029,398533,0x0118A9,0x000E,0x0E,1,end,0x7F,1,1,0x00,0x02,0x60,0x600200,0x02,0x60,0x6002,0x7F,0x84,0x10,0x10,0xC2,0x40000,0x046002,3,0x05125,1,1,
9.037052,398534,0x0118AE,0x008E,0x8E,1,ctrl,0xD2,0,0,0x00,0x02,0x60,0x600200,0x02,0x60,0x6002,0x7F,0x84,0x10,0x10,0xD2,0x50000,0x056002,9,0x0C9D8,1,1,retrigger_commit
9.130771,402667,0x0118B5,0x001C,0x1C,3,loop_mid,0x2F,0,0,0x84,0x2F,0x30,0x302F84,0x2F,0x30,0x302F,0x3A,0x84,0x07,0x07,0xC6,0x40000,0x04302F,2,0x02238,1,1,
9.130794,402668,0x0118BA,0x009C,0x9C,3,cur_mid,0x2F,0,0,0x84,0x2F,0x30,0x302F84,0x2F,0x30,0x302F,0x3A,0x84,0x07,0x07,0xC6,0x40000,0x04302F,2,0x02238,1,1,current_low_write
9.130794,402668,0x0118BE,0x001D,0x1D,3,loop_high,0x30,1,1,0x84,0x2F,0x30,0x302F84,0x2F,0x30,0x302F,0x3A,0x84,0x07,0x07,0xC6,0x40000,0x04302F,2,0x02238,1,1,
9.130794,402668,0x0118C2,0x009D,0x9D,3,cur_high,0x30,2,2,0x84,0x2F,0x30,0x302F84,0x2F,0x30,0x302F,0x3A,0x84,0x07,0x07,0xC6,0x40000,0x04302F,2,0x02238,1,1,current_pair_complete
9.130816,402669,0x0118C7,0x009E,0x9E,3,ctrl,0xC6,0,0,0x84,0x2F,0x30,0x302F84,0x2F,0x30,0x302F,0x3A,0x84,0x07,0x07,0xC6,0x40000,0x04302F,2,0x02238,1,1,retrigger_commit
9.131315,402691,0x0118CD,0x002C,0x2C,5,loop_mid,0x02,0,0,0x00,0x02,0x60,0x600200,0x02,0x60,0x6002,0x7F,0x84,0x10,0x10,0xD2,0x50000,0x056002,9,0x0C9D8,1,1,
9.131338,402692,0x0118D2,0x00AC,0xAC,5,cur_mid,0x02,0,0,0x00,0x02,0x60,0x600200,0x02,0x60,0x6002,0x7F,0x84,0x10,0x10,0xD2,0x50000,0x056002,9,0x0C9D8,1,1,current_low_write
9.131338,402692,0x0118D6,0x002D,0x2D,5,loop_high,0x60,1,1,0x00,0x02,0x60,0x600200,0x02,0x60,0x6002,0x7F,0x84,0x10,0x10,0xD2,0x50000,0x056002,9,0x0C9D8,1,1,
9.131338,402692,0x0118DA,0x00AD,0xAD,5,cur_high,0x60,2,2,0x00,0x02,0x60,0x600200,0x02,0x60,0x6002,0x7F,0x84,0x10,0x10,0xD2,0x50000,0x056002,9,0x0C9D8,1,1,current_pair_complete
9.131361,402693,0x0118DF,0x00AE,0xAE,5,ctrl,0xD2,0,0,0x00,0x02,0x60,0x600200,0x02,0x60,0x6002,0x7F,0x84,0x10,0x10,0xD2,0x50000,0x056002,9,0x0C9D8,1,1,retrigger_commit
9.228141,406961,0x011928,0x001A,0x1A,3,vol_l,0x10,0,0,0x84,0x2F,0x30,0x302F84,0x2F,0x30,0x302F,0x3A,0x84,0x10,0x07,0xC6,0x40000,0x04302F,2,0x02238,1,1,
9.228141,406961,0x01192C,0x001B,0x1B,3,vol_r,0x10,1,1,0x84,0x2F,0x30,0x302F84,0x2F,0x30,0x302F,0x3A,0x84,0x10,0x10,0xC6,0x40000,0x04302F,2,0x02238,1,1,
9.228141,406961,0x011930,0x001C,0x1C,3,loop_mid,0x2F,2,2,0x84,0x2F,0x30,0x302F84,0x2F,0x30,0x302F,0x3A,0x84,0x10,0x10,0xC6,0x40000,0x04302F,2,0x02238,1,1,
9.228163,406962,0x011935,0x009C,0x9C,3,cur_mid,0x2F,0,0,0x84,0x2F,0x30,0x302F84,0x2F,0x30,0x302F,0x3A,0x84,0x10,0x10,0xC6,0x40000,0x04302F,2,0x02238,1,1,current_low_write
9.228163,406962,0x011939,0x001D,0x1D,3,loop_high,0x30,1,1,0x84,0x2F,0x30,0x302F84,0x2F,0x30,0x302F,0x3A,0x84,0x10,0x10,0xC6,0x40000,0x04302F,2,0x02238,1,1,
9.228163,406962,0x01193D,0x009D,0x9D,3,cur_high,0x30,2,2,0x84,0x2F,0x30,0x302F84,0x2F,0x30,0x302F,0x3A,0x84,0x10,0x10,0xC6,0x40000,0x04302F,2,0x02238,1,1,current_pair_complete
9.228186,406963,0x011942,0x009E,0x9E,3,ctrl,0xC6,0,0,0x84,0x2F,0x30,0x302F84,0x2F,0x30,0x302F,0x3A,0x84,0x10,0x10,0xC6,0x40000,0x04302F,2,0x02238,1,1,retrigger_commit
9.229070,407002,0x011949,0x004C,0x4C,9,loop_mid,0x1D,0,0,0x00,0x1D,0x0C,0x0C1D00,0x1D,0x0C,0x0C1D,0x1B,0x78,0x3F,0x3F,0xC2,0x40000,0x040C1D,0,0x00000,1,1,
9.229070,407002,0x01194D,0x00CC,0xCC,9,cur_mid,0x1D,1,1,0x00,0x1D,0x0C,0x0C1D00,0x1D,0x0C,0x0C1D,0x1B,0x78,0x3F,0x3F,0xC2,0x40000,0x040C1D,0,0x00000,1,1,current_low_write
9.229070,407002,0x011951,0x004D,0x4D,9,loop_high,0x0C,2,2,0x00,0x1D,0x0C,0x0C1D00,0x1D,0x0C,0x0C1D,0x1B,0x78,0x3F,0x3F,0xC2,0x40000,0x040C1D,0,0x00000,1,1,
9.229093,407003,0x011956,0x00CD,0xCD,9,cur_high,0x0C,0,0,0x00,0x1D,0x0C,0x0C1D00,0x1D,0x0C,0x0C1D,0x1B,0x78,0x3F,0x3F,0xC2,0x40000,0x040C1D,0,0x00000,1,1,current_pair_complete
9.229116,407004,0x01195B,0x00CE,0xCE,9,ctrl,0xC2,0,0,0x00,0x1D,0x0C,0x0C1D00,0x1D,0x0C,0x0C1D,0x1B,0x78,0x3F,0x3F,0xC2,0x40000,0x040C1D,0,0x00000,1,1,retrigger_commit
9.242766,407606,0x011962,0x000A,0x0A,1,vol_l,0x20,0,0,0x00,0x02,0x60,0x600200,0x02,0x60,0x6002,0x7F,0x84,0x20,0x10,0xD2,0x50000,0x056002,9,0x0C9D8,1,1,
9.242766,407606,0x011966,0x000B,0x0B,1,vol_r,0x20,1,1,0x00,0x02,0x60,0x600200,0x02,0x60,0x6002,0x7F,0x84,0x20,0x20,0xD2,0x50000,0x056002,9,0x0C9D8,1,1,
9.242766,407606,0x01196A,0x000C,0x0C,1,loop_mid,0x7C,2,2,0x00,0x02,0x60,0x600200,0x7C,0x60,0x607C,0x7F,0x84,0x20,0x20,0xD2,0x50000,0x056002,9,0x0C9D8,1,1,
9.242789,407607,0x01196F,0x008C,0x8C,1,cur_mid,0x7C,0,0,0x00,0x7C,0x60,0x607C00,0x7C,0x60,0x607C,0x7F,0x84,0x20,0x20,0xD2,0x50000,0x05607C,9,0x0CA52,1,1,current_low_write
9.242789,407607,0x011973,0x000D,0x0D,1,loop_high,0x43,1,1,0x00,0x7C,0x60,0x607C00,0x7C,0x43,0x437C,0x7F,0x84,0x20,0x20,0xD2,0x50000,0x05607C,9,0x0CA52,1,1,
9.242789,407607,0x011977,0x008D,0x8D,1,cur_high,0x43,2,2,0x00,0x7C,0x43,0x437C00,0x7C,0x43,0x437C,0x7F,0x84,0x20,0x20,0xD2,0x50000,0x05437C,7,0x0B222,1,1,current_pair_complete
9.242812,407608,0x01197C,0x000E,0x0E,1,end,0x48,0,0,0x00,0x7C,0x43,0x437C00,0x7C,0x43,0x437C,0x48,0x84,0x20,0x20,0xD2,0x50000,0x05437C,7,0x0B222,1,1,
9.242812,407608,0x011980,0x008E,0x8E,1,ctrl,0xD2,1,1,0x00,0x7C,0x43,0x437C00,0x7C,0x43,0x437C,0x48,0x84,0x20,0x20,0xD2,0x50000,0x05437C,7,0x0B222,1,1,retrigger_commit
9.322517,411123,0x011987,0x001A,0x1A,3,vol_l,0x07,0,0,0x84,0x2F,0x30,0x302F84,0x2F,0x30,0x302F,0x3A,0x84,0x07,0x10,0xC6,0x40000,0x04302F,2,0x02238,1,1,
9.322517,411123,0x01198B,0x001B,0x1B,3,vol_r,0x07,1,1,0x84,0x2F,0x30,0x302F84,0x2F,0x30,0x302F,0x3A,0x84,0x07,0x07,0xC6,0x40000,0x04302F,2,0x02238,1,1,
9.322540,411124,0x011990,0x001C,0x1C,3,loop_mid,0x2F,0,0,0x84,0x2F,0x30,0x302F84,0x2F,0x30,0x302F,0x3A,0x84,0x07,0x07,0xC6,0x40000,0x04302F,2,0x02238,1,1,
9.322540,411124,0x011994,0x009C,0x9C,3,cur_mid,0x2F,1,1,0x84,0x2F,0x30,0x302F84,0x2F,0x30,0x302F,0x3A,0x84,0x07,0x07,0xC6,0x40000,0x04302F,2,0x02238,1,1,current_low_write
9.322540,411124,0x011998,0x001D,0x1D,3,loop_high,0x30,2,2,0x84,0x2F,0x30,0x302F84,0x2F,0x30,0x302F,0x3A,0x84,0x07,0x07,0xC6,0x40000,0x04302F,2,0x02238,1,1,
9.322562,411125,0x01199D,0x009D,0x9D,3,cur_high,0x30,0,0,0x84,0x2F,0x30,0x302F84,0x2F,0x30,0x302F,0x3A,0x84,0x07,0x07,0xC6,0x40000,0x04302F,2,0x02238,1,1,current_pair_complete
9.322585,411126,0x0119A2,0x009E,0x9E,3,ctrl,0xC6,0,0,0x84,0x2F,0x30,0x302F84,0x2F,0x30,0x302F,0x3A,0x84,0x07,0x07,0xC6,0x40000,0x04302F,2,0x02238,1,1,retrigger_commit
9.323175,411152,0x0119A8,0x005C,0x5C,11,loop_mid,0x02,0,0,0x00,0x02,0x60,0x600200,0x02,0x60,0x6002,0x7F,0x84,0x10,0x10,0xD2,0x50000,0x056002,9,0x0C9D8,1,1,
9.323175,411152,0x0119AC,0x00DC,0xDC,11,cur_mid,0x02,1,1,0x00,0x02,0x60,0x600200,0x02,0x60,0x6002,0x7F,0x84,0x10,0x10,0xD2,0x50000,0x056002,9,0x0C9D8,1,1,current_low_write
9.323197,411153,0x0119B1,0x005D,0x5D,11,loop_high,0x60,0,0,0x00,0x02,0x60,0x600200,0x02,0x60,0x6002,0x7F,0x84,0x10,0x10,0xD2,0x50000,0x056002,9,0x0C9D8,1,1,
9.323197,411153,0x0119B5,0x00DD,0xDD,11,cur_high,0x60,1,1,0x00,0x02,0x60,0x600200,0x02,0x60,0x6002,0x7F,0x84,0x10,0x10,0xD2,0x50000,0x056002,9,0x0C9D8,1,1,current_pair_complete
9.323220,411154,0x0119BA,0x00DE,0xDE,11,ctrl,0xD2,0,0,0x00,0x02,0x60,0x600200,0x02,0x60,0x6002,0x7F,0x84,0x10,0x10,0xD2,0x50000,0x056002,9,0x0C9D8,1,1,retrigger_commit
9.419161,415385,0x0119F5,0x000A,0x0A,1,vol_l,0x38,0,0,0x00,0x7C,0x43,0x437C00,0x7C,0x43,0x437C,0x48,0x84,0x38,0x20,0xD2,0x50000,0x05437C,7,0x0B222,1,1,
9.419161,415385,0x0119F9,0x000B,0x0B,1,vol_r,0x38,1,1,0x00,0x7C,0x43,0x437C00,0x7C,0x43,0x437C,0x48,0x84,0x38,0x38,0xD2,0x50000,0x05437C,7,0x0B222,1,1,
9.419161,415385,0x0119FD,0x000C,0x0C,1,loop_mid,0xAB,2,2,0x00,0x7C,0x43,0x437C00,0xAB,0x43,0x43AB,0x48,0x84,0x38,0x38,0xD2,0x50000,0x05437C,7,0x0B222,1,1,
9.419184,415386,0x011A02,0x008C,0x8C,1,cur_mid,0xAB,0,0,0x00,0xAB,0x43,0x43AB00,0xAB,0x43,0x43AB,0x48,0x84,0x38,0x38,0xD2,0x50000,0x0543AB,7,0x0B251,1,1,current_low_write
9.419184,415386,0x011A06,0x000D,0x0D,1,loop_high,0x29,1,1,0x00,0xAB,0x43,0x43AB00,0xAB,0x29,0x29AB,0x48,0x84,0x38,0x38,0xD2,0x50000,0x0543AB,7,0x0B251,1,1,
9.419184,415386,0x011A0A,0x008D,0x8D,1,cur_high,0x29,2,2,0x00,0xAB,0x29,0x29AB00,0xAB,0x29,0x29AB,0x48,0x84,0x38,0x38,0xD2,0x50000,0x0529AB,6,0x098CD,1,1,current_pair_complete
9.419206,415387,0x011A0F,0x000E,0x0E,1,end,0x2E,0,0,0x00,0xAB,0x29,0x29AB00,0xAB,0x29,0x29AB,0x2E,0x84,0x38,0x38,0xD2,0x50000,0x0529AB,6,0x098CD,1,1,
9.419206,415387,0x011A13,0x008E,0x8E,1,ctrl,0xC2,1,1,0x00,0xAB,0x29,0x29AB00,0xAB,0x29,0x29AB,0x2E,0x84,0x38,0x38,0xC2,0x40000,0x0429AB,1,0x01CE3,1,1,retrigger_commit
9.514512,419590,0x011A1A,0x0008,0x08,1,cur_low,0x80,0,0,0x80,0xAB,0x29,0x29AB80,0xAB,0x29,0x29AB,0x2E,0x84,0x38,0x38,0xC2,0x40000,0x0429AB,1,0x01CE3,1,1,
9.514535,419591,0x011A1F,0x000A,0x0A,1,vol_l,0x07,0,0,0x80,0xAB,0x29,0x29AB80,0xAB,0x29,0x29AB,0x2E,0x84,0x07,0x38,0xC2,0x40000,0x0429AB,1,0x01CE3,1,1,
9.514535,419591,0x011A23,0x000B,0x0B,1,vol_r,0x07,1,1,0x80,0xAB,0x29,0x29AB80,0xAB,0x29,0x29AB,0x2E,0x84,0x07,0x07,0xC2,0x40000,0x0429AB,1,0x01CE3,1,1,
9.514558,419592,0x011A28,0x000C,0x0C,1,loop_mid,0x2F,0,0,0x80,0xAB,0x29,0x29AB80,0x2F,0x29,0x292F,0x2E,0x84,0x07,0x07,0xC2,0x40000,0x0429AB,1,0x01CE3,1,1,
9.514558,419592,0x011A2C,0x008C,0x8C,1,cur_mid,0x2F,1,1,0x80,0x2F,0x29,0x292F80,0x2F,0x29,0x292F,0x2E,0x84,0x07,0x07,0xC2,0x40000,0x04292F,,,1,1,current_low_write
9.514558,419592,0x011A30,0x000D,0x0D,1,loop_high,0x30,2,2,0x80,0x2F,0x29,0x292F80,0x2F,0x30,0x302F,0x2E,0x84,0x07,0x07,0xC2,0x40000,0x04292F,,,1,1,
9.514558,419592,0x011A34,0x008D,0x8D,1,cur_high,0x30,3,3,0x80,0x2F,0x30,0x302F80,0x2F,0x30,0x302F,0x2E,0x84,0x07,0x07,0xC2,0x40000,0x04302F,2,0x02238,1,1,current_pair_complete
9.514580,419593,0x011A39,0x000E,0x0E,1,end,0x3A,0,0,0x80,0x2F,0x30,0x302F80,0x2F,0x30,0x302F,0x3A,0x84,0x07,0x07,0xC2,0x40000,0x04302F,2,0x02238,1,1,
9.514603,419594,0x011A3E,0x008E,0x8E,1,ctrl,0xC6,0,0,0x80,0x2F,0x30,0x302F80,0x2F,0x30,0x302F,0x3A,0x84,0x07,0x07,0xC6,0x40000,0x04302F,2,0x02238,1,1,retrigger_commit
9.515057,419614,0x011A44,0x0018,0x18,3,cur_low,0x00,0,0,0x00,0x2F,0x30,0x302F00,0x2F,0x30,0x302F,0x3A,0x84,0x07,0x07,0xC6,0x40000,0x04302F,2,0x02238,1,1,
9.515057,419614,0x011A48,0x001A,0x1A,3,vol_l,0x10,1,1,0x00,0x2F,0x30,0x302F00,0x2F,0x30,0x302F,0x3A,0x84,0x10,0x07,0xC6,0x40000,0x04302F,2,0x02238,1,1,
9.515057,419614,0x011A4C,0x001B,0x1B,3,vol_r,0x10,2,2,0x00,0x2F,0x30,0x302F00,0x2F,0x30,0x302F,0x3A,0x84,0x10,0x10,0xC6,0x40000,0x04302F,2,0x02238,1,1,
9.515079,419615,0x011A51,0x001C,0x1C,3,loop_mid,0x02,0,0,0x00,0x2F,0x30,0x302F00,0x02,0x30,0x3002,0x3A,0x84,0x10,0x10,0xC6,0x40000,0x04302F,2,0x02238,1,1,
9.515079,419615,0x011A55,0x009C,0x9C,3,cur_mid,0x02,1,1,0x00,0x02,0x30,0x300200,0x02,0x30,0x3002,0x3A,0x84,0x10,0x10,0xC6,0x40000,0x043002,,,1,1,current_low_write
9.515079,419615,0x011A59,0x001D,0x1D,3,loop_high,0x60,2,2,0x00,0x02,0x30,0x300200,0x02,0x60,0x6002,0x3A,0x84,0x10,0x10,0xC6,0x40000,0x043002,,,1,1,
9.515102,419616,0x011A5E,0x009D,0x9D,3,cur_high,0x60,0,0,0x00,0x02,0x60,0x600200,0x02,0x60,0x6002,0x3A,0x84,0x10,0x10,0xC6,0x40000,0x046002,3,0x05125,1,1,current_pair_complete
9.515102,419616,0x011A62,0x001E,0x1E,3,end,0x7F,1,1,0x00,0x02,0x60,0x600200,0x02,0x60,0x6002,0x7F,0x84,0x10,0x10,0xC6,0x40000,0x046002,3,0x05125,1,1,
9.515125,419617,0x011A67,0x009E,0x9E,3,ctrl,0xD2,0,0,0x00,0x02,0x60,0x600200,0x02,0x60,0x6002,0x7F,0x84,0x10,0x10,0xD2,0x50000,0x056002,9,0x0C9D8,1,1,retrigger_commit
9.611723,423877,0x011AAC,0x0008,0x08,1,cur_low,0x84,0,0,0x84,0x2F,0x30,0x302F84,0x2F,0x30,0x302F,0x3A,0x84,0x07,0x07,0xC6,0x40000,0x04302F,2,0x02238,1,1,
9.611723,423877,0x011AB0,0x000A,0x0A,1,vol_l,0x10,1,1,0x84,0x2F,0x30,0x302F84,0x2F,0x30,0x302F,0x3A,0x84,0x10,0x07,0xC6,0x40000,0x04302F,2,0x02238,1,1,
9.611723,423877,0x011AB4,0x000B,0x0B,1,vol_r,0x10,2,2,0x84,0x2F,0x30,0x302F84,0x2F,0x30,0x302F,0x3A,0x84,0x10,0x10,0xC6,0x40000,0x04302F,2,0x02238,1,1,
9.611746,423878,0x011AB9,0x000C,0x0C,1,loop_mid,0x2F,0,0,0x84,0x2F,0x30,0x302F84,0x2F,0x30,0x302F,0x3A,0x84,0x10,0x10,0xC6,0x40000,0x04302F,2,0x02238,1,1,
9.611746,423878,0x011ABD,0x008C,0x8C,1,cur_mid,0x2F,1,1,0x84,0x2F,0x30,0x302F84,0x2F,0x30,0x302F,0x3A,0x84,0x10,0x10,0xC6,0x40000,0x04302F,2,0x02238,1,1,current_low_write
9.611746,423878,0x011AC1,0x000D,0x0D,1,loop_high,0x30,2,2,0x84,0x2F,0x30,0x302F84,0x2F,0x30,0x302F,0x3A,0x84,0x10,0x10,0xC6,0x40000,0x04302F,2,0x02238,1,1,
9.611769,423879,0x011AC6,0x008D,0x8D,1,cur_high,0x30,0,0,0x84,0x2F,0x30,0x302F84,0x2F,0x30,0x302F,0x3A,0x84,0x10,0x10,0xC6,0x40000,0x04302F,2,0x02238,1,1,current_pair_complete
9.611791,423880,0x011ACB,0x008E,0x8E,1,ctrl,0xC6,0,0,0x84,0x2F,0x30,0x302F84,0x2F,0x30,0x302F,0x3A,0x84,0x10,0x10,0xC6,0x40000,0x04302F,2,0x02238,1,1,retrigger_commit
9.612132,423895,0x011AD0,0x003A,0x3A,7,vol_l,0x3F,0,0,0x00,0x02,0x60,0x600200,0x02,0x60,0x6002,0x7F,0x84,0x3F,0x10,0xD2,0x50000,0x056002,9,0x0C9D8,1,1,
9.612154,423896,0x011AD5,0x003B,0x3B,7,vol_r,0x3F,0,0,0x00,0x02,0x60,0x600200,0x02,0x60,0x6002,0x7F,0x84,0x3F,0x3F,0xD2,0x50000,0x056002,9,0x0C9D8,1,1,
9.612154,423896,0x011AD9,0x003C,0x3C,7,loop_mid,0x1D,1,1,0x00,0x02,0x60,0x600200,0x1D,0x60,0x601D,0x7F,0x84,0x3F,0x3F,0xD2,0x50000,0x056002,9,0x0C9D8,1,1,
9.612154,423896,0x011ADD,0x00BC,0xBC,7,cur_mid,0x1D,2,2,0x00,0x1D,0x60,0x601D00,0x1D,0x60,0x601D,0x7F,0x84,0x3F,0x3F,0xD2,0x50000,0x05601D,9,0x0C9F3,1,1,current_low_write
9.612177,423897,0x011AE2,0x003D,0x3D,7,loop_high,0x0C,0,0,0x00,0x1D,0x60,0x601D00,0x1D,0x0C,0x0C1D,0x7F,0x84,0x3F,0x3F,0xD2,0x50000,0x05601D,9,0x0C9F3,1,1,
9.612177,423897,0x011AE6,0x00BD,0xBD,7,cur_high,0x0C,1,1,0x00,0x1D,0x0C,0x0C1D00,0x1D,0x0C,0x0C1D,0x7F,0x84,0x3F,0x3F,0xD2,0x50000,0x050C1D,5,0x07BFF,1,1,current_pair_complete
9.612177,423897,0x011AEA,0x003E,0x3E,7,end,0x1B,2,2,0x00,0x1D,0x0C,0x0C1D00,0x1D,0x0C,0x0C1D,0x1B,0x84,0x3F,0x3F,0xD2,0x50000,0x050C1D,5,0x07BFF,1,1,
9.612200,423898,0x011AEF,0x003F,0x3F,7,delta,0x78,0,0,0x00,0x1D,0x0C,0x0C1D00,0x1D,0x0C,0x0C1D,0x1B,0x78,0x3F,0x3F,0xD2,0x50000,0x050C1D,5,0x07BFF,1,1,
9.612200,423898,0x011AF3,0x00BE,0xBE,7,ctrl,0xC2,1,1,0x00,0x1D,0x0C,0x0C1D00,0x1D,0x0C,0x0C1D,0x1B,0x78,0x3F,0x3F,0xC2,0x40000,0x040C1D,0,0x00000,1,1,retrigger_commit
9.626735,424539,0x011AFA,0x004A,0x4A,9,vol_l,0x20,0,0,0x00,0x1D,0x0C,0x0C1D00,0x1D,0x0C,0x0C1D,0x1B,0x78,0x20,0x3F,0xC2,0x40000,0x040C1D,0,0x00000,1,1,
9.626735,424539,0x011AFE,0x004B,0x4B,9,vol_r,0x20,1,1,0x00,0x1D,0x0C,0x0C1D00,0x1D,0x0C,0x0C1D,0x1B,0x78,0x20,0x20,0xC2,0x40000,0x040C1D,0,0x00000,1,1,
9.626735,424539,0x011B02,0x004C,0x4C,9,loop_mid,0x7C,2,2,0x00,0x1D,0x0C,0x0C1D00,0x7C,0x0C,0x0C7C,0x1B,0x78,0x20,0x20,0xC2,0x40000,0x040C1D,0,0x00000,1,1,
9.626757,424540,0x011B07,0x00CC,0xCC,9,cur_mid,0x7C,0,0,0x00,0x7C,0x0C,0x0C7C00,0x7C,0x0C,0x0C7C,0x1B,0x78,0x20,0x20,0xC2,0x40000,0x040C7C,0,0x0005F,1,1,current_low_write
9.626757,424540,0x011B0B,0x004D,0x4D,9,loop_high,0x43,1,1,0x00,0x7C,0x0C,0x0C7C00,0x7C,0x43,0x437C,0x1B,0x78,0x20,0x20,0xC2,0x40000,0x040C7C,0,0x0005F,1,1,
9.626757,424540,0x011B0F,0x00CD,0xCD,9,cur_high,0x43,2,2,0x00,0x7C,0x43,0x437C00,0x7C,0x43,0x437C,0x1B,0x78,0x20,0x20,0xC2,0x40000,0x04437C,3,0x0349F,1,1,current_pair_complete
9.626780,424541,0x011B14,0x004E,0x4E,9,end,0x48,0,0,0x00,0x7C,0x43,0x437C00,0x7C,0x43,0x437C,0x48,0x78,0x20,0x20,0xC2,0x40000,0x04437C,3,0x0349F,1,1,
9.626780,424541,0x011B18,0x004F,0x4F,9,delta,0x84,1,1,0x00,0x7C,0x43,0x437C00,0x7C,0x43,0x437C,0x48,0x84,0x20,0x20,0xC2,0x40000,0x04437C,3,0x0349F,1,1,
9.626780,424541,0x011B1C,0x00CE,0xCE,9,ctrl,0xD2,2,2,0x00,0x7C,0x43,0x437C00,0x7C,0x43,0x437C,0x48,0x84,0x20,0x20,0xD2,0x50000,0x05437C,7,0x0B222,1,1,retrigger_commit
9.706508,428057,0x011B23,0x000A,0x0A,1,vol_l,0x07,0,0,0x84,0x2F,0x30,0x302F84,0x2F,0x30,0x302F,0x3A,0x84,0x07,0x10,0xC6,0x40000,0x04302F,2,0x02238,1,1,
9.706508,428057,0x011B27,0x000B,0x0B,1,vol_r,0x07,1,1,0x84,0x2F,0x30,0x302F84,0x2F,0x30,0x302F,0x3A,0x84,0x07,0x07,0xC6,0x40000,0x04302F,2,0x02238,1,1,
9.706508,428057,0x011B2B,0x000C,0x0C,1,loop_mid,0x2F,2,2,0x84,0x2F,0x30,0x302F84,0x2F,0x30,0x302F,0x3A,0x84,0x07,0x07,0xC6,0x40000,0x04302F,2,0x02238,1,1,
9.706531,428058,0x011B30,0x008C,0x8C,1,cur_mid,0x2F,0,0,0x84,0x2F,0x30,0x302F84,0x2F,0x30,0x302F,0x3A,0x84,0x07,0x07,0xC6,0x40000,0x04302F,2,0x02238,1,1,current_low_write
9.706531,428058,0x011B34,0x000D,0x0D,1,loop_high,0x30,1,1,0x84,0x2F,0x30,0x302F84,0x2F,0x30,0x302F,0x3A,0x84,0x07,0x07,0xC6,0x40000,0x04302F,2,0x02238,1,1,
9.706531,428058,0x011B38,0x008D,0x8D,1,cur_high,0x30,2,2,0x84,0x2F,0x30,0x302F84,0x2F,0x30,0x302F,0x3A,0x84,0x07,0x07,0xC6,0x40000,0x04302F,2,0x02238,1,1,current_pair_complete
9.706553,428059,0x011B3D,0x008E,0x8E,1,ctrl,0xC6,0,0,0x84,0x2F,0x30,0x302F84,0x2F,0x30,0x302F,0x3A,0x84,0x07,0x07,0xC6,0x40000,0x04302F,2,0x02238,1,1,retrigger_commit
9.707120,428084,0x011B43,0x002C,0x2C,5,loop_mid,0x02,0,0,0x00,0x02,0x60,0x600200,0x02,0x60,0x6002,0x7F,0x84,0x10,0x10,0xD2,0x50000,0x056002,9,0x0C9D8,1,1,
9.707143,428085,0x011B48,0x00AC,0xAC,5,cur_mid,0x02,0,0,0x00,0x02,0x60,0x600200,0x02,0x60,0x6002,0x7F,0x84,0x10,0x10,0xD2,0x50000,0x056002,9,0x0C9D8,1,1,current_low_write
9.707143,428085,0x011B4C,0x002D,0x2D,5,loop_high,0x60,1,1,0x00,0x02,0x60,0x600200,0x02,0x60,0x6002,0x7F,0x84,0x10,0x10,0xD2,0x50000,0x056002,9,0x0C9D8,1,1,
9.707143,428085,0x011B50,0x00AD,0xAD,5,cur_high,0x60,2,2,0x00,0x02,0x60,0x600200,0x02,0x60,0x6002,0x7F,0x84,0x10,0x10,0xD2,0x50000,0x056002,9,0x0C9D8,1,1,current_pair_complete
9.707166,428086,0x011B55,0x00AE,0xAE,5,ctrl,0xD2,0,0,0x00,0x02,0x60,0x600200,0x02,0x60,0x6002,0x7F,0x84,0x10,0x10,0xD2,0x50000,0x056002,9,0x0C9D8,1,1,retrigger_commit
9.803197,432321,0x011B8C,0x004A,0x4A,9,vol_l,0x38,0,0,0x00,0x7C,0x43,0x437C00,0x7C,0x43,0x437C,0x48,0x84,0x38,0x20,0xD2,0x50000,0x05437C,7,0x0B222,1,1,
9.803220,432322,0x011B91,0x004B,0x4B,9,vol_r,0x38,0,0,0x00,0x7C,0x43,0x437C00,0x7C,0x43,0x437C,0x48,0x84,0x38,0x38,0xD2,0x50000,0x05437C,7,0x0B222,1,1,
9.803220,432322,0x011B95,0x004C,0x4C,9,loop_mid,0xAB,1,1,0x00,0x7C,0x43,0x437C00,0xAB,0x43,0x43AB,0x48,0x84,0x38,0x38,0xD2,0x50000,0x05437C,7,0x0B222,1,1,
9.803220,432322,0x011B99,0x00CC,0xCC,9,cur_mid,0xAB,2,2,0x00,0xAB,0x43,0x43AB00,0xAB,0x43,0x43AB,0x48,0x84,0x38,0x38,0xD2,0x50000,0x0543AB,7,0x0B251,1,1,current_low_write
9.803243,432323,0x011B9E,0x004D,0x4D,9,loop_high,0x29,0,0,0x00,0xAB,0x43,0x43AB00,0xAB,0x29,0x29AB,0x48,0x84,0x38,0x38,0xD2,0x50000,0x0543AB,7,0x0B251,1,1,
9.803243,432323,0x011BA2,0x00CD,0xCD,9,cur_high,0x29,1,1,0x00,0xAB,0x29,0x29AB00,0xAB,0x29,0x29AB,0x48,0x84,0x38,0x38,0xD2,0x50000,0x0529AB,6,0x098CD,1,1,current_pair_complete
9.803243,432323,0x011BA6,0x004E,0x4E,9,end,0x2E,2,2,0x00,0xAB,0x29,0x29AB00,0xAB,0x29,0x29AB,0x2E,0x84,0x38,0x38,0xD2,0x50000,0x0529AB,6,0x098CD,1,1,
9.803265,432324,0x011BAB,0x00CE,0xCE,9,ctrl,0xC2,0,0,0x00,0xAB,0x29,0x29AB00,0xAB,0x29,0x29AB,0x2E,0x84,0x38,0x38,0xC2,0x40000,0x0429AB,1,0x01CE3,1,1,retrigger_commit
9.898526,436525,0x011BB2,0x0008,0x08,1,cur_low,0x80,0,0,0x80,0x2F,0x30,0x302F80,0x2F,0x30,0x302F,0x3A,0x84,0x07,0x07,0xC6,0x40000,0x04302F,2,0x02238,1,1,
9.898549,436526,0x011BB7,0x000C,0x0C,1,loop_mid,0x2F,0,0,0x80,0x2F,0x30,0x302F80,0x2F,0x30,0x302F,0x3A,0x84,0x07,0x07,0xC6,0x40000,0x04302F,2,0x02238,1,1,
9.898571,436527,0x011BBC,0x008C,0x8C,1,cur_mid,0x2F,0,0,0x80,0x2F,0x30,0x302F80,0x2F,0x30,0x302F,0x3A,0x84,0x07,0x07,0xC6,0x40000,0x04302F,2,0x02238,1,1,current_low_write
9.898571,436527,0x011BC0,0x000D,0x0D,1,loop_high,0x30,1,1,0x80,0x2F,0x30,0x302F80,0x2F,0x30,0x302F,0x3A,0x84,0x07,0x07,0xC6,0x40000,0x04302F,2,0x02238,1,1,
9.898571,436527,0x011BC4,0x008D,0x8D,1,cur_high,0x30,2,2,0x80,0x2F,0x30,0x302F80,0x2F,0x30,0x302F,0x3A,0x84,0x07,0x07,0xC6,0x40000,0x04302F,2,0x02238,1,1,current_pair_complete
9.898594,436528,0x011BC9,0x008E,0x8E,1,ctrl,0xC6,0,0,0x80,0x2F,0x30,0x302F80,0x2F,0x30,0x302F,0x3A,0x84,0x07,0x07,0xC6,0x40000,0x04302F,2,0x02238,1,1,retrigger_commit
9.899093,436550,0x011BCF,0x003A,0x3A,7,vol_l,0x10,0,0,0x00,0x1D,0x0C,0x0C1D00,0x1D,0x0C,0x0C1D,0x1B,0x78,0x10,0x3F,0xC2,0x40000,0x040C1D,0,0x00000,1,1,
9.899093,436550,0x011BD3,0x003B,0x3B,7,vol_r,0x10,1,1,0x00,0x1D,0x0C,0x0C1D00,0x1D,0x0C,0x0C1D,0x1B,0x78,0x10,0x10,0xC2,0x40000,0x040C1D,0,0x00000,1,1,
9.899116,436551,0x011BD8,0x003C,0x3C,7,loop_mid,0x02,0,0,0x00,0x1D,0x0C,0x0C1D00,0x02,0x0C,0x0C02,0x1B,0x78,0x10,0x10,0xC2,0x40000,0x040C1D,0,0x00000,1,1,
9.899116,436551,0x011BDC,0x00BC,0xBC,7,cur_mid,0x02,1,1,0x00,0x02,0x0C,0x0C0200,0x02,0x0C,0x0C02,0x1B,0x78,0x10,0x10,0xC2,0x40000,0x040C02,,,1,1,current_low_write
9.899116,436551,0x011BE0,0x003D,0x3D,7,loop_high,0x60,2,2,0x00,0x02,0x0C,0x0C0200,0x02,0x60,0x6002,0x1B,0x78,0x10,0x10,0xC2,0x40000,0x040C02,,,1,1,
9.899138,436552,0x011BE5,0x00BD,0xBD,7,cur_high,0x60,0,0,0x00,0x02,0x60,0x600200,0x02,0x60,0x6002,0x1B,0x78,0x10,0x10,0xC2,0x40000,0x046002,3,0x05125,1,1,current_pair_complete
9.899138,436552,0x011BE9,0x003E,0x3E,7,end,0x7F,1,1,0x00,0x02,0x60,0x600200,0x02,0x60,0x6002,0x7F,0x78,0x10,0x10,0xC2,0x40000,0x046002,3,0x05125,1,1,
9.899138,436552,0x011BED,0x003F,0x3F,7,delta,0x84,2,2,0x00,0x02,0x60,0x600200,0x02,0x60,0x6002,0x7F,0x84,0x10,0x10,0xC2,0x40000,0x046002,3,0x05125,1,1,
9.899161,436553,0x011BF2,0x00BE,0xBE,7,ctrl,0xD2,0,0,0x00,0x02,0x60,0x600200,0x02,0x60,0x6002,0x7F,0x84,0x10,0x10,0xD2,0x50000,0x056002,9,0x0C9D8,1,1,retrigger_commit
9.995714,440811,0x011C37,0x0008,0x08,1,cur_low,0x84,0,0,0x84,0x2F,0x30,0x302F84,0x2F,0x30,0x302F,0x3A,0x84,0x07,0x07,0xC6,0x40000,0x04302F,2,0x02238,1,1,
9.995714,440811,0x011C3B,0x000A,0x0A,1,vol_l,0x10,1,1,0x84,0x2F,0x30,0x302F84,0x2F,0x30,0x302F,0x3A,0x84,0x10,0x07,0xC6,0x40000,0x04302F,2,0x02238,1,1,
9.995714,440811,0x011C3F,0x000B,0x0B,1,vol_r,0x10,2,2,0x84,0x2F,0x30,0x302F84,0x2F,0x30,0x302F,0x3A,0x84,0x10,0x10,0xC6,0x40000,0x04302F,2,0x02238,1,1,
9.995737,440812,0x011C44,0x000C,0x0C,1,loop_mid,0x2F,0,0,0x84,0x2F,0x30,0x302F84,0x2F,0x30,0x302F,0x3A,0x84,0x10,0x10,0xC6,0x40000,0x04302F,2,0x02238,1,1,
9.995737,440812,0x011C48,0x008C,0x8C,1,cur_mid,0x2F,1,1,0x84,0x2F,0x30,0x302F84,0x2F,0x30,0x302F,0x3A,0x84,0x10,0x10,0xC6,0x40000,0x04302F,2,0x02238,1,1,current_low_write
9.995737,440812,0x011C4C,0x000D,0x0D,1,loop_high,0x30,2,2,0x84,0x2F,0x30,0x302F84,0x2F,0x30,0x302F,0x3A,0x84,0x10,0x10,0xC6,0x40000,0x04302F,2,0x02238,1,1,
9.995760,440813,0x011C51,0x008D,0x8D,1,cur_high,0x30,0,0,0x84,0x2F,0x30,0x302F84,0x2F,0x30,0x302F,0x3A,0x84,0x10,0x10,0xC6,0x40000,0x04302F,2,0x02238,1,1,current_pair_complete
9.995782,440814,0x011C56,0x008E,0x8E,1,ctrl,0xC6,0,0,0x84,0x2F,0x30,0x302F84,0x2F,0x30,0x302F,0x3A,0x84,0x10,0x10,0xC6,0x40000,0x04302F,2,0x02238,1,1,retrigger_commit
9.996145,440830,0x011C5B,0x004A,0x4A,9,vol_l,0x3F,0,0,0x00,0xAB,0x29,0x29AB00,0xAB,0x29,0x29AB,0x2E,0x84,0x3F,0x38,0xC2,0x40000,0x0429AB,1,0x01CE3,1,1,
9.996145,440830,0x011C5F,0x004B,0x4B,9,vol_r,0x3F,1,1,0x00,0xAB,0x29,0x29AB00,0xAB,0x29,0x29AB,0x2E,0x84,0x3F,0x3F,0xC2,0x40000,0x0429AB,1,0x01CE3,1,1,
9.996168,440831,0x011C64,0x004C,0x4C,9,loop_mid,0x1D,0,0,0x00,0xAB,0x29,0x29AB00,0x1D,0x29,0x291D,0x2E,0x84,0x3F,0x3F,0xC2,0x40000,0x0429AB,1,0x01CE3,1,1,
9.996168,440831,0x011C68,0x00CC,0xCC,9,cur_mid,0x1D,1,1,0x00,0x1D,0x29,0x291D00,0x1D,0x29,0x291D,0x2E,0x84,0x3F,0x3F,0xC2,0x40000,0x04291D,,,1,1,current_low_write
9.996168,440831,0x011C6C,0x004D,0x4D,9,loop_high,0x0C,2,2,0x00,0x1D,0x29,0x291D00,0x1D,0x0C,0x0C1D,0x2E,0x84,0x3F,0x3F,0xC2,0x40000,0x04291D,,,1,1,
9.996190,440832,0x011C71,0x00CD,0xCD,9,cur_high,0x0C,0,0,0x00,0x1D,0x0C,0x0C1D00,0x1D,0x0C,0x0C1D,0x2E,0x84,0x3F,0x3F,0xC2,0x40000,0x040C1D,0,0x00000,1,1,current_pair_complete
9.996190,440832,0x011C75,0x004E,0x4E,9,end,0x1B,1,1,0x00,0x1D,0x0C,0x0C1D00,0x1D,0x0C,0x0C1D,0x1B,0x84,0x3F,0x3F,0xC2,0x40000,0x040C1D,0,0x00000,1,1,
9.996190,440832,0x011C79,0x004F,0x4F,9,delta,0x78,2,2,0x00,0x1D,0x0C,0x0C1D00,0x1D,0x0C,0x0C1D,0x1B,0x78,0x3F,0x3F,0xC2,0x40000,0x040C1D,0,0x00000,1,1,
9.996213,440833,0x011C7E,0x00CE,0xCE,9,ctrl,0xC2,0,0,0x00,0x1D,0x0C,0x0C1D00,0x1D,0x0C,0x0C1D,0x1B,0x78,0x3F,0x3F,0xC2,0x40000,0x040C1D,0,0x00000,1,1,retrigger_commit
